dt,ema_stack,rsi_momentum,macd_hist,market_structure,bb_squeeze,session_filter,mtf_daily_trend,candle_momentum,rsi14,log_atr14,adx14,bb_bandwidth,macd_hist_raw,ret1,ret3,rv20,hour_sin,hour_cos,dow_sin,dow_cos
2026-04-02 00:00:00,,,,,,,-0.53333333333333333,,,,,,0,,,,0,1,0.43388373911755823,-0.90096886790241903
2026-04-02 04:00:00,,,,,,,-0.53333333333333333,,,,,,-27.639430199432535,-0.018173888003859773,,,0.8660254037844386,0.50000000000000011,0.43388373911755823,-0.90096886790241903
2026-04-02 08:00:00,,,,,,,-0.53333333333333333,,,,,,-41.498568615514671,0.0012949477694341738,,,0.86602540378443871,-0.49999999999999978,0.43388373911755823,-0.90096886790241903
2026-04-02 12:00:00,,,,,,-0.29999999999999999,-0.53333333333333333,,,,,,-54.808330410275488,-0.0046203947213712127,-0.021499334955796812,,1.2246467991473532e-16,-1,0.43388373911755823,-0.90096886790241903
2026-04-02 16:00:00,,,,,,0.29999999999999999,-0.53333333333333333,,,,,,-34.710430843088282,0.016693246619068347,0.013367799667131308,,-0.86602540378443837,-0.50000000000000044,0.43388373911755823,-0.90096886790241903
2026-04-02 20:00:00,,,,,,0.14999999999999999,-0.53333333333333333,,,,,,-13.997225030132007,0.0038783499339984928,0.015951201831695627,,-0.8660254037844386,0.50000000000000011,0.43388373911755823,-0.90096886790241903
2026-04-03 00:00:00,,,,,,0.10000000000000001,-0.53333333333333333,,,,,,0.9806023416171854,0.00056589800366779741,0.021137494556734637,,0,1,-0.43388373911755801,-0.90096886790241915
2026-04-03 04:00:00,,,,,,0.10000000000000001,-0.53333333333333333,,,,,,6.987718139068221,-0.0024281308459439543,0.0020161170917223359,,0.8660254037844386,0.50000000000000011,-0.43388373911755801,-0.90096886790241915
2026-04-03 08:00:00,,,,,,-0.29999999999999999,-0.53333333333333333,,,,,,9.6387152711881043,-0.0007341807332039707,-0.0025964135754801276,,0.86602540378443871,-0.49999999999999978,-0.43388373911755801,-0.90096886790241915
2026-04-03 12:00:00,,,,,,-0.29999999999999999,-0.53333333333333333,,,,,,9.0998678853018049,-0.001340435194826739,-0.0045027467739746641,,1.2246467991473532e-16,-1,-0.43388373911755801,-0.90096886790241915
2026-04-03 16:00:00,,,,0,,-0.29999999999999999,-0.53333333333333333,,,,,,9.4537529883867961,0.00054724821160334614,-0.0015273677164273636,,-0.86602540378443837,-0.50000000000000044,-0.43388373911755801,-0.90096886790241915
2026-04-06 00:00:00,,,,0,,0.10000000000000001,-0.53333333333333333,,,,,,15.049594385742523,0.0036309785786627913,0.0028377915954393984,,0,1,0,1
2026-04-06 04:00:00,,,,0,,0.10000000000000001,-0.53333333333333333,,,,,,20.840043268908857,0.0018209413225829252,0.0059991681128490626,,0.8660254037844386,0.50000000000000011,0,1
2026-04-06 08:00:00,,,,0.5,,0.29999999999999999,-0.53333333333333333,,,,,,31.066496006239504,0.004843828422131935,0.010295748323377651,,0.86602540378443871,-0.49999999999999978,0,1
2026-04-06 12:00:00,,,0.97732940048074712,0.5,,0.29999999999999999,-0.53333333333333333,0.5931034699800084,16.213559373278031,4.9639819825213332,,,31.985657919478399,-0.0026075310294313425,0.0040572387152835176,,1.2246467991473532e-16,-1,0,1
2026-04-06 16:00:00,,,0.97077135598815756,0.5,,0.29999999999999999,-0.53333333333333333,0.35772160684865612,16.252962109499748,4.9937388452444669,,,31.053580269074882,5.3874956238431082e-05,0.0022901723489390235,,-0.86602540378443837,-0.50000000000000044,0,1
2026-04-06 20:00:00,,,0.97025149290763646,0.5,,-0.14999999999999999,-0.53333333333333333,-0.16300733295907743,17.449310354273862,5.0036724028328736,,,31.23031931539532,0.0015404240039433859,-0.0010132320692495256,,-0.8660254037844386,0.50000000000000011,0,1
2026-04-07 00:00:00,,,0.95267637345736822,1,,-0.10000000000000001,0,-0.0082315995009487729,17.167454974297883,4.9820739028433838,,,27.11401967047609,-0.0016440322653430428,-4.9733305161225871e-05,,0,1,0.7818314824680298,0.62348980185873359
2026-04-07 04:00:00,,,0.86848306563686806,1,,-0.10000000000000001,0,-0.37689339478092332,16.759164365838075,4.9874120567161793,,,19.446210582987732,-0.0023070262469904179,-0.0024106345083900749,,0.8660254037844386,0.50000000000000011,0.7818314824680298,0.62348980185873359
2026-04-07 08:00:00,,,0.88349577080896102,1,,0.29999999999999999,0,0.12172655131888381,20.895089511887889,5.0024286044265089,,0.03043856835992325,20.701588507971405,0.004703843230782212,0.00075278471844875128,,0.86602540378443871,-0.49999999999999978,0.7818314824680298,0.62348980185873359
2026-04-07 12:00:00,,,0.59830951801042187,1,,-0.29999999999999999,0,-0.49962499260500981,19.558986931968676,5.0659179156666996,,0.030421134063114148,10.946370758078828,-0.006009087671351665,-0.0036122706875598709,0.0063712608645668809,1.2246467991473532e-16,-1,0.7818314824680298,0.62348980185873359
2026-04-07 16:00:00,,,0.18106330934810283,1,,-0.29999999999999999,0,-0.25427096718776321,19.434301826683097,5.1516124618369927,,0.026842800099611052,3.1620016164952958,-0.00056169608726541753,-0.0018669405278348705,0.0047367260695163243,-0.86602540378443837,-0.50000000000000044,0.7818314824680298,0.62348980185873359
2026-04-07 20:00:00,,,0.51050582020487589,1,,0.14999999999999999,0,0.21068228374302503,26.81786319063626,5.2311952438833451,,0.024033245425779431,10.536747816058838,0.0082232669901447508,0.0016524832315276683,0.0050149222881777748,-0.8660254037844386,0.50000000000000011,0.7818314824680298,0.62348980185873359
2026-04-08 00:00:00,,,0.98832556613258393,0.5,,0.10000000000000001,0,0.99909262475163241,45.391104517318112,5.4191150913729951,,0.033820763933193339,57.973034319686164,0.027830849250873868,0.035492420153753201,0.0076078254518815482,0,1,0.97492791218182362,-0.22252093395631434
2026-04-08 04:00:00,,,0.99933708240612795,0.5,,0.10000000000000001,0,0.99960106142229566,46.326611899790919,5.3813220363209204,,0.044814374905618147,87.050610759988217,0.0017487921349186308,0.03780290837593725,0.0068735347027074371,0.8660254037844386,0.50000000000000011,0.97492791218182362,-0.22252093395631434
2026-04-08 08:00:00,,,0.99992009038942276,0.5,,0.29999999999999999,0,0.99919760667771262,48.301960920243694,5.3427517637028075,,0.054555792501607206,105.87888774432476,0.0036122278856343115,0.03319186927142681,0.0068701428078257604,0.86602540378443871,-0.49999999999999978,0.97492791218182362,-0.22252093395631434
2026-04-08 12:00:00,,,0.99996798695789169,0.5,,0.29999999999999999,0,0.5760229389554673,48.265946907334943,5.3051633847946391,,0.061647331632216654,111.18354852632828,-6.7883918525524223e-05,0.0052931361020274181,0.0068789236843496615,1.2246467991473532e-16,-1,0.97492791218182362,-0.22252093395631434
2026-04-08 16:00:00,,,0.99989289649398294,0.5,,0.29999999999999999,0,0.081906242375997196,46.691322767417525,5.3448467168236524,,0.065573279737347612,103.03228861966568,-0.0028552938274746253,0.00068905013963416195,0.0068941822106751626,-0.86602540378443837,-0.50000000000000044,0.97492791218182362,-0.22252093395631434
2026-04-08 20:00:00,,0.10996886863936765,0.99938505554679202,0.5,,-0.14999999999999999,0,-0.67790655836010827,44.501556568031617,5.3459623002632766,19.306008855612284,0.067039213201587802,84.814404211239321,-0.0040127659631910007,-0.0069359437091911502,0.0070013008552018792,-0.8660254037844386,0.50000000000000011,0.97492791218182362,-0.22252093395631434
2026-04-09 00:00:00,,0.12233627429103108,0.99724401110421323,1,,-0.10000000000000001,0,-0.76144736675982283,43.883186285448446,5.2951607147203292,19.543596327505302,0.067106538706891455,65.64991057020913,-0.0011224406818008958,-0.0079905004724665218,0.0069962280405640931,0,1,0.43388373911755823,-0.90096886790241903
2026-04-09 04:00:00,,0.12089339685834616,0.98816262139015643,1,,-0.10000000000000001,0,-0.5786630923483479,43.955330157082692,5.2471389698506608,19.631172372836648,0.06649503943116046,48.680780813417698,9.6603579237353188e-05,-0.0050386030657545433,0.0070014307519287314,0.8660254037844386,0.50000000000000011,0.43388373911755823,-0.90096886790241903
2026-04-09 08:00:00,,0.14139895692913781,0.93409275557869931,1,,-0.29999999999999999,0,-0.34854531440143727,42.930052153543109,5.2143858446329974,19.512285499256382,0.065672894548643723,31.07104540820842,-0.0016677211279052528,-0.0026935582304687955,0.0070305190659790901,0.86602540378443871,-0.49999999999999978,0.43388373911755823,-0.90096886790241903
2026-04-09 12:00:00,,0.10363150967891258,0.81215106340119303,1,,0.29999999999999999,0,0.097536556077765929,44.818424516054371,5.1808139671440774,19.431455630454256,0.065011710584406648,20.153472545671121,0.0022712821561867713,0.00070016460751887166,0.0070320491245944236,1.2246467991473532e-16,-1,0.43388373911755823,-0.90096886790241903
2026-04-09 16:00:00,,0.0011071545727046584,0.81036624420087744,1,,0.29999999999999999,0,0.75269250048676029,50.110715457270466,5.230022263781934,20.30866075403457,0.0660367886477847,21.072470401144358,0.0067311165205587997,0.0073346775488403182,0.0070902427572035274,-0.86602540378443837,-0.50000000000000044,0.43388373911755823,-0.90096886790241903
2026-04-09 20:00:00,,0.012795669862445251,0.82051337866781549,1,,0.14999999999999999,0,0.89496447451791961,51.279566986244525,5.2042658801902641,21.142746225550901,0.066113231242682535,21.088100795366188,0.0015570481518754065,0.010559446828620977,0.0070179308715312607,-0.8660254037844386,0.50000000000000011,0.43388373911755823,-0.90096886790241903
2026-04-10 00:00:00,,0.024545840245333822,0.82370612476974814,1,,0.10000000000000001,0,0.88557220131564207,52.454584024533382,5.1644648327258693,21.961494031761358,0.065646133454011227,20.437580416466091,0.0015227619940016979,0.0098109266664359041,0.0070052016031157118,0,1,-0.43388373911755801,-0.90096886790241915
2026-04-10 04:00:00,,0.023869086422880839,0.76697576343756724,1,,0.10000000000000001,0,0.42523862779693072,52.386908642288084,5.1109844973949983,22.842459140901305,0.06462946511917167,16.797961292700705,-7.5684697586453353e-05,0.003004125448290651,0.0070198387666254901,0.8660254037844386,0.50000000000000011,-0.43388373911755801,-0.90096886790241915
2026-04-10 08:00:00,,0.0017092085082705921,0.44793740920694525,1,,-0.29999999999999999,0,-0.14968463985080344,50.170920850827059,5.0738944185187993,23.174458890833105,0.061792737583423289,7.7040085477751461,-0.0024089669847668915,-0.00096188968835164701,0.0070422050552516298,0.86602540378443871,-0.49999999999999978,-0.43388373911755801,-0.90096886790241915
2026-04-10 12:00:00,,0.035090110642224136,0.33559708909176428,1,,0.29999999999999999,0,0.20296539013753884,53.509011064222413,5.0742093129461709,23.901061959303242,0.057633199396963694,5.5805746832342038,0.003794284435997497,0.0013096327536441521,0.0069840826901318501,1.2246467991473532e-16,-1,-0.43388373911755801,-0.90096886790241915
2026-04-10 16:00:00,,0.01961488199610855,-0.040999062273702452,1,,-0.29999999999999999,0,-0.028015150048550735,51.961488199610855,5.0788255335184553,24.705764714477723,0.053574326221246561,-0.65875411851132526,-0.0015645935348871376,-0.00017927608365653214,0.0070047986990513234,-0.86602540378443837,-0.50000000000000044,-0.43388373911755801,-0.90096886790241915
2026-04-10 20:00:00,,0.076764398494355957,-0.21249057779131864,1,,0.14999999999999999,0,0.59600286353973575,53.838219924717798,5.0502265701654734,25.452988701425458,0.045252704266087733,-3.3673884271939016,0.0020418445779899486,0.004271535479100308,0.0067561810607259434,-0.8660254037844386,0.50000000000000011,-0.43388373911755801,-0.90096886790241915
2026-04-13 00:00:00,,-0.053707348782499054,-0.86973257668440462,1,,-0.10000000000000001,0,-0.88205300310897328,44.629265121750095,5.1533129158435704,23.682340351206477,0.031617084744560674,-23.043756153267196,-0.010054352167768954,-0.0095771011246661431,0.0072777523293482095,0,1,0,1
2026-04-13 04:00:00,,-0.043793841547382327,-0.97132071129653141,1,,-0.10000000000000001,0,-0.79000680475893048,45.620615845261767,5.0980564075450054,22.199406788209501,0.017177022936311549,-34.625597328756726,0.00099956453004068635,-0.0070129430597383191,0.0071186651145881885,0.8660254037844386,0.50000000000000011,0,1
2026-04-13 08:00:00,,-0.03664642547340087,-0.98920104512571772,0.5,,-0.29999999999999999,0,-0.87037171873909536,46.335357452659913,5.0560840666366706,21.058180103427681,0.017036564276381057,-40.939284097919597,0.00068987925838648323,-0.0083649083793417844,0.003471217435406708,0.86602540378443871,-0.49999999999999978,0,1
2026-04-13 12:00:00,,-0.0072977007345953384,-0.98903020150691445,0.5,,0.29999999999999999,0,0.62191637986224846,49.270229926540466,5.0393476531312711,20.410504762371659,0.017010034924126428,-40.137992994655889,0.0028147434166605478,0.0045041872050877174,0.0035064874710651721,1.2246467991473532e-16,-1,0,1
2026-04-13 16:00:00,,0.078392223979050893,-0.89775818753148318,0.5,,0.29999999999999999,0,0.96561872792751502,57.83922239790509,5.0948016365169471,21.062804484478615,0.019283689860719017,-23.831910523780834,0.0096530685386841952,0.013157691213731226,0.0040427465596767553,-0.86602540378443837,-0.50000000000000044,0,1
2026-04-13 20:00:00,,0.12645618782570389,-0.18811977539345898,0.5,,0.14999999999999999,0,0.99440776577595302,62.645618782570388,5.1052652269902214,22.259959482672876,0.024307594412204297,-3.1392533753287353,0.0067721418128723343,0.019239953768217077,0.0042818091757882556,-0.8660254037844386,0.50000000000000011,0,1
2026-04-14 00:00:00,,0.12955707198083993,0.51795741568840192,0.5,,0.10000000000000001,0,0.9911474990265795,62.955707198083992,5.0580373599508972,23.509056130724325,0.028208100629444746,9.0207910672375533,0.00046007114219115408,0.016885281493747684,0.0041978674248663818,0,1,0.7818314824680298,0.62348980185873359
2026-04-14 04:00:00,,0.13026334941113099,0.7559386432380123,0.5,,0.10000000000000001,0,0.8501527302263161,63.026334941113099,4.9961788443840538,24.668931589629246,0.030602426096047502,14.587626832049551,9.8278359773829038e-05,0.0073304913148373174,0.0040410883019167338,0.8660254037844386,0.50000000000000011,0.7818314824680298,0.62348980185873359
2026-04-14 08:00:00,,0.30013033710172721,0.88106076115802734,0.5,,0.29999999999999999,0,0.51937327977827374,65.00651685508636,4.9725935130001666,26.005042232920417,0.032908658380201822,19.93438912494139,0.0027047573474696662,0.0032631068494346493,0.0040193484719627057,0.86602540378443871,-0.49999999999999978,0.7818314824680298,0.62348980185873359
2026-04-14 12:00:00,,0.30795109073918697,0.90725849391775182,0.5,,0.29999999999999999,0,0.53925300913004071,65.397554536959348,4.9471434890276331,27.431749000381682,0.034456271278602742,21.281994434044805,0.00052910365198854947,0.0033321393592320447,0.0040135689823873107,1.2246467991473532e-16,-1,0.7818314824680298,0.62348980185873359
2026-04-14 16:00:00,,0.42920288255000544,0.97898894319643215,0.5,,0.29999999999999999,0,0.97169437578998941,71.460144127500271,5.01824414448485,29.458193925132615,0.038374933572539856,34.350066781122848,0.0092938668049935558,0.012527727804451771,0.0043176537690050457,-0.86602540378443837,-0.50000000000000044,0.7818314824680298,0.62348980185873359
2026-04-14 20:00:00,,0.46204365972702305,0.99445115349722824,0.5,,0.14999999999999999,0,0.976393644466927,73.102182986351153,5.0010628858333455,31.50624769993675,0.042511016169485855,43.713552700127678,0.0029885538621350349,0.01281152431911714,0.0043239486134441993,-0.8660254037844386,0.50000000000000011,0.7818314824680298,0.62348980185873359
2026-04-15 00:00:00,,0.4745843492153824,0.99737271399086491,0.5,,0.10000000000000001,0,0.9845625086995452,73.729217460769121,4.9566933119355232,33.503087811875531,0.046952407384149214,47.139636917570414,0.0011488540768525013,0.013431274743981092,0.0041751531513598734,0,1,0.97492791218182362,-0.22252093395631434
2026-04-15 04:00:00,,0.46813121297722604,0.99710645026916001,0.5,,0.10000000000000001,0,0.63461457150563427,73.406560648861301,4.9099199508459321,35.375233597506714,0.050309213767334028,44.329994543906253,-0.00020105087814847877,0.0039363570608390575,0.004195632207192504,0.8660254037844386,0.50000000000000011,0.97492791218182362,-0.22252093395631434
2026-04-15 08:00:00,,0.47685534381305561,0.99470508293853188,0.5,,0.29999999999999999,0,0.31389871102694006,73.842767190652779,4.8832191738877464,36.846317487111691,0.053162991715775064,39.164265486472573,0.00071122933572098646,0.001659032534425009,0.0041999369463479163,0.86602540378443871,-0.49999999999999978,0.97492791218182362,-0.22252093395631434
2026-04-15 12:00:00,,0.41948373321857274,0.97643895788527724,0.5,,-0.29999999999999999,0,-0.2183430432431327,70.974186660928638,4.8693000077715842,37.852202538136233,0.054732957106095978,28.842351049661261,-0.0016280696666424177,-0.00111789120906991,0.004245076966487381,1.2246467991473532e-16,-1,0.97492791218182362,-0.22252093395631434
2026-04-15 16:00:00,,0.4969642053267867,0.96540265240611545,0.5,,0.29999999999999999,0,0.73324744448152301,74.848210266339336,4.9439288004475443,39.439979450982548,0.056793227899182931,28.342455306113607,0.0059810406233253843,0.0050642002924039531,0.0042590061282499151,-0.86602540378443837,-0.50000000000000044,0.97492791218182362,-0.22252093395631434
2026-04-15 20:00:00,,0.57951197440086843,0.98786813064621481,1,,0.14999999999999999,0,0.97584868721205742,78.975598720043422,4.9931334882156992,41.218495402282414,0.06125288674240318,37.578879306024078,0.0081115751496341204,0.012464546106317087,0.0044664714456239835,-0.8660254037844386,0.50000000000000011,0.97492791218182362,-0.22252093395631434
2026-04-16 00:00:00,,0.60718762769467327,0.99572369897318758,1,,0.10000000000000001,0.53333333333333333,0.99621815029799887,80.359381384733666,4.9692518320483359,43.025287237275293,0.065080134232159428,44.224012817381549,0.003215645118329391,0.017308260891288896,0.0043885360779141562,0,1,0.43388373911755823,-0.90096886790241903
2026-04-16 04:00:00,,0.60274576567743676,0.99645529121447873,1,,0.10000000000000001,0.53333333333333333,0.97303848830290951,80.13728828387184,4.9156698884616068,44.748417353535537,0.067808005827114409,43.199022185306148,-0.00012553614411281444,0.011201684123850697,0.0044223066061163819,0.8660254037844386,0.50000000000000011,0.43388373911755823,-0.90096886790241903
2026-04-16 08:00:00,,0.6048130481227636,0.99362406864723374,1,,0.29999999999999999,0.53333333333333333,0.57743409625254094,80.240652406138182,4.8823898077405419,46.395907884648175,0.066400756590721796,37.902559468689617,0.00022062879295248194,0.0033107377671690585,0.0034018668552169076,0.86602540378443871,-0.49999999999999978,0.43388373911755823,-0.90096886790241903
2026-04-16 12:00:00,,0.54725442015030867,0.97072263630605404,1,,-0.29999999999999999,0.53333333333333333,-0.27069215215744102,77.362721007515432,4.865054981653584,47.365359142563491,0.063169121061434602,27.292960022194563,-0.001465430385021449,-0.0013703377361817815,0.0035104718176865546,1.2246467991473532e-16,-1,0.43388373911755823,-0.90096886790241903
2026-04-16 16:00:00,,0.57775492509285664,0.90215725370769617,1,,0.29999999999999999,0.53333333333333333,0.2719829898382537,78.887746254642835,4.9477537553644941,48.534653615770296,0.059004980271930581,20.899007815652567,0.0027388002162940239,0.0014939986242250569,0.0034816140842419767,-0.86602540378443837,-0.50000000000000044,0.43388373911755823,-0.90096886790241903
2026-04-16 20:00:00,,0.56858761813959513,0.70621651181850886,1,,0.14999999999999999,0.53333333333333333,0.19294012855398698,78.429380906979759,4.9541942776495365,49.620427055176613,0.053815827162608756,12.46987585736747,-0.00022034799876458067,0.0010530218325079943,0.0035420224143616506,-0.8660254037844386,0.50000000000000011,0.43388373911755823,-0.90096886790241903
2026-04-17 00:00:00,,0.57850077977965442,0.35021793169449916,1,,0.10000000000000001,0.53333333333333333,0.57264008154955082,78.92503898898272,4.9059033361779303,50.628645248911056,0.051000232501779201,4.9399478362980176,0.00082795295272930503,0.0033464051702587483,0.0031370363905405935,0,1,-0.43388373911755801,-0.90096886790241915
2026-04-17 04:00:00,,0.53663776359282056,-0.34029339981971046,1,,-0.10000000000000001,0.53333333333333333,-0.062021640098995523,76.831888179641027,4.8584290923191764,51.569829383431831,0.049114391977507554,-4.5657534511348103,-0.00091154593096653969,-0.00030394097700181533,0.003003436811691261,0.8660254037844386,0.50000000000000011,-0.43388373911755801,-0.90096886790241915
2026-04-17 08:00:00,,0.56553933316311888,-0.65017340227689424,1,,0.29999999999999999,0.53333333333333333,0.40472407565450308,78.276966658155942,4.8290459203215494,52.517583278931326,0.046788097160002373,-9.7020889612155656,0.0021218576295982672,0.0020382646513610325,0.0029895870915079572,0.86602540378443871,-0.49999999999999978,-0.43388373911755801,-0.90096886790241915
2026-04-17 12:00:00,,0.65735602327603493,-0.085657504281820687,1,,0.29999999999999999,0.53333333333333333,0.95729012480930609,82.867801163801744,4.8924898176343543,53.98497661805883,0.045607560265108593,-1.1444908087008798,0.0084201325891708478,0.0096304442878025753,0.003302040701603024,1.2246467991473532e-16,-1,-0.43388373911755801,-0.90096886790241915
2026-04-17 16:00:00,,0.69410156895316044,0.55312848769407108,1,,0.29999999999999999,0.53333333333333333,0.99259611362692579,84.705078447658025,4.9541683469053135,55.602674873546583,0.045431509927446871,8.8302047580936005,0.0044157470179069236,0.014957737236676039,0.0033371537907091004,-0.86602540378443837,-0.50000000000000044,-0.43388373911755801,-0.90096886790241915
2026-04-17 20:00:00,,0.66598455238177257,0.63173576701683909,1,,0.14999999999999999,0.53333333333333333,0.97946445303835261,83.299227619088626,4.9531779573250923,57.104823253642358,0.043365436403815141,10.541090834591046,-0.00064407657750464864,0.012191803029573123,0.003380114489482236,-0.8660254037844386,0.50000000000000011,-0.43388373911755801,-0.90096886790241915
2026-04-20 00:00:00,,0.40802645971436791,-0.20613909933771105,1,,-0.10000000000000001,0.53333333333333333,-0.45913028637489917,70.401322985718394,5.0288569489436821,56.256335710363992,0.041617712938317925,-3.1947218477203023,-0.0066258137068668788,-0.0028541432664646038,0.0035061616982038409,0,1,0,1
2026-04-20 04:00:00,,0.41809835570192805,-0.72640988615512048,1,,-0.10000000000000001,0.53333333333333333,-0.83316073799000934,70.904917785096401,4.9849549931747825,55.593594919406542,0.040173350912792477,-13.465973265371929,0.00068980727711398515,-0.0065800830072575422,0.0034908540952579572,0.8660254037844386,0.50000000000000011,0,1
2026-04-20 08:00:00,,0.42996980459028805,-0.89610463366156967,1,,-0.29999999999999999,0.53333333333333333,-0.74253945613100547,71.498490229514402,4.9663155901133029,54.544819415023497,0.038503511145168749,-20.837032993784817,0.00078346589716105086,-0.0051525405325918427,0.0034928575418854036,0.86602540378443871,-0.49999999999999978,0,1
2026-04-20 12:00:00,,0.46094455583427363,-0.93552131560227736,1,,0.29999999999999999,0.53333333333333333,0.58357669865224171,73.047227791713681,4.9416239150625572,53.803367064095426,0.036340876816549218,-23.812140309003439,0.0020461673486025234,0.0035194405228775594,0.0034774358975917996,1.2246467991473532e-16,-1,0,1
2026-04-20 16:00:00,,0.35714586456875963,-0.97309662633665905,1,,0.29999999999999999,0.53333333333333333,0.02765471334811364,67.857293228437982,4.9986910623347995,52.005163762100345,0.032936662780072359,-31.830833898443188,-0.002675151484664795,0.0001544817610987792,0.0035948963723899442,-0.86602540378443837,-0.50000000000000044,0,1
2026-04-20 20:00:00,,0.41768147912378767,-0.97305415366139658,1,,0.14999999999999999,0.53333333333333333,0.49232459092483533,70.884073956189383,4.9985855070710645,50.335403553104911,0.028000539527462818,-31.815625354447377,0.0036328530742260057,0.003003868938163734,0.0035644997362698008,-0.8660254037844386,0.50000000000000011,0,1
2026-04-21 00:00:00,,0.44749448769389688,-0.96849259369547458,1,,0.10000000000000001,0.53333333333333333,0.49109991323180213,72.374724384694844,4.9633160055705421,48.955006361410696,0.025068600074783603,-29.577764011503177,0.0019276427605046109,0.0028853443500658216,0.0034097934861590669,0,1,0.7818314824680298,0.62348980185873359
2026-04-21 04:00:00,,0.4478498531493969,-0.97314459601574022,1,,0.10000000000000001,0.53333333333333333,0.79757602848320786,72.392492657469845,4.9133250882350952,47.674365996946257,0.024604590029214241,-29.238622958395183,2.2479740135139537e-05,0.0055829755748657561,0.0030197750346525501,0.8660254037844386,0.50000000000000011,0.7818314824680298,0.62348980185873359
2026-04-21 08:00:00,,0.45514627507458127,-0.97787229922038721,1,,0.29999999999999999,0.53333333333333333,0.4518218349461457,72.757313753729065,4.8721311852931963,46.604923238968418,0.024695789098580421,-29.338706294963629,0.00043450901166153244,0.0023846315123012829,0.0029721465734385832,0.86602540378443871,-0.49999999999999978,0.7818314824680298,0.62348980185873359
2026-04-21 12:00:00,,0.42696130905372798,-0.98529510754988836,1,,-0.29999999999999999,0.53333333333333333,-0.03044427587846011,71.348065452686399,4.8525247644525082,45.880174891048739,0.024224069345432104,-31.40972087739317,-0.00060311938159784972,-0.00014613062980117775,0.0029817139583248405,1.2246467991473532e-16,-1,0.7818314824680298,0.62348980185873359
2026-04-21 16:00:00,,0.1950295916324373,-0.99665777679637724,1,,-0.29999999999999999,0.53333333333333333,-0.81613438046782605,59.751479581621865,4.9033804203910361,43.632952892332433,0.02288169409510302,-43.068343519859184,-0.0056291390056131263,-0.0057977493755494436,0.0033063242400092948,-0.86602540378443837,-0.50000000000000044,0.7818314824680298,0.62348980185873359
2026-04-21 20:00:00,,0.25046846974063131,-0.99707461706076095,1,,-0.14999999999999999,0.53333333333333333,-0.61758532053966464,62.523423487031565,4.9578263397108442,40.571678363696805,0.020794149595888382,-46.427423261382728,0.0023825352324635674,-0.0038497231547474087,0.0033000712935588976,-0.8660254037844386,0.50000000000000011,0.7818314824680298,0.62348980185873359
2026-04-22 00:00:00,,0.30396783621032741,-0.9966219252414813,1,,-0.10000000000000001,0.53333333333333333,-0.14989731083180358,65.19839181051637,4.929990292603815,37.944522202054088,0.019570133427599463,-44.15582367510379,0.0024631294180963437,-0.00078347435505321528,0.0032914818881488953,0,1,0.97492791218182362,-0.22252093395631434
2026-04-22 04:00:00,,0.27440059980032333,-0.99731234566678584,0.5,,0.10000000000000001,0.53333333333333333,0.67664577896982114,63.720029990016165,4.8871841882057216,35.623322340383865,0.017717861548984443,-43.823492810560452,-0.00074280551290684116,0.0041028591376530699,0.0033007542892369486,0.8660254037844386,0.50000000000000011,0.97492791218182362,-0.22252093395631434
2026-04-22 08:00:00,,0.31053845125375401,-0.99620705616240501,0.5,,0.29999999999999999,0.53333333333333333,0.59188547827886051,65.526922562687702,4.865574547113769,33.738163343182435,0.01589595299607531,-40.648356283456934,0.0015937274275081847,0.0033140513326976873,0.0033077662335852225,0.86602540378443871,-0.49999999999999978,0.97492791218182362,-0.22252093395631434
2026-04-22 12:00:00,,0.31218769447999423,-0.99520152649928306,0.5,,0.29999999999999999,0.53333333333333333,0.19100063493943659,65.60938472399971,4.8458679042875445,32.282165920633226,0.012749538859509916,-38.356201469480993,7.1189711242425346e-05,0.00092211162584376893,0.0032905228776874971,1.2246467991473532e-16,-1,0.97492791218182362,-0.22252093395631434
2026-04-22 16:00:00,,0.42519233842773813,-0.96952841778529009,0.5,,0.29999999999999999,0.53333333333333333,0.89261216310591385,71.259616921386908,4.88295199990805,31.719639479223883,0.011583570115486297,-27.517911795935106,0.0054180017226581612,0.0070829188614087712,0.0034442159396504408,-0.86602540378443837,-0.50000000000000044,0.97492791218182362,-0.22252093395631434
2026-04-22 20:00:00,,0.50936761678329645,-0.71616130687442092,0.5,,0.14999999999999999,0.53333333333333333,0.97248287257001986,75.468380839164823,4.9022318210662572,31.948076152604614,0.015761428422317182,-12.109310246181138,0.0052257092400811445,0.010714900673981731,0.0031358818959395548,-0.8660254037844386,0.50000000000000011,0.97492791218182362,-0.22252093395631434
2026-04-23 00:00:00,,0.43776447250384282,-0.42063539739254163,0.5,,0.10000000000000001,0.53333333333333333,0.93340659624080946,71.88822362519214,4.9643259136698354,31.00992861397792,0.018011690800019037,-6.4225383475795752,-0.0016472756900753893,0.0089964352726639163,0.0030506216644280303,0,1,0.43388373911755823,-0.90096886790241903
2026-04-23 04:00:00,,0.28370502735813263,-0.63135485282965953,0.5,,-0.10000000000000001,0.53333333333333333,-0.055028842322377113,64.185251367906631,4.9907511688617703,30.138791613824559,0.018696412205477238,-10.935370709683781,-0.0038803214698877042,-0.00030188791988194907,0.0031918236555180781,0.8660254037844386,0.50000000000000011,0.43388373911755823,-0.90096886790241903
2026-04-23 08:00:00,,0.24526643785222346,-0.82270641737448813,0.5,,-0.29999999999999999,0.53333333333333333,-0.84310687357303438,62.263321892611174,4.9653932814602326,29.329878685110724,0.018239666396714645,-16.703953856187894,-0.0010405343093697894,-0.0065681314693328829,0.0027763920862178904,0.86602540378443871,-0.49999999999999978,0.43388373911755823,-0.90096886790241903
2026-04-23 12:00:00,,0.31031307277000819,-0.79572252893016115,0.5,,-0.29999999999999999,0.53333333333333333,-0.33211176068674569,65.51565363850041,4.9875830425351211,29.032500253826608,0.018397481807335518,-15.931112728014966,0.0030402407918330709,-0.0018806149874244227,0.0028329650797461947,1.2246467991473532e-16,-1,0.43388373911755823,-0.90096886790241903
2026-04-23 16:00:00,,0.36704466561945681,-0.63569973545515057,0.5,,0.29999999999999999,0.53333333333333333,0.70897476813435922,68.35223328097284,5.008615289618823,29.238443793687416,0.019318736252849789,-11.241126432166993,0.0029271720219536945,0.0049268785044169761,0.002878814956397534,-0.86602540378443837,-0.50000000000000044,0.43388373911755823,-0.90096886790241903
2026-04-23 20:00:00,,0.1798902510626165,-0.79592910067788358,0.5,,0.14999999999999999,0.53333333333333333,0.1138759628403249,58.994512553130825,5.1284035008592825,27.357458081782472,0.019082174676884646,-18.349689736918492,-0.0052475012609392024,0.00071991155284756303,0.003154528621551184,-0.8660254037844386,0.50000000000000011,0.43388373911755823,-0.90096886790241903
2026-04-24 00:00:00,,0.30642571527967788,-0.61777350156604416,0.5,,0.10000000000000001,0.53333333333333333,0.57775615266055214,65.321285763983894,5.1380720979519765,25.478241120862315,0.019488559223994371,-12.291653598748837,0.0064893299110408975,0.0041690006720553896,0.0033465876327588881,0,1,-0.43388373911755801,-0.90096886790241915
2026-04-24 04:00:00,,0.11543620373495017,-0.67207794909033258,1,,-0.10000000000000001,0.53333333333333333,-0.18449498499580466,61.543620373495017,5.1126031356780759,23.733253942865026,0.019704301755164539,-13.529408527875091,-0.0023923589487413466,-0.0011505302986396515,0.0033533100174894296,0.8660254037844386,0.50000000000000011,-0.43388373911755801,-0.90096886790241915
2026-04-24 08:00:00,,0.12997792367961053,-0.64672863045725093,1,,0.29999999999999999,0.53333333333333333,0.72883499816396546,62.997792367961054,5.0925787560241185,22.29782600886589,0.020400456018552657,-12.530684303971384,0.0015102632101076097,0.0056072341724071606,0.0033455134744800404,0.86602540378443871,-0.49999999999999978,-0.43388373911755801,-0.90096886790241915
2026-04-24 12:00:00,,0.17623663843825738,-0.20776013995139464,1,,0.29999999999999999,0.53333333333333333,0.59772022216258225,67.623663843825739,5.1507777693894843,22.336088310657111,0.022561446279177104,-3.6381896088705616,0.005280940651351429,0.0043988449127176921,0.0035071034230361258,1.2246467991473532e-16,-1,-0.43388373911755801,-0.90096886790241915
2026-04-24 16:00:00,,0.22150341216940761,0.5652229827843086,1,,0.29999999999999999,0.53333333333333333,0.96104801125774153,72.15034121694076,5.2019848279549983,22.71979245991216,0.026894550636868953,11.633103242814087,0.006338652681638024,0.013129856543097063,0.0037183777092373526,-0.86602540378443837,-0.50000000000000044,-0.43388373911755801,-0.90096886790241915
2026-04-24 20:00:00,,0.22863713409721753,0.83283283486900594,1,,0.14999999999999999,0.53333333333333333,0.961790754029618,72.863713409721754,5.1667518419963345,23.234575916287763,0.030351795878095646,20.994189038608454,0.0011025823886967601,0.012722175721686213,0.003697293910938323,-0.8660254037844386,0.50000000000000011,-0.43388373911755801,-0.90096886790241915
2026-04-27 00:00:00,,0.23411969138203928,0.90399093597709346,1,,0.10000000000000001,0.53333333333333333,0.86462045449758385,73.411969138203929,5.1450316245427992,23.564581025548346,0.031566028331812948,25.627283717110856,0.00082339620803040248,0.0082646312783651865,0.0033374099467445338,0,1,0,1
2026-04-27 04:00:00,,0.24950171281302361,0.94564130832305326,1,,0.10000000000000001,0.53333333333333333,0.60522985232324156,74.95017128130236,5.1091868979848529,24.272125517081566,0.033352394338309888,29.612205133897021,0.0023201569845188175,0.00424613558124598,0.0033365568551565537,0.8660254037844386,0.50000000000000011,0,1
2026-04-27 08:00:00,,0.19634680375281063,0.89868257062491508,1,,0.29999999999999999,0.53333333333333333,0.050238767593354237,69.634680375281064,5.0942602089519333,24.255085331663981,0.033847140425891327,23.897039839133441,-0.0028433924945083788,0.00030016069804084111,0.0034630784543432888,0.86602540378443871,-0.49999999999999978,0,1
2026-04-27 12:00:00,,0.18267517940854985,0.76372577573557032,1,,-0.29999999999999999,0.53333333333333333,-0.21445800246565447,68.267517940854987,5.0707358493773844,24.239262302347655,0.033203711400359492,16.010314239565588,-0.00074690805519672665,-0.001270143565186288,0.0034632007901116047,1.2246467991473532e-16,-1,0,1
2026-04-27 16:00:00,,0.16288809734465304,0.39656661256506248,1,,-0.29999999999999999,0.53333333333333333,-0.66789797160424613,66.288809734465303,5.0586947987066022,23.352285052741614,0.032143863341492024,6.6033727784044629,-0.0010554090689431916,-0.0046457096186482971,0.0034985205236172916,-0.86602540378443837,-0.50000000000000044,0,1
2026-04-27 20:00:00,,0.1728171630037201,0.022911088402965598,1,,-0.14999999999999999,0.53333333333333333,-0.1392867045992558,67.281716300372011,5.0187000770687344,22.666822285987134,0.030679458624015239,0.34650976486096852,0.0010261071862949223,-0.00077620993784499603,0.0034904675765302633,-0.8660254037844386,0.50000000000000011,0,1
2026-04-28 00:00:00,,0.19075357599818532,-0.143544126543622,1,,0.10000000000000001,0.53333333333333333,0.32953803971797119,69.075357599818531,4.9920299072352661,22.472340761973115,0.030699134495355555,-2.1281699720082372,0.0018735916953609433,0.0018442898127126739,0.0033485193657472869,0,1,0.7818314824680298,0.62348980185873359
2026-04-28 04:00:00,,0.15288619456642208,-0.53467238312145726,1,,0.10000000000000001,0.53333333333333333,0.19842066259644495,65.288619456642209,4.9678544967511726,21.863090750689818,0.030988421059447782,-8.5751660507454517,-0.0018406271377511274,0.0010590717439047381,0.0032454187446826579,0.8660254037844386,0.50000000000000011,0.7818314824680298,0.62348980185873359
2026-04-28 08:00:00,,0.10673994362741197,-0.85452463674191881,0.5,,-0.29999999999999999,0.53333333333333333,-0.42174337444761456,60.673994362741198,4.95624784939527,20.519054816442807,0.03049758404101954,-18.079782455752621,-0.0023762300281600091,-0.0023432654705501932,0.0032759572315216438,0.86602540378443871,-0.49999999999999978,0.7818314824680298,0.62348980185873359
2026-04-28 12:00:00,,-0.010454246639679071,-0.98510207427233765,0.5,,-0.29999999999999999,0.53333333333333333,-0.96815007441040657,48.954575336032093,5.0412462218580751,20.653949795739752,0.028893531947845292,-37.832056137014689,-0.0075104090524380496,-0.011727266218349186,0.0036179509565118957,1.2246467991473532e-16,-1,0.7818314824680298,0.62348980185873359
2026-04-28 16:00:00,,-0.040735862871465897,-0.99758105138093855,0.5,,-0.29999999999999999,0.53333333333333333,-0.96877870193958671,45.92641371285341,5.0802121311177721,20.922141242803601,0.027129996385435284,-54.002270331465127,-0.0023924519588938153,-0.012279091039491874,0.0036583695688371717,-0.86602540378443837,-0.50000000000000044,0.7818314824680298,0.62348980185873359
2026-04-28 20:00:00,,0.012908015000929822,-0.9980228385751565,0.5,,-0.14999999999999999,0.53333333333333333,-0.76070243419371375,51.290801500092982,5.0872462481405893,21.171176157934319,0.025666606318166973,-56.018220011550028,0.0039522378970122674,-0.0059506231143195976,0.0036995603555970147,-0.8660254037844386,0.50000000000000011,0.7818314824680298,0.62348980185873359
2026-04-29 00:00:00,,0.047323210518905652,-0.99682756691791397,-1,,0.10000000000000001,0.53333333333333333,0.63418417874177013,54.732321051890565,5.0622165010068318,20.732848528893168,0.024717776439034368,-50.894778685133105,0.0028029715077675377,0.0043627574458859897,0.0036951293840636369,0,1,0.97492791218182362,-0.22252093395631434
2026-04-29 04:00:00,,0.06235218120082571,-0.99321253051086711,-1,,0.10000000000000001,0.53333333333333333,0.88499992212440848,56.235218120082571,5.0450471382276048,20.161126891106946,0.02158998878347455,-44.110281734862639,0.00126245680523418,0.0080176662100139851,0.0034544585570305862,0.8660254037844386,0.50000000000000011,0.97492791218182362,-0.22252093395631434
2026-04-29 08:00:00,,-0.061835288419894566,-0.99225491056881654,-1,,0.29999999999999999,0.53333333333333333,0.33684451787234471,53.091764420994728,5.0279937721182035,19.578055774826776,0.020643472602211096,-42.353574759662152,-0.002091465524143743,0.0019739627888579747,0.0032200438510625986,0.86602540378443871,-0.49999999999999978,0.97492791218182362,-0.22252093395631434
2026-04-29 12:00:00,,-0.044020932948147615,-0.99216427102796489,-1,,-0.29999999999999999,0.53333333333333333,-0.25408708458087353,52.201046647407381,5.0011833954329035,19.089627871758314,0.018781707197199651,-41.146367337316519,-0.00059362390692108136,-0.0014226326258306443,0.0031669751501854047,1.2246467991473532e-16,-1,0.97492791218182362,-0.22252093395631434
2026-04-29 16:00:00,,-0.014644084632927984,-0.99094662712500836,-1,,-0.29999999999999999,0.53333333333333333,-0.57247169800941677,50.732204231646399,5.0210360792301092,19.155599924200295,0.017486259573712391,-40.872109841830493,-0.00095200851452048596,-0.0036370979455853103,0.0031670348054830999,-0.86602540378443837,-0.50000000000000044,0.97492791218182362,-0.22252093395631434
2026-04-29 20:00:00,,0.033596059200617819,-0.98875758225304766,-1,,-0.14999999999999999,0.53333333333333333,-0.47610115393109759,48.320197039969109,5.0934817026918502,18.270188885871981,0.018034627049487179,-42.169583497209914,-0.0015702099363661404,-0.0031158423578077077,0.0029540657519497972,-0.8660254037844386,0.50000000000000011,0.97492791218182362,-0.22252093395631434
2026-04-30 00:00:00,,-0.32517408720565127,-0.62045886050231758,-1,,0.10000000000000001,0.53333333333333333,0.96529234220907223,66.258704360282564,5.2193634907416504,18.145760346688792,0.019970675180062278,-13.413073309660263,0.016185434667981724,0.013663216217095098,0.0045025030186168578,0,1,0.43388373911755823,-0.90096886790241903
2026-04-30 04:00:00,,-0.013989542587853095,-0.73447830700521066,0.5,,0.10000000000000001,0.53333333333333333,0.18228234316703812,50.699477129392655,5.2882723047294924,18.030219560304403,0.019948191570684441,-18.580075610318005,-0.013268656708163462,0.0013465680234521216,0.0054303900479038434,0.8660254037844386,0.50000000000000011,0.43388373911755823,-0.90096886790241903
2026-04-30 08:00:00,,-0.094337250014936272,-0.5895801114039515,1,,0.29999999999999999,0.53333333333333333,0.77643980433907145,54.716862500746814,5.2926634041989464,17.500574026221837,0.019554363735759812,-13.464103109219224,0.0046749080552199729,0.0075916860150382348,0.0055413413250531051,0.86602540378443871,-0.49999999999999978,0.43388373911755823,-0.90096886790241903
2026-04-30 12:00:00,,-0.18630611617852097,0.0097652354145222209,1,,-0.29999999999999999,0.53333333333333333,-0.34308430440742321,59.315305808926048,5.2980820449902311,17.968928250225822,0.019712330240996893,0.19526496125797621,0.0059890824626567252,-0.002604666190286764,0.0056864986747602233,1.2246467991473532e-16,-1,0.43388373911755823,-0.90096886790241903
2026-04-30 16:00:00,,-0.076230570850094923,-0.080960145783829707,1,,0.29999999999999999,0.53333333333333333,0.57025029269595751,53.811528542504746,5.3591060878181302,17.040377000397939,0.019426402895177598,-1.7244597295238293,-0.0056001858235443791,0.0050638046943323189,0.0057921504170941711,-0.86602540378443837,-0.50000000000000044,0.43388373911755823,-0.90096886790241903
2026-04-30 20:00:00,,-0.19739643550331465,0.47902559664862659,1,,0.14999999999999999,0.53333333333333333,0.80898618022609703,59.869821775165732,5.37155234819501,16.675933562220557,0.021320308031903362,11.227217558661579,0.0084485783358427824,0.0088374749749551285,0.0060960546128928546,-0.8660254037844386,0.50000000000000011,0.43388373911755823,-0.90096886790241903
2026-05-01 00:00:00,,-0.20951340409695177,0.74088492954927676,1,,0.10000000000000001,0.53333333333333333,0.4629400709736925,60.475670204847589,5.3286929964085346,16.50515115814926,0.023380343755452324,19.636261796199889,0.00091253653297229675,0.0037609290452707,0.0060880835024978205,0,1,-0.43388373911755801,-0.90096886790241915
2026-05-01 04:00:00,,-0.2110465253631284,0.83073217127411159,1,,0.10000000000000001,0.53333333333333333,0.86808655655529088,60.55232626815642,5.2767611043745797,16.517977723172848,0.025120101366884702,23.3021302657896,0.00010901242025518343,0.0094701272890702626,0.0060869426295851225,0.8660254037844386,0.50000000000000011,-0.43388373911755801,-0.90096886790241915
2026-05-01 08:00:00,,-0.16147680792964236,0.78042876248480553,1,,-0.29999999999999999,0.53333333333333333,-0.17502009501393273,58.073840396482119,5.2350555444769515,16.035037438962419,0.025866698222152068,19.646311119989491,-0.0022298499817132722,-0.001208301028485792,0.0061038184725857904,0.86602540378443871,-0.49999999999999978,-0.43388373911755801,-0.90096886790241915
2026-05-01 12:00:00,,-0.16758230880048999,0.71228536601904924,1,,-0.29999999999999999,0.53333333333333333,-0.26013083259044645,58.379115440024499,5.1966065087059103,15.429599565839748,0.02681135769954383,16.111229147981334,0.00037138041067485972,-0.0017494571507832291,0.0060849924900761949,1.2246467991473532e-16,-1,-0.43388373911755801,-0.90096886790241915
2026-05-01 16:00:00,,-0.30388401224886136,0.90121956288664939,1,,0.29999999999999999,0.53333333333333333,0.7856338063902909,65.194200612443069,5.2579624514217151,16.535330999996884,0.030747398789618612,28.403835789080105,0.0092291456264046445,0.007370676055366232,0.006362742707401392,-0.86602540378443837,-0.50000000000000044,-0.43388373911755801,-0.90096886790241915
2026-05-01 20:00:00,,-0.26448881966657678,0.92847665706927729,1,,0.14999999999999999,0.53333333333333333,0.82642726475587525,63.22444098332884,5.2304078757768826,17.562081617428507,0.032138281557679123,30.781640333473959,-0.0016244083507253038,0.0079761176863542005,0.0060839321885805438,-0.8660254037844386,0.50000000000000011,-0.43388373911755801,-0.90096886790241915
2026-05-04 00:00:00,,-0.32086245786278367,0.964587326377365,1,,0.10000000000000001,0.53333333333333333,0.94289490246299557,66.043122893139184,5.2149734491181672,18.671585737041585,0.033517022718668299,36.94829565518981,0.0041388370128565555,0.011743574288535896,0.0060572708903236109,0,1,0,1
2026-05-04 04:00:00,,-0.34237632186563643,0.97970042906926813,1,,0.10000000000000001,0.53333333333333333,0.57126396294595594,67.118816093281822,5.1792483006529686,19.836666500412765,0.035581561836295864,40.659686237788009,0.0016356643094255219,0.0041500929715567736,0.006030145990320329,0.8660254037844386,0.50000000000000011,0,1
2026-05-04 08:00:00,,0.14946976414527144,0.97261630494075169,1,,0.29999999999999999,0.53333333333333333,0.58660067267968008,64.946976414527143,5.1478020967117448,20.982826723294291,0.036862972741219913,36.794964061642332,-0.0016032845597191425,0.0041712167625629348,0.0060562977410127984,0.86602540378443871,-0.49999999999999978,0,1
2026-05-04 12:00:00,,0.1252863588825496,0.91709890978120279,1,,-0.29999999999999999,0.53333333333333333,-0.26614164962681036,62.528635888254961,5.1829818464543855,20.210911560772296,0.037342683057710248,27.987706585984967,-0.0017824450135872638,-0.0017500652638808845,0.006092048415275584,1.2246467991473532e-16,-1,0,1
2026-05-04 16:00:00,,-0.12466060101047191,0.51813345972010894,1,,-0.29999999999999999,0.53333333333333333,-0.8431312437598194,56.233030050523595,5.2394672147116701,19.135075415981348,0.036049952302140906,10.81983830231286,-0.0049933261245236338,-0.0083790556978300401,0.0062035626506067552,-0.86602540378443837,-0.50000000000000044,0,1
2026-05-04 20:00:00,,-0.15019657723850316,0.030057818998135269,1,,-0.14999999999999999,0.53333333333333333,-0.67261350599127778,57.509828861925158,5.2105803669339004,18.13608471010404,0.034326951359986591,0.550826223821133,0.0013863226849792909,-0.0053894484531316067,0.0061947041209524734,-0.8660254037844386,0.50000000000000011,0,1
2026-05-05 00:00:00,,-0.17823807733496197,-0.26024401109307793,1,,-0.10000000000000001,0.53333333333333333,-0.32230745402080296,58.911903866748098,5.1615581415176592,17.208450483217966,0.03188141174046015,-4.646455010219313,0.0015035966254899336,-0.0021034068140544093,0.0061788606156794575,0,1,0.7818314824680298,0.62348980185873359
2026-05-05 04:00:00,,-0.2070267464850552,-0.35869544364136929,1,,0.10000000000000001,0.53333333333333333,0.62092653229805272,60.351337324252761,5.1267952227661295,16.849055451197636,0.028037003062209086,-6.3243974280326825,0.0015337952160709989,0.0044237145265402233,0.0061472789894546657,0.8660254037844386,0.50000000000000011,0.7818314824680298,0.62348980185873359
2026-05-05 08:00:00,,-0.27251083856121211,-0.11676847524824195,1,0,0.29999999999999999,0.53333333333333333,0.80909127302017259,63.625541928060606,5.1058122170468403,17.063492564906451,0.029133588947405139,-1.9352509626584435,0.0036499806549041836,0.006687372496465116,0.0050930695326814376,0.86602540378443871,-0.49999999999999978,0.7818314824680298,0.62348980185873359
2026-05-05 12:00:00,,-0.29971905267347382,0.14742592187840661,1,0,0.29999999999999999,0.53333333333333333,0.82456391858405753,64.985952633673691,5.0797233535383262,17.687676977423667,0.026282188669213759,2.3869651896328605,0.001590444744197228,0.0067742206151724105,0.0039050253198164098,1.2246467991473532e-16,-1,0.7818314824680298,0.62348980185873359
2026-05-05 16:00:00,,-0.38484357418760395,0.67594509797235802,1,0,0.29999999999999999,0.53333333333333333,0.95054130165437656,69.242178709380198,5.0884269419406287,19.050555732938729,0.026328812211099954,13.321138554940887,0.0054450426279775144,0.010685468027078926,0.0039429735597849187,-0.86602540378443837,-0.50000000000000044,0.7818314824680298,0.62348980185873359
2026-05-05 20:00:00,,0.21351433592734864,0.89911486284233921,1,0,0.14999999999999999,0.53333333333333333,0.94231255864885788,71.351433592734864,5.0779155819047244,20.736471868457912,0.02869418877535878,23.545753191184986,0.0030494127865861032,0.010084900158760846,0.003815859453199409,-0.8660254037844386,0.50000000000000011,0.7818314824680298,0.62348980185873359
2026-05-06 00:00:00,,0.2292798716449404,0.9583396298028608,1,0,0.10000000000000001,0.53333333333333333,0.95277949028949693,72.927987164494041,5.1001323766906559,22.94507836967604,0.028886081861010701,31.580873718438482,0.0023980784241661723,0.01089253383872979,0.003461921736704985,0,1,0.97492791218182362,-0.22252093395631434
2026-05-06 04:00:00,,0.24272018603377546,0.98215762205995472,1,0,0.10000000000000001,0.53333333333333333,0.87276227500179904,74.272018603377546,5.0633484012474819,24.995927263664303,0.031688561889957091,37.239926950383648,0.0021091034206897064,0.0075565946314419818,0.0030762300135815266,0.8660254037844386,0.50000000000000011,0.97492791218182362,-0.22252093395631434
2026-05-06 08:00:00,,0.54558685423108899,0.99364656931802064,1,0,0.29999999999999999,0.53333333333333333,0.93424756683550458,77.279342711554449,5.0890274101208162,27.423700972941695,0.035816528582116265,46.63136386895178,0.0052023024360288161,0.0097094842808846948,0.0031921179579971833,0.86602540378443871,-0.49999999999999978,0.97492791218182362,-0.22252093395631434
2026-05-06 12:00:00,,0.51350987962356076,0.99285797142341059,1,0,0.29999999999999999,0.53333333333333333,0.79885336805909202,75.675493981178036,5.1128548827441378,29.96958148194053,0.038180103524580455,46.780569678290419,-0.00087398730528676083,0.0064374185514317617,0.0032229878054739272,1.2246467991473532e-16,-1,0.97492791218182362,-0.22252093395631434
2026-05-06 16:00:00,,0.5467594580121633,0.99204849106173576,1,0,0.29999999999999999,0.53333333333333333,0.82684879536616129,77.337972900608165,5.1537341064725135,31.553879304571321,0.039860655231332774,47.799915981456934,0.0028657955115498623,0.0071941106422919177,0.0031115361927057184,-0.86602540378443837,-0.50000000000000044,0.97492791218182362,-0.22252093395631434
2026-05-06 20:00:00,,0.60622162470749519,0.99539851432794901,1,0,0.14999999999999999,0.53333333333333333,0.8459907894218367,80.311081235374758,5.1932327769697864,33.555323974902883,0.042690875231784643,54.665060016477753,0.0058538736020423698,0.0078456818083054713,0.0032221511215558165,-0.8660254037844386,0.50000000000000011,0.97492791218182362,-0.22252093395631434
2026-05-07 00:00:00,,0.55224781528759226,0.99497651141446364,1,0,0.10000000000000001,0.53333333333333333,0.83549404554309437,77.612390764379612,5.1468072623771342,35.413808311639336,0.045748138088197145,51.429306053630853,-0.0014375080078110614,0.0072821611057811708,0.0028274172580273365,0,1,0.43388373911755823,-0.90096886790241903
2026-05-07 04:00:00,,0.56832527580588621,0.99346446531998489,1,0,0.10000000000000001,0.53333333333333333,0.76923033712275213,78.416263790294309,5.1068817957565313,37.190409381613243,0.047983230029099655,47.237303853015845,0.0014794480126401055,0.005895813606871414,0.0027302747012569509,0.8660254037844386,0.50000000000000011,0.43388373911755823,-0.90096886790241903
2026-05-07 08:00:00,,0.5810407886600637,0.98886617765542451,1,0,0.29999999999999999,0.53333333333333333,0.20932622092954642,79.052039433003188,5.087027103997853,39.085413341419915,0.050428693409403591,41.977291353535065,0.0011596431555052078,0.0012015831603342519,0.0026683425659644938,0.86602540378443871,-0.49999999999999978,0.43388373911755823,-0.90096886790241903
2026-05-07 12:00:00,,0.58793098923485931,0.97887106446727767,1,0,0.29999999999999999,0.53333333333333333,0.53651848823919002,79.396549461742964,5.0446692919915339,40.842855729060517,0.052508601426973694,35.225997176446754,0.00061071687843039513,0.0032498080465757084,0.0026756062474871988,1.2246467991473532e-16,-1,0.43388373911755823,-0.90096886790241903
2026-05-07 16:00:00,,0.50003162481574404,0.88219556488138839,1,0,-0.29999999999999999,0.53333333333333333,-0.043344293060021667,75.001581240787203,5.1120345054232263,42.879139629329359,0.053068411232835531,23.001771506602893,-0.0020220264514296815,-0.00025166641749407859,0.0027023217758644089,-0.86602540378443837,-0.50000000000000044,0.43388373911755823,-0.90096886790241903
2026-05-07 20:00:00,,0.41591657452536879,0.43789457622804961,1,0,-0.14999999999999999,0.53333333333333333,-0.52238609464401808,70.795828726268439,5.1313772569220317,43.904789157403805,0.052183633921088601,7.9483703573092725,-0.002019117558541339,-0.0034304271315406254,0.0027176340382612427,-0.8660254037844386,0.50000000000000011,0.43388373911755823,-0.90096886790241903
2026-05-08 00:00:00,,0.47434297768949024,0.13741273002603777,1,0,-0.10000000000000001,0.53333333333333333,-0.055201938405285561,73.717148884474511,5.1364498044323756,44.857178004901506,0.049720423383324622,2.3524201464312569,0.0037131481662981969,-0.00032799584367282364,0.0023008357588801057,0,1,-0.43388373911755801,-0.90096886790241915
2026-05-08 04:00:00,,0.49201709183324766,-0.09820896400035517,1,0,0.10000000000000001,0.53333333333333333,0.4658346750364446,74.600854591662383,5.1001451306402306,45.882490956124144,0.046806090341712243,-1.6162857504476733,0.0011963163259061105,0.0028903469336629684,0.002303285097224017,0.8660254037844386,0.50000000000000011,-0.43388373911755801,-0.90096886790241915
2026-05-08 08:00:00,,0.53289553066001705,-0.078694118247931752,1,0,0.29999999999999999,0.53333333333333333,0.88692175629084669,76.644776533000851,5.0672830673334941,47.037842833113004,0.043819176708568511,-1.2517980114832312,0.0028854925789705277,0.0077949570711748351,0.0023130405666691211,0.86602540378443871,-0.49999999999999978,-0.43388373911755801,-0.90096886790241915
2026-05-08 12:00:00,,0.55636235191288963,-0.015785846310787638,1,0,0.29999999999999999,0.53333333333333333,0.78728949467013665,77.81811759564448,5.0604914789072275,48.37789258516446,0.040404856311974685,-0.24891293947052873,0.0017571462361747336,0.0058389551410513718,0.0023116190939941363,1.2246467991473532e-16,-1,-0.43388373911755801,-0.90096886790241915
2026-05-08 16:00:00,,0.67165624775815047,0.79459869898709512,1,0,0.29999999999999999,0.53333333333333333,0.99023175791265361,83.582812387907524,5.1576108414902864,50.141782857647669,0.041107523870044134,18.830648651902607,0.011329650413113512,0.015972289228258774,0.0031116426799180719,-0.86602540378443837,-0.50000000000000044,-0.43388373911755801,-0.90096886790241915
2026-05-08 20:00:00,,0.69667911793528048,0.95995431660028196,1,0,0.14999999999999999,0.53333333333333333,0.99217461526164019,84.833955896764024,5.1462208235680871,51.974963879378983,0.041924746280215509,33.417048938592302,0.0033152077707825356,0.016402004420070782,0.0031144146154988717,-0.8660254037844386,0.50000000000000011,-0.43388373911755801,-0.90096886790241915
2026-05-11 00:00:00,,0.64696807544547363,0.96982928036671368,1,0,0.10000000000000001,0.53333333333333333,0.97878237398353296,82.348403772273684,5.1463534291329225,53.710052146244905,0.042459993486199332,35.89695665703465,-0.0012179519388286764,0.013426906245067372,0.0031279834250886032,0,1,0,1
2026-05-11 04:00:00,,0.66079751860866254,0.97257875698157026,1,0,0.10000000000000001,0.53333333333333333,0.56520629474624817,83.039875930433126,5.1202795097920388,55.32120553690612,0.043163495723781746,35.784453457073425,0.0015734783267333796,0.0036707341586872388,0.0031210070208728463,0.8660254037844386,0.50000000000000011,0,1
2026-05-11 08:00:00,,0.59652037758533993,0.94071886272693495,1,0,-0.29999999999999999,0.53333333333333333,-0.20405231012517877,79.826018879266996,5.0867882153279318,56.817276542520105,0.042799582342317004,28.234206935359794,-0.0015015916611655911,-0.0011460652732608878,0.0032148345128119398,0.86602540378443871,-0.49999999999999978,0,1
2026-05-11 12:00:00,,0.59655868125666478,0.83416467534142758,1,0,0.29999999999999999,0.53333333333333333,0.013795942752762493,79.827934062833236,5.0717746459221775,58.262095600890078,0.042003644881050455,19.161549130639401,3.4230456549266819e-06,7.5309711222715237e-05,0.0032385353643669037,1.2246467991473532e-16,-1,0,1
2026-05-11 16:00:00,,0.63647430122330062,0.76041649123218991,1,0,0.29999999999999999,0.53333333333333333,0.36823894657558826,81.823715061165032,5.1035363972414807,59.745778270556499,0.042931792714320641,16.414239422903563,0.003669603502881813,0.0021714348873711486,0.003168516814567264,-0.86602540378443837,-0.50000000000000044,0,1
2026-05-11 20:00:00,,0.62183264062828192,0.55803370306396749,1,0,0.14999999999999999,0.53333333333333333,0.53821601622141202,81.091632031414093,5.0971356774494678,61.123483606675308,0.042500235106583996,10.303384667933017,-0.00031040381738911549,0.0033626227311476242,0.003147634206127924,-0.8660254037844386,0.50000000000000011,0,1
2026-05-12 00:00:00,,0.59714264581979992,0.12687760662340439,1,0,0.10000000000000001,0.53333333333333333,0.48225787539670611,79.857132290989995,5.0698408623074478,62.402781418785636,0.04188485077855527,2.0301854951986229,-0.00049821190733290166,0.0028609877781597959,0.003168787502423174,0,1,0.7818314824680298,0.62348980185873359
2026-05-12 04:00:00,,0.44128667387928006,-0.6507334334703605,1,0,-0.10000000000000001,0.53333333333333333,-0.63666233516965687,72.064333693964002,5.0717917558192855,61.92674150941307,0.041446621931007663,-12.383164832874172,-0.0032923838303862141,-0.0041009995551082312,0.0031638640328301875,0.8660254037844386,0.50000000000000011,0.7818314824680298,0.62348980185873359
2026-05-12 08:00:00,,0.3419937445677263,-0.94500799933692581,1,0,-0.29999999999999999,0.53333333333333333,-0.81311724570538635,67.099687228386315,5.0580536328804095,60.862040434397457,0.039922622722031773,-28.042444153176632,-0.002324521999952367,-0.0061151177376714827,0.003206057536957949,0.86602540378443871,-0.49999999999999978,0.7818314824680298,0.62348980185873359
2026-05-12 12:00:00,,0.34834023827220223,-0.98627988036461056,1,0,-0.29999999999999999,0.53333333333333333,-0.76055235503015139,67.417011913610111,5.0471936353479689,59.205161927823205,0.038417286481192262,-38.703033113011656,0.00030544463881909678,-0.0053114611915194843,0.0032070895604488629,1.2246467991473532e-16,-1,0.7818314824680298,0.62348980185873359
2026-05-12 16:00:00,,-0.13241302557253179,-0.99950897634787483,1,0,-0.29999999999999999,0.53333333333333333,-0.99397771895599585,43.379348721373411,5.2147058751587618,55.207720884782674,0.038230665414639951,-76.452086053884614,-0.016426650028778411,-0.018445727389911681,0.0050298596776301606,-0.86602540378443837,-0.50000000000000044,0.7818314824680298,0.62348980185873359
2026-05-12 20:00:00,,0.13831645114304819,-0.99866824440209023,1,0,-0.14999999999999999,0.53333333333333333,-0.36516837827022214,56.91582255715241,5.3091337241227512,51.495811344816467,0.036650231475954677,-73.932756752230887,0.013460925488560704,-0.00266027990139861,0.0058593057458702974,-0.8660254037844386,0.50000000000000011,0.7818314824680298,0.62348980185873359
2026-05-13 00:00:00,,0.14382023086414819,-0.99841224612083812,0.5,0,-0.10000000000000001,0.53333333333333333,-0.37033198118136534,57.191011543207409,5.2832672405746264,48.041519027351704,0.034136573531482792,-70.311676340585421,0.00033378239418446753,-0.0026319421460332393,0.005825714108741476,0,1,0.97492791218182362,-0.22252093395631434
2026-05-13 04:00:00,,0.22244786941089514,-0.99471585092689008,0.5,0,0.10000000000000001,0.53333333333333333,0.99245283913752014,61.122393470544758,5.2677339462604893,45.117879739793921,0.030478102382139615,-57.548240642060676,0.0048941306461074419,0.018688838528852614,0.0058548109982075524,0.8660254037844386,0.50000000000000011,0.97492791218182362,-0.22252093395631434
2026-05-13 08:00:00,,0.28470701026947892,-0.97131391236332731,0.5,0,0.29999999999999999,0.53333333333333333,0.89453918789507203,64.235350513473946,5.2593488447906989,43.243515847295662,0.028148921452387083,-40.683752126509432,0.0042875193152820401,0.0095154323555739495,0.0058694701773393853,0.86602540378443871,-0.49999999999999978,0.97492791218182362,-0.22252093395631434
2026-05-13 12:00:00,,0.14547816728547913,-0.97175811424645764,0.5,0,0.29999999999999999,0.53333333333333333,0.43687015471183577,57.273908364273957,5.271581175110339,40.959505583236961,0.024705282588503623,-41.338602548961148,-0.0060488432990268848,0.0031328066623625972,0.0060874270195450404,1.2246467991473532e-16,-1,0.97492791218182362,-0.22252093395631434
2026-05-13 16:00:00,,0.25033252843379683,-0.87273638179111979,0.5,0,0.29999999999999999,0.53333333333333333,0.64715844813564649,62.516626421689843,5.3397701152593182,38.043532306793274,0.022688216905021277,-28.026998374690749,0.0072446998501902726,0.005483375866445428,0.006241744937301898,-0.86602540378443837,-0.50000000000000044,0.97492791218182362,-0.22252093395631434
2026-05-13 20:00:00,,0.28927322446776771,-0.61526266953063868,0.5,0,0.14999999999999999,0.53333333333333333,0.54262605772365502,64.463661223388385,5.3099784555688672,35.907320403855266,0.021433840552665735,-14.515200202772064,0.0029884919489333583,0.0041843485000967462,0.0062553764842260941,-0.8660254037844386,0.50000000000000011,0.97492791218182362,-0.22252093395631434
2026-05-14 00:00:00,,0.35030123980590788,0.11257707711259195,1,0,0.10000000000000001,0.53333333333333333,0.97766799894220868,67.515061990295393,5.2963856075772409,34.596291433953333,0.0244797366136934,2.2567625084044494,0.0049982156569949865,0.015231407456118617,0.0058574079438994103,0,1,0.43388373911755823,-0.90096886790241903
2026-05-14 04:00:00,,0.26028932422137996,0.17518077710779623,1,0,0.10000000000000001,0.53333333333333333,0.54811561993041391,63.014466211068999,5.2849361918971312,33.280485241613725,0.025732128745906319,3.49307472027985,-0.0038582122763806126,0.0041284953295477322,0.0059128926698497793,0.8660254037844386,0.50000000000000011,0.43388373911755823,-0.90096886790241903
2026-05-14 08:00:00,,0.26464219455253341,0.14544754943466245,1,0,0.29999999999999999,0.53333333333333333,0.22168025816847106,63.232109727626671,5.2509789045365665,32.058665205869808,0.026875769302805056,2.7942709369396539,0.00031869700660713818,0.0014587003872215121,0.0059005410132898731,0.86602540378443871,-0.49999999999999978,0.43388373911755823,-0.90096886790241903
2026-05-14 12:00:00,,0.19862226301371053,-0.25852716108551066,1,0,-0.29999999999999999,0.53333333333333333,-0.76391786030564113,59.931113150685526,5.2218172191624443,30.493257596470713,0.027332059835027647,-4.9009514962107232,-0.0027733524910491525,-0.0063128677608226269,0.0059384994800162306,1.2246467991473532e-16,-1,0.43388373911755823,-0.90096886790241903
2026-05-14 16:00:00,,0.30960171389643504,0.17954192858982945,1,0,0.29999999999999999,0.53333333333333333,0.67701602741177735,65.480085694821753,5.2773553412001686,30.051633365521269,0.029659830087059896,3.5548823413163575,0.0079093282111752927,0.0054546727267332784,0.0061591851799939453,-0.86602540378443837,-0.50000000000000044,0.43388373911755823,-0.90096886790241903
2026-05-14 20:00:00,,0.2699543680936175,0.18695115952016161,1,0,0.14999999999999999,0.53333333333333333,0.48786246791591997,63.497718404680874,5.263491493243027,29.641553722496788,0.031056635936809837,3.6540242445603326,-0.0016505079310782378,0.0034854677890479024,0.0061807187342696581,-0.8660254037844386,0.50000000000000011,0.43388373911755823,-0.90096886790241903
2026-05-15 00:00:00,,0.27121771279987017,0.095776507358620255,1,0,0.10000000000000001,0.53333333333333333,0.76415862253614886,63.560885639993508,5.226595498574401,29.260765482545484,0.032350139453877852,1.7884377832506289,8.7825672851593595e-05,0.0063466459529486485,0.006140729216021561,0,1,-0.43388373911755801,-0.90096886790241915
2026-05-15 04:00:00,,0.096366389993177398,-0.67594096257846181,1,0,-0.10000000000000001,0.53333333333333333,-0.88907191948253894,54.81831949965887,5.2450873595404071,27.493803683885922,0.032411523899393092,-15.580237565636367,-0.0075439046459884196,-0.0091065869042150638,0.0063975239305613975,0.8660254037844386,0.50000000000000011,-0.43388373911755801,-0.90096886790241915
2026-05-15 08:00:00,,-0.030123168243505916,-0.9667139534460486,1,0,-0.29999999999999999,0.53333333333333333,-0.9715303964836367,48.493841587824704,5.2793241858933628,26.722533825660491,0.032645911899390347,-40.022393651834619,-0.0066894678162849885,-0.014145546789421815,0.0065763361335464815,0.86602540378443871,-0.49999999999999978,-0.43388373911755801,-0.90096886790241915
2026-05-15 12:00:00,,-0.073938669745400601,-0.99520032731553909,1,0,-0.29999999999999999,0.53333333333333333,-0.9862432742667564,46.30306651272997,5.2897391567196426,26.207678528949554,0.033035265780502754,-59.78447046538389,-0.0025592044074631559,-0.016792576869736564,0.0065601494399918038,1.2246467991473532e-16,-1,-0.43388373911755801,-0.90096886790241915
2026-05-15 16:00:00,,0.011718315569149667,-0.99538679633684657,1,0,-0.29999999999999999,0.53333333333333333,-0.58589027854592779,50.585915778457483,5.3227632737566326,25.976928766683965,0.032646097874952838,-62.198777393679819,0.0045546767522246512,-0.0046939954715234933,0.0066203287142514982,-0.86602540378443837,-0.50000000000000044,-0.43388373911755801,-0.90096886790241915
2026-05-15 20:00:00,,-0.077152509350698895,-0.99723521746135113,1,0,-0.14999999999999999,0.53333333333333333,-0.39501866741034075,46.142374532465055,5.3804707938490708,25.025417114705121,0.032900081894792148,-71.461712116411945,-0.0051078586790005431,-0.0031123863342390479,0.0067252597903648325,-0.8660254037844386,0.50000000000000011,-0.43388373911755801,-0.90096886790241915
2026-05-18 00:00:00,,-0.074505157512296374,-0.99873934510523854,1,0,-0.10000000000000001,0.53333333333333333,-0.57775414983666251,42.549484248770362,5.4215200193597237,24.915218206965694,0.028368443121741631,-83.347697398081067,-0.0045815070252430701,-0.005134688952018962,0.0056445803442476024,0,1,0,1
2026-05-18 04:00:00,,-0.068270942795719727,-0.99912504557337023,0.5,0,-0.10000000000000001,0.53333333333333333,-0.82850968845314721,43.172905720428027,5.409857276548097,24.863272851691352,0.029115747579252761,-86.466534063977889,0.0006005798882711133,-0.0090887858159724999,0.0047542829339887243,0.8660254037844386,0.50000000000000011,0,1
2026-05-18 08:00:00,,-0.0038715351981198865,-0.99682577412668294,0.5,0,0.29999999999999999,0.53333333333333333,0.31950568794636885,49.612846480188011,5.4188254928547641,23.942358798759702,0.02840954514853361,-72.695648458152789,0.0065449738981993022,0.0025640467612273454,0.0049834937798174783,0.86602540378443871,-0.49999999999999978,0,1
2026-05-18 12:00:00,,0.044846173305730513,-0.97259604837503766,-1,0,0.29999999999999999,0.53333333333333333,0.92008894089356474,54.484617330573052,5.4623724357984162,22.409912905657187,0.028160631776782866,-50.388149965158263,0.0057051304227329069,0.012850684209203322,0.0050269736992909746,1.2246467991473532e-16,-1,0,1
2026-05-18 16:00:00,,-0.064357158496030423,-0.98054174933059657,-1,0,-0.29999999999999999,0.53333333333333333,-0.16992925011408985,43.564284150396958,5.5603590297193559,21.670014171465578,0.03055505809409401,-60.07772445541076,-0.013790244964615894,-0.0015401406436836851,0.0058200656337822959,-0.86602540378443837,-0.50000000000000044,0,1
2026-05-18 20:00:00,,-0.042135861249357948,-0.97730836113698905,-1,0,-0.14999999999999999,0.53333333333333333,-0.53980236720134478,45.786413875064206,5.5707706160249479,21.108640949103844,0.031538540551693389,-58.66634654147397,0.0026333742579325303,-0.005451740283950457,0.0057216986467144796,-0.8660254037844386,0.50000000000000011,0,1
2026-05-19 00:00:00,,-0.040963374385973167,-0.97475652939894186,-1,0,-0.10000000000000001,0.53333333333333333,-0.85592507760443204,45.903662561402683,5.5280884416211187,20.133082178802134,0.032630935335589147,-54.857779873871877,0.00013441624595600388,-0.01102245446072736,0.0054458621632848276,0,1,0.7818314824680298,0.62348980185873359
2026-05-19 04:00:00,,-0.072422421050053878,-0.98141136658889117,-1,0,-0.10000000000000001,0.53333333333333333,-0.1721459676200407,42.757757894994612,5.5106053478736756,20.018376759133449,0.034229447780654718,-57.732546189108952,-0.0042549287636202138,-0.0014871382597316796,0.0054352255300034319,0.8660254037844386,0.50000000000000011,0.7818314824680298,0.62348980185873359
2026-05-19 08:00:00,,0.11505265213887285,-0.97478086033304301,-1,0,-0.29999999999999999,0.53333333333333333,-0.29378118573325707,44.247367393056358,5.5084944155127769,19.725836612235774,0.033766439236944439,-53.805408000282689,0.0015424309828784288,-0.0025780815347857811,0.0052885895480847414,0.86602540378443871,-0.49999999999999978,0.7818314824680298,0.62348980185873359
2026-05-19 12:00:00,0.33333333333333331,0.16366299319886934,-0.97823686959676148,-1,0,-0.29999999999999999,0.53333333333333333,-0.60978996641103622,41.816850340056533,5.4867307180847114,19.687386017271585,0.034567251784293214,-54.447603217101005,-0.0032016419741598412,-0.0059141397549016261,0.0052728354684971838,1.2246467991473532e-16,-1,0.7818314824680298,0.62348980185873359
2026-05-19 16:00:00,0.33333333333333331,-0.043786305076108076,-0.9441455478747951,-1,0,0.29999999999999999,0.53333333333333333,0.2383755970046568,45.621369492389192,5.5335205950038562,20.344920548364637,0.03391019430748389,-44.91121972929723,0.0037854847470342179,0.0021262737557528055,0.0053780715836871922,-0.86602540378443837,-0.50000000000000044,0.7818314824680298,0.62348980185873359
2026-05-19 20:00:00,0.33333333333333331,-0.078838640018500425,-0.94268886934991503,-1,0,-0.14999999999999999,0.53333333333333333,-0.41671795682299012,42.116135998149957,5.5346397618106256,20.559286758825699,0.034450870347046289,-44.625927880739042,-0.0044756123092994926,-0.0038917695364251159,0.0054220247682121858,-0.8660254037844386,0.50000000000000011,0.7818314824680298,0.62348980185873359
2026-05-20 00:00:00,0.33333333333333331,-0.061588437877439901,-0.91251460342119095,-1,0,0.10000000000000001,0.53333333333333333,0.11141717608806841,43.84115621225601,5.5260829966926401,21.034864018893924,0.031274666861039635,-38.737413206945178,0.0016638189166862105,0.0009736913544209358,0.0050477479665897666,0,1,0.97492791218182362,-0.22252093395631434
2026-05-20 04:00:00,0.33333333333333331,-0.077384097370957999,-0.89996096455153884,-1,0,-0.10000000000000001,0.53333333333333333,-0.50655677856608528,42.2615902629042,5.5046799083433715,21.476471474671563,0.028038014345841553,-36.187957558454812,-0.0019379212765500142,-0.0047497146691632963,0.0050491170749698139,0.8660254037844386,0.50000000000000011,0.97492791218182362,-0.22252093395631434
2026-05-20 08:00:00,1,-0.0020743122687237304,-0.63372706277690927,-1,0,0.29999999999999999,0.53333333333333333,0.6883646543537042,49.792568773127627,5.5071060273121031,21.030059174532219,0.022138699822751687,-18.424121862819774,0.0074709643286343663,0.0071968619687705626,0.0054159272381969908,0.86602540378443871,-0.49999999999999978,0.97492791218182362,-0.22252093395631434
2026-05-20 12:00:00,1,-0.00028577764100610635,-0.22679330942696627,-1,0.5,0.29999999999999999,0.53333333333333333,0.60518919681694383,49.971422235899389,5.4650054082674115,20.400119996166069,0.019170708222734211,-5.4534248251266817,0.00018941839998198873,0.0057224614520663408,0.0051937878794330559,1.2246467991473532e-16,-1,0.97492791218182362,-0.22252093395631434
2026-05-20 16:00:00,1,-0.099091709803406619,0.50155523845341865,-1,0.5,0.29999999999999999,0.53333333333333333,0.91205754066290123,54.954585490170331,5.5091577514620349,19.406385530121494,0.019263738283944877,13.615994177295157,0.0054467600135037486,0.013107142742120104,0.0051522869555005214,-0.86602540378443837,-0.50000000000000044,0.97492791218182362,-0.22252093395631434
2026-05-20 20:00:00,1,-0.11418937823828586,0.8069612747846503,-1,0.5,0.14999999999999999,0.53333333333333333,0.65560583894153712,55.709468911914293,5.4853183376630978,18.493182335617927,0.020062418008649597,26.964013542265704,0.00086271239371882302,0.0064988908072045604,0.0051189029112219935,-0.8660254037844386,0.50000000000000011,0.97492791218182362,-0.22252093395631434
2026-05-21 00:00:00,1,-0.062521464119720344,0.85387338712632388,-1,0.5,0.10000000000000001,0.53333333333333333,0.45450957810234316,53.126073205986017,5.4653240280374176,17.388390409113313,0.019268776015851245,30.023364282188908,-0.0023262317843713021,0.0039832406228512696,0.00504069514893712,0,1,0.43388373911755823,-0.90096886790241903
2026-05-21 04:00:00,1,-0.18168958546721684,0.95211676264906397,-1,0.5,0.10000000000000001,0.53333333333333333,0.58088708741758033,59.084479273360841,5.4551323178366271,16.727421174765531,0.021673739736889908,43.374288120270172,0.0067683541638761113,0.0053048347732236323,0.0051253161957676022,0.8660254037844386,0.50000000000000011,0.43388373911755823,-0.90096886790241903
2026-05-21 08:00:00,1,-0.14595710568714623,0.96330404244848644,-1,0,0.29999999999999999,0.53333333333333333,0.34602450634279658,57.297855284357311,5.4617490480501685,16.311314068072036,0.023101351080432979,46.862960256001301,-0.0015376566896119215,0.0029044656898928878,0.0050123362818369132,0.86602540378443871,-0.49999999999999978,0.43388373911755823,-0.90096886790241903
2026-05-21 12:00:00,1,-0.014084188277649474,0.90405892469792271,-1,0,-0.29999999999999999,0.53333333333333333,-0.11472537921043775,50.704209413882474,5.4640184556696765,15.786912234336128,0.023125951191710382,35.26508734894886,-0.0061640807473075654,-0.00093338327304337554,0.0052349664741794281,1.2246467991473532e-16,-1,0.43388373911755823,-0.90096886790241903
2026-05-21 16:00:00,1,-0.055235664870854323,0.85979171091765805,0.5,0,-0.29999999999999999,0.53333333333333333,-0.59879992548872274,52.761783243542716,5.4561976229385376,14.92196760975505,0.023229568376877199,30.272083052144144,0.0021708311350714382,-0.0055309063018480487,0.005046232989838014,-0.86602540378443837,-0.50000000000000044,0.43388373911755823,-0.90096886790241903
2026-05-21 20:00:00,1,-0.17035387144537395,0.92079173536152248,0.5,0,0.14999999999999999,0.53333333333333333,0.31796841237306073,58.517693572268698,5.4748985218538628,15.244507641719421,0.023827521450293279,38.041941168084499,0.0066715396982992559,0.0026782900860631287,0.0051076458492758789,-0.8660254037844386,0.50000000000000011,0.43388373911755823,-0.90096886790241903
2026-05-22 00:00:00,1,-0.22983284722431604,0.96883502025006552,1,0,0.10000000000000001,0.53333333333333333,0.92281009943373338,61.491642361215803,5.4486878250011523,15.777360935855015,0.026931177419813043,48.186359935128287,0.0039057375616557977,0.012748108395026492,0.0039879846985383096,0,1,-0.43388373911755801,-0.90096886790241915
2026-05-22 04:00:00,1,-0.24369457282044266,0.98366370599679886,1,0,0.10000000000000001,0.53333333333333333,0.90736715758446851,62.184728641022133,5.4084484410603766,16.272153280409494,0.029879290430262207,53.580684542569458,0.00092495191254471365,0.011502229172499767,0.0039686718845226522,0.8660254037844386,0.50000000000000011,-0.43388373911755801,-0.90096886790241915
2026-05-22 08:00:00,1,-0.21970682012569243,0.98364834261903811,1,0,0.29999999999999999,0.53333333333333333,0.48377534079482698,60.985341006284621,5.3802934004147822,17.052171914281107,0.031870482157517116,52.082870017464231,-0.00093851068303507645,0.0038921787911654349,0.0039865202014448672,0.86602540378443871,-0.49999999999999978,-0.43388373911755801,-0.90096886790241915
2026-05-22 12:00:00,1,-0.2362578618443989,0.98167225741826813,1,0,0.29999999999999999,0.53333333333333333,0.13311509046214642,61.812893092219944,5.360492875705992,17.073735793875343,0.032963470413895149,49.837086495463097,0.00097914828704759316,0.00096558951655723035,0.0038028248889408903,1.2246467991473532e-16,-1,-0.43388373911755801,-0.90096886790241915
2026-05-22 16:00:00,1,-0.28060988464473041,0.98206383904245198,1,0,0.29999999999999999,0.53333333333333333,0.35461579206738142,64.030494232236521,5.364301600036856,17.679176573195718,0.034595288352778787,50.260076672295639,0.0026379082492287154,0.0026785458532412321,0.0038175449107144474,-0.86602540378443837,-0.50000000000000044,-0.43388373911755801,-0.90096886790241915
2026-05-22 20:00:00,1,-0.15494918218323719,0.94550876051014376,1,0,-0.14999999999999999,0.53333333333333333,-0.13265518734137913,57.747459109161859,5.3744664628136949,18.38775754754225,0.033577903519507672,38.581241017654492,-0.0045937714606676394,-0.0009767149243913309,0.0039124771634673058,-0.8660254037844386,0.50000000000000011,-0.43388373911755801,-0.90096886790241915
2026-05-25 00:00:00,1,-0.35103301874321402,0.98088069663927946,1,0,0.10000000000000001,0.53333333333333333,0.89347462325396576,67.551650937160701,5.4361274002648958,19.850584210845675,0.037195093275513659,53.262815335389661,0.013079043860324546,0.011123180648885622,0.0047198925594675676,0,1,0,1
2026-05-25 04:00:00,1,0.18749191281575819,0.99341236145325273,1,0,0.10000000000000001,0.53333333333333333,0.89009161242873447,68.749191281575818,5.3900397820677641,21.397235766485224,0.038960635813644957,62.611452257713808,0.001990636305782445,0.010475908705439352,0.0045026125247333891,0.8660254037844386,0.50000000000000011,0,1
2026-05-25 08:00:00,1,0.18216055622318023,0.99512558229389558,1,0,0.29999999999999999,0.53333333333333333,0.96839208161049262,68.216055622318024,5.3516744264159488,22.723900319619123,0.039709713932340455,63.440914512892931,-0.0003911231803712667,0.014678556985735725,0.0045307596717042301,0.86602540378443871,-0.49999999999999978,0,1
2026-05-25 12:00:00,1,0.17203903214730829,0.994147790589063,1,0,0.29999999999999999,0.53333333333333333,0.13309318081700394,67.203903214730829,5.2954189336528037,23.955803118957743,0.038176066820180814,58.142760631669773,-0.00070574583704541283,0.00089376728836576547,0.0044859791838269122,1.2246467991473532e-16,-1,0,1
2026-05-25 16:00:00,1,0.17748550863146334,0.9912956552784169,1,0,-0.29999999999999999,0.53333333333333333,-0.054880105620347834,67.748550863146335,5.2529743734697654,24.824100781239871,0.038392918523236841,51.918841146175367,0.00074586807613918893,-0.0003510009412774906,0.0042879432394033364,-0.86602540378443837,-0.50000000000000044,0,1
2026-05-25 20:00:00,1,0.35497101726292668,0.98588994386697348,1,0,0.14999999999999999,0.53333333333333333,0.0067611648910818325,67.748550863146335,5.1788664013160437,25.630377181930417,0.037750301312528628,43.899470414744314,0,4.0122239093776102e-05,0.0042911652551874168,-0.8660254037844386,0.50000000000000011,0,1
2026-05-26 00:00:00,1,0.10482254927003744,0.90209784837048457,1,0,-0.10000000000000001,0.53333333333333333,-0.57925380497159729,60.482254927003744,5.1739518199384413,24.885470279846313,0.036951921862230501,26.19804148108804,-0.0046615912683911631,-0.0039157231922519742,0.0043929877090095404,0,1,0.7818314824680298,0.62348980185873359
2026-05-26 04:00:00,1,0.094456576690986727,0.56702265393740126,1,0,-0.10000000000000001,0.53333333333333333,-0.73998729101575345,59.445657669098672,5.1266169863240965,23.946342383337438,0.03586641425680704,10.833179654854945,-0.0007056546751780246,-0.0053672459435691877,0.0044089897674008107,0.8660254037844386,0.50000000000000011,0.7818314824680298,0.62348980185873359
2026-05-26 08:00:00,1,0.097147535728217702,-0.028180847756877837,1,0,-0.29999999999999999,0.53333333333333333,-0.73153836602591893,59.71475357282177,5.0975562090138684,22.853975588066156,0.033649176405305715,-0.46122155168021095,0.00025543728649424224,-0.0051118086570749455,0.0043471532007016414,0.86602540378443871,-0.49999999999999978,0.7818314824680298,0.62348980185873359
2026-05-26 12:00:00,1,0.13552902213440227,-0.1205217836109824,1,0,0.29999999999999999,0.53333333333333333,0.54610094219859406,63.552902213440227,5.0807743078347052,22.409735375703161,0.033467279752333469,-1.9486504055830949,0.0037567926328669898,0.0033065752441832075,0.004186818249595224,1.2246467991473532e-16,-1,0.7818314824680298,0.62348980185873359
2026-05-26 16:00:00,1,0.15298189419769939,-0.04994895499052366,1,0,0.29999999999999999,0.53333333333333333,0.77200525837350698,65.29818941976994,5.1369665384740486,23.030091970089618,0.032853458929967369,-0.8508327386436747,0.0018363573713635617,0.0058485872907247938,0.0041524923659070762,-0.86602540378443837,-0.50000000000000044,0.7818314824680298,0.62348980185873359
2026-05-26 20:00:00,1,0.17413307519539786,0.15922370004640254,1,0,0.14999999999999999,0.53333333333333333,0.88413452061854236,67.413307519539785,5.1313697425171112,23.606137379162757,0.029620395297578025,2.7179679929779184,0.002306551994545103,0.0078997019987756545,0.0037957298104829727,-0.8660254037844386,0.50000000000000011,0.7818314824680298,0.62348980185873359
2026-05-27 00:00:00,1,0.19927194455359312,0.49052181065994149,1,0,0.10000000000000001,0.53333333333333333,0.85807493481540775,69.927194455359313,5.1050507992784944,24.283052386854646,0.026869044978923222,8.8484096544403315,0.0029297513689989785,0.0070726607349076431,0.0038069530106442846,0,1,0.97492791218182362,-0.22252093395631434
2026-05-27 04:00:00,1,0.36755796484532111,0.51676003715371888,1,0,0.10000000000000001,0.53333333333333333,0.68417731719861785,68.377898242266056,5.0691206123842685,25.023903637489205,0.025727625364498744,9.0953246784997077,-0.00079817222806966015,0.0044381311354744213,0.0036355648310631614,0.8660254037844386,0.50000000000000011,0.97492791218182362,-0.22252093395631434
2026-05-27 08:00:00,1,0.41981629424419764,0.67111691837544452,1,0,0.29999999999999999,0.53333333333333333,0.74935269893135625,70.990814712209882,5.0697786482690645,26.009703062614001,0.02618301882261314,12.934389684282678,0.0030097690649544262,0.0051413482058837445,0.0036049222199580578,0.86602540378443871,-0.49999999999999978,0.97492791218182362,-0.22252093395631434
2026-05-27 12:00:00,1,0.45488507395557465,0.78508956496714322,1,0,0.29999999999999999,0.53333333333333333,0.67141402395780736,72.744253697778731,5.0901980054845986,27.624947154385548,0.026955994971060618,17.192391123470401,0.0021703087208297944,0.0043819055577145605,0.0036127976360888023,1.2246467991473532e-16,-1,0.97492791218182362,-0.22252093395631434
2026-05-27 16:00:00,1,0.14422207693043376,-0.0092017521835304986,1,0.5,-0.29999999999999999,0.53333333333333333,-0.57515149161305335,57.211103846521688,5.1858627995542124,26.593915588890166,0.02474869221156558,-0.16446534056117912,-0.0090836567963812342,-0.0039035790105970136,0.004260982762644909,-0.86602540378443837,-0.50000000000000044,0.97492791218182362,-0.22252093395631434
2026-05-27 20:00:00,1,0.22886187071781208,-0.2371397644671813,1,0.5,-0.14999999999999999,0.53333333333333333,-0.40071374904661228,61.443093535890604,5.2045397717264095,25.636529135215881,0.022929238033491058,-4.4020369256709557,0.0043459781516421714,-0.0025673699239092684,0.0043368482728861181,-0.8660254037844386,0.50000000000000011,0.97492791218182362,-0.22252093395631434
2026-05-28 00:00:00,1,0.092787453125738037,-0.55559673161646039,1,0.5,-0.10000000000000001,0.53333333333333333,-0.77552762952794307,59.278745312573804,5.2002955764984202,24.844830631688616,0.021295251874290745,-11.358994208586637,-0.0014876374107011259,-0.0062253160554401887,0.0043482466358975881,0,1,0.43388373911755823,-0.90096886790241903
2026-05-28 04:00:00,0.33333333333333331,-0.021912751280049818,-0.94921083705661602,1,-0.5,-0.10000000000000001,0.53333333333333333,-0.77465439640014377,47.808724871995018,5.2518379498874479,23.391561893825322,0.017247869907914628,-34.818429110150646,-0.0094599980346963264,-0.0066016572937552809,0.0047752368115744452,0.8660254037844386,0.50000000000000011,0.43388373911755823,-0.90096886790241903
2026-05-28 08:00:00,1,0.04379394988501488,-0.95649079129983472,1,-0.5,-0.29999999999999999,0.53333333333333333,-0.59318691933115253,54.379394988501488,5.2646937109118914,22.042098065809405,0.017086673463343346,-36.800931620333728,0.0065482149380038379,-0.0043994205073936143,0.0040321376111192219,0.86602540378443871,-0.49999999999999978,0.43388373911755823,-0.90096886790241903
2026-05-28 12:00:00,1,0.065471920186518553,-0.93596435451778282,0.5,0.5,-0.29999999999999999,0.53333333333333333,-0.079336367688229201,56.547192018651856,5.2663223248129629,20.635872122081697,0.017188353350876862,-33.0157876416622,0.0023987507310874179,-0.00051303236560507059,0.0040430667749081547,1.2246467991473532e-16,-1,0.43388373911755823,-0.90096886790241903
2026-05-28 16:00:00,1,0.13575306038005316,-0.55339454787886988,0.5,0.5,0.29999999999999999,0.53333333333333333,0.98849213268313252,63.575306038005316,5.3423443677470814,20.746406178672384,0.01970650598813143,-13.0262897927567,0.0089931258988755758,0.017940091567966832,0.0044960606852558352,-0.86602540378443837,-0.50000000000000044,0.43388373911755823,-0.90096886790241903
2026-05-28 20:00:00,1,0.129924954629279,-0.10613933132385399,0.5,0.5,0.14999999999999999,0.53333333333333333,0.9292222359169523,62.992495462927899,5.2924528771101986,20.906460811424697,0.021400275677362114,-2.1183528473599438,-0.00047565882946720706,0.010916217800495787,0.0044927837986555863,-0.8660254037844386,0.50000000000000011,0.43388373911755823,-0.90096886790241903
2026-05-29 00:00:00,1,0.10372479843266284,-0.030467569551562497,0.5,0.5,0.10000000000000001,0.53333333333333333,0.76102091102441349,60.372479843266284,5.2661250491473544,20.757489780046573,0.022186711975017266,-0.5902300224498731,-0.0020936043592350018,0.006423862710173367,0.0045336487645644399,0,1,-0.43388373911755801,-0.90096886790241915
2026-05-29 04:00:00,1,0.11718768928351836,0.11713764865158774,0.5,0.5,-0.10000000000000001,0.53333333333333333,-0.14923384696958858,61.718768928351835,5.226949054339765,20.480784324692443,0.023187752431885963,2.1914415703575969,0.0016441631788932654,-0.00092510000980894347,0.004539213564706668,0.8660254037844386,0.50000000000000011,-0.43388373911755801,-0.90096886790241915
2026-05-29 08:00:00,1,0.12213901817099604,0.19707150934426168,-1,0.5,0.29999999999999999,0.53333333333333333,0.023473342037527576,62.213901817099604,5.1867906986041357,20.470011128943892,0.023044468287718455,3.572215209813919,0.00058819837859402924,0.00013875719825229282,0.0043692837025987516,0.86602540378443871,-0.49999999999999978,-0.43388373911755801,-0.90096886790241915
2026-05-29 12:00:00,1,0.1317915039957368,0.28353737370798621,0.5,0.5,0.29999999999999999,0.53333333333333333,0.52939928901814293,63.179150399573679,5.1439231560009295,20.580150293195722,0.022448380271839024,4.9963462371034666,0.0011060651460841342,0.0033384267035714288,0.0043544393917622068,1.2246467991473532e-16,-1,-0.43388373911755801,-0.90096886790241915
2026-05-29 16:00:00,1,0.14595073472645312,0.38995999744260174,0.5,0.5,0.29999999999999999,0.53333333333333333,0.50917173314631237,64.595073472645311,5.1821160668510444,21.511882257000984,0.021777132324565501,7.3316383396960134,0.0016057427700886251,0.0033000062947667885,0.0043539872042529402,-0.86602540378443837,-0.50000000000000044,-0.43388373911755801,-0.90096886790241915
2026-05-29 20:00:00,1,0.13878060148715782,0.33536431383211551,0.5,0.5,0.14999999999999999,0.53333333333333333,0.37264764077354695,63.878060148715782,5.1718911098059799,22.377061937677297,0.021673593519251685,6.1485850041354411,-0.00043497746711729235,0.0022768304490554669,0.0043146077674537453,-0.8660254037844386,0.50000000000000011,-0.43388373911755801,-0.90096886790241915
2026-06-01 00:00:00,1,0.18573897524512206,0.66354778897099842,0.5,0.5,0.10000000000000001,0.53333333333333333,0.81098019279887601,68.573897524512205,5.1786976319179878,23.70787247256898,0.023447399396183465,14.180612343718565,0.005423666339229527,0.0065944316422008598,0.0044336488171660415,0,1,0,1
2026-06-01 04:00:00,1,0.38854670796798019,0.80914017833539409,0.5,0,0.10000000000000001,0.53333333333333333,0.79584268246403922,69.427335398399009,5.1351554537185207,25.105041443531572,0.025424913287508191,19.104787704981902,0.0010779376069365298,0.0060666264790487645,0.0044225339345772864,0.8660254037844386,0.50000000000000011,0,1
2026-06-01 08:00:00,1,0.30262674686328922,0.71033562556119245,0.5,0,0.29999999999999999,0.53333333333333333,0.62605996751878201,65.131337343164461,5.1258667019116606,25.628808781076785,0.026517048814342466,14.944472775523565,-0.0024327402278760957,0.0040688637182899612,0.0044554581844539034,0.86602540378443871,-0.49999999999999978,0,1
2026-06-01 12:00:00,1,0.24675453568470615,0.39561744139201038,1,0,-0.29999999999999999,0.53333333333333333,-0.50734767262995406,62.337726784235308,5.0943895677495616,25.851272694474439,0.026855763095987809,6.8249736652229558,-0.0016393688653266736,-0.0029941714862662394,0.004473605922045691,1.2246467991473532e-16,-1,0,1
2026-06-01 16:00:00,1,0.1643581167431668,0.44458993388305607,1,0,0.29999999999999999,0.53333333333333333,0.045232326256405546,66.435811674316682,5.1493844056184113,24.961935212832309,0.028385479614317276,8.2360679592279382,0.0043274984651535675,0.00025538937195079825,0.0045205733045385332,-0.86602540378443837,-0.50000000000000044,0,1
2026-06-01 20:00:00,1,0.13073687266686421,0.1872580265512018,1,0,0.14999999999999999,0.53333333333333333,0.12636627417937635,63.07368726668642,5.1542530960342008,24.752551360576948,0.029270976068823611,3.281400314686806,-0.0019662145247494323,0.00072191507507746167,0.0045422243836001882,-0.8660254037844386,0.50000000000000011,0,1
2026-06-02 00:00:00,1,0.056929389599223015,-0.55846076422595359,1,0,-0.10000000000000001,0.53333333333333333,-0.4039739890619598,55.692938959922301,5.151789003279446,23.475903017923244,0.027809526269452961,-10.892888019517756,-0.0047973708163606688,-0.0024360868759565335,0.004153224127251446,0,1,0.7818314824680298,0.62348980185873359
2026-06-02 04:00:00,1,0.082258849927796043,-0.74481126668985753,1,0,-0.10000000000000001,0.53333333333333333,-0.66451288594543512,58.225884992779605,5.1325255280787703,21.975292653358792,0.027407488956050025,-16.286992125691654,0.0023111349658382352,-0.0044524503752718658,0.0040825915986182496,0.8660254037844386,0.50000000000000011,0.7818314824680298,0.62348980185873359
2026-06-02 08:00:00,1,0.11754443247247714,-0.67233901603282498,1,0,0.29999999999999999,0.53333333333333333,0.17465793272277233,61.754443247247714,5.1190107010939183,21.331614643377417,0.026969950392604719,-13.624339424398329,0.0034534411127662423,0.00096720526224380876,0.0041015000616755146,0.86602540378443871,-0.49999999999999978,0.7818314824680298,0.62348980185873359
2026-06-02 12:00:00,1,0.10751106912778866,-0.69954436532591791,1,0.5,0.29999999999999999,0.53333333333333333,0.74894382408010562,60.751106912778866,5.0816744208735098,20.830817906120078,0.021278153360794541,-13.952931282995962,-0.00062611764861664199,0.0051384584299878355,0.0033429492444941172,1.2246467991473532e-16,-1,0.7818314824680298,0.62348980185873359
2026-06-02 16:00:00,1,0.15831263357265868,-0.26026137956625162,1,0.5,0.29999999999999999,0.53333333333333333,0.89774217306260407,65.831263357265868,5.1362879404609245,21.048925869925206,0.019203001206324549,-4.5308261841896353,0.0053079149575463447,0.008135238421695945,0.0032497047053233617,-0.86602540378443837,-0.50000000000000044,0.7818314824680298,0.62348980185873359
2026-06-02 20:00:00,1,0.17383176002997672,0.21455995344232562,1,0.5,0.14999999999999999,0.53333333333333333,0.82451337270991398,67.383176002997672,5.1336457297695537,21.502296689790374,0.017921916024672586,3.6971229538143291,0.0018053899363454917,0.0064871872452751944,0.0032407712648402274,-0.8660254037844386,0.50000000000000011,0.7818314824680298,0.62348980185873359
2026-06-03 00:00:00,1,0.15967864717779789,0.31902480952114126,1,0.5,0.10000000000000001,0.53333333333333333,0.8114968331583845,65.96786471777979,5.1413074504859635,21.687921307694079,0.019002883417697188,5.650581283046904,-0.00079149360269958891,0.0063218112911922475,0.00268711928916844,0,1,0.97492791218182362,-0.22252093395631434
2026-06-03 04:00:00,1,0.14922375856503137,0.23899544032002873,1,0.5,0.10000000000000001,0.53333333333333333,0.083824443775707899,64.922375856503137,5.1013498728199584,21.860287024318946,0.019373419205846773,4.0027516458558239,-0.00056387333574647869,0.00045002299789942413,0.0026891698501442475,0.8660254037844386,0.50000000000000011,0.97492791218182362,-0.22252093395631434
2026-06-03 08:00:00,1,0.15427179052617845,0.13971545885374242,1,0.5,-0.29999999999999999,0.53333333333333333,-0.1679029406503128,65.427179052617845,5.063257133744977,22.142483529814978,0.018802867814608912,2.2235103602186257,0.00048240840065361112,-0.00087295853779245647,0.0026106191621043974,0.86602540378443871,-0.49999999999999978,0.97492791218182362,-0.22252093395631434
2026-06-03 12:00:00,1,0.15445271294507379,-0.030085898391444772,1,0.5,-0.29999999999999999,0.53333333333333333,-0.013013680942539532,65.445271294507378,5.0348448191418429,22.670945956408161,0.018320766525390383,-0.46248685502740727,1.6293517949961256e-05,-6.5171417142906307e-05,0.0026080956595650566,1.2246467991473532e-16,-1,0.97492791218182362,-0.22252093395631434
2026-06-03 16:00:00,1,0.081794959970015457,-0.57031488635452232,1,0.5,-0.29999999999999999,0.53333333333333333,-0.52233419810650528,58.179495997001546,5.1046392800578628,21.363849386513632,0.016998536669435311,-10.677868589555288,-0.0036171481627551572,-0.0031184462441515848,0.0027823573723187588,-0.86602540378443837,-0.50000000000000044,0.97492791218182362,-0.22252093395631434
2026-06-03 20:00:00,0.33333333333333331,0.019613542118520896,-0.90289863268171255,1,-0.5,-0.14999999999999999,0.53333333333333333,-0.86508411534936169,51.96135421185209,5.1265965838669789,20.00403328461018,0.015823925466250072,-25.059060225665007,-0.0036335618209584197,-0.0072344164657636156,0.0029263538761348023,-0.8660254037844386,0.50000000000000011,0.97492791218182362,-0.22252093395631434
2026-06-04 00:00:00,0.33333333333333331,-0.039227084237041653,-0.96808581101522972,1,-0.5,-0.10000000000000001,0.53333333333333333,-0.87104835363117894,51.961354211852083,5.1105914537872392,19.190087146601925,0.0150628544007538,-34.162921389019004,0,-0.0072507099837135769,0.0029096254168757968,0,1,0.43388373911755823,-0.90096886790241903
2026-06-04 04:00:00,0.33333333333333331,-0.037256189440810487,-0.982718705852892,1,-0.5,-0.10000000000000001,0.53333333333333333,-0.58875453349158902,51.862809472040524,5.1157624165776232,18.21118874333515,0.014076786089377341,-39.512440425527046,-5.5802197636012352e-05,-0.0036893640185944321,0.0029066059002264828,0.8660254037844386,0.50000000000000011,0.43388373911755823,-0.90096886790241903
2026-06-04 08:00:00,0.33333333333333331,0.12397968929575327,-0.99546968504323385,1,-0.5,-0.29999999999999999,0.53333333333333333,-0.72119015178564194,43.801015535212336,5.1369578656858783,17.482687853148704,0.015509948208572972,-51.806699147166711,-0.0050415905492862123,-0.0050973927469222247,0.002859113863757686,0.86602540378443871,-0.49999999999999978,0.43388373911755823,-0.90096886790241903
2026-06-04 12:00:00,0.33333333333333331,0.15553758264501311,-0.99821532659964451,1,-0.5,-0.29999999999999999,0.53333333333333333,-0.80213555656386937,42.223120867749344,5.1428173698364583,17.841161024440179,0.017113979917152165,-60.096920862918182,-0.0011289514495622655,-0.0062263441964844901,0.0028449073454433413,1.2246467991473532e-16,-1,0.43388373911755823,-0.90096886790241903
2026-06-04 16:00:00,0.33333333333333331,-0.030443630892246887,-0.99340262572389471,0.5,-0.5,-0.29999999999999999,0.53333333333333333,-0.099522656083628119,51.522181544612344,5.2109551776416785,17.030916956898249,0.017169851351490684,-52.3317985400504,0.0055696504942179814,-0.00060089150463049634,0.0030996731760639076,-0.86602540378443837,-0.50000000000000044,0.43388373911755823,-0.90096886790241903
2026-06-04 20:00:00,0.33333333333333331,0.031874899323785823,-0.99070480119846926,0.5,-0.5,0.14999999999999999,0.53333333333333333,0.37147818273499777,48.406255033810709,5.2193117969650062,16.086646224947209,0.017349874708594209,-49.590599645709531,-0.0020648257166833162,0.0023758733279723998,0.0031127363132202879,-0.8660254037844386,0.50000000000000011,0.43388373911755823,-0.90096886790241903
2026-06-05 00:00:00,0.33333333333333331,0.24592189279017604,-0.99728790874126083,0.5,-0.5,-0.10000000000000001,0.53333333333333333,-0.70155509876223932,37.703905360491198,5.2592388002757211,16.166768027528601,0.02082487132992885,-63.488115093861424,-0.0090492071741721247,-0.0055443823966374595,0.003531453873293853,0,1,-0.43388373911755801,-0.90096886790241915
2026-06-05 04:00:00,0.33333333333333331,0.1595725144874251,-0.99741254240486998,1,0,-0.10000000000000001,0.53333333333333333,-0.86250876273815558,42.021374275628744,5.2603393124594948,16.595472736161572,0.022511463506670531,-64.011534755765467,0.0028389606456808991,-0.0082750722451745418,0.0036048650289332933,0.8660254037844386,0.50000000000000011,-0.43388373911755801,-0.90096886790241915
2026-06-05 08:00:00,0.33333333333333331,0.20804727648644189,-0.99800032151184082,1,0,-0.29999999999999999,0.53333333333333333,-0.87479740538680606,39.597636175677906,5.2516781045467562,16.993555679892189,0.024419077792974725,-65.921788541436911,-0.0023276181280316166,-0.0085378646565228422,0.0034896179625495366,0.86602540378443871,-0.49999999999999978,-0.43388373911755801,-0.90096886790241915
2026-06-05 12:00:00,0.33333333333333331,0.2749013430110081,-0.99869443955304749,1,0,-0.29999999999999999,0.53333333333333333,-0.43095791262669259,36.254932849449595,5.2605866648222985,17.172326675943882,0.027567942639906948,-70.620695907561867,-0.0034649746695478711,-0.0029536321518985886,0.0034962993211394445,1.2246467991473532e-16,-1,-0.43388373911755801,-0.90096886790241915
2026-06-05 16:00:00,0.33333333333333331,0.51394565031845274,-0.99980289785626031,1,0,-0.29999999999999999,0.53333333333333333,-0.99676220712886732,24.302717484077363,5.4371247556919009,19.525968586768993,0.03950708764167004,-105.9844104971542,-0.018955825845411667,-0.024748418642991155,0.0052598697371845143,-0.86602540378443837,-0.50000000000000044,-0.43388373911755801,-0.90096886790241915
2026-06-05 20:00:00,-0.33333333333333331,-0.32684539580694105,-0.99999117668069282,0.5,0,-0.14999999999999999,0.53333333333333333,-0.99989725609649238,17.315460419305893,5.5797156069112912,22.68751289658168,0.060069504556979222,-163.38680802781732,-0.021990675514448554,-0.044411476029408092,0.0069229452518784641,-0.8660254037844386,0.50000000000000011,-0.43388373911755801,-0.90096886790241915
2026-06-08 00:00:00,-0.33333333333333331,-0.3998674350345266,-0.99998665606505288,0.5,0,-0.10000000000000001,0,-0.99474526884988423,30.006628248273671,5.6320437489113893,25.623232612836315,0.067253540889994828,-166.38874027656729,0.012936550161100513,-0.028009951198759708,0.0075745919518878059,0,1,0,1
2026-06-08 04:00:00,-0.33333333333333331,-0.43161850133752977,-0.99998930843227185,-1,0,-0.10000000000000001,0,-0.89116892045562413,28.419074933123511,5.6160484470675431,28.349258063644193,0.073752452033571517,-166.79338219022509,-0.0043532513808752782,-0.01340737673422332,0.007517382130711887,0.8660254037844386,0.50000000000000011,0,1
2026-06-08 08:00:00,-0.33333333333333331,-0.37769861978198405,-0.99996434720095506,-1,0,0.29999999999999999,0,0.83686656105555246,31.115069010900797,5.6244860548228521,30.955431311212699,0.077464797957079112,-151.51812669452838,0.0029923221739522887,0.011575620954177523,0.0076164851050337197,0.86602540378443871,-0.49999999999999978,0,1
2026-06-08 12:00:00,-0.33333333333333331,-0.204686485615414,-0.99930026601520749,-1,0,0.29999999999999999,0,0.73897996043343595,39.7656757192293,5.6467553897492255,31.970444185000414,0.077369212714155478,-112.74757994443286,0.010523683057705568,0.009162753850782579,0.0081547263925406503,1.2246467991473532e-16,-1,0,1
2026-06-08 16:00:00,-0.33333333333333331,-0.15679894512141146,-0.98799587798505728,-1,0,0.29999999999999999,0,0.9323258810837779,42.160052743929427,5.6778581563677788,31.714852785705848,0.075785539595331283,-74.683061457242047,0.0031992435868293256,0.016715248818487183,0.0082208986510691577,-0.86602540378443837,-0.50000000000000044,0,1
2026-06-08 20:00:00,-0.33333333333333331,-0.20899113586241014,-0.95408888183692209,-1,0,0.14999999999999999,0,0.71159157352084734,39.550443206879493,5.6663264467589762,31.477517914932324,0.074130570311049401,-54.196112510893158,-0.0049353167952315147,0.0087876098493033794,0.0082353221758008459,-0.8660254037844386,0.50000000000000011,0,1
2026-06-09 00:00:00,-0.33333333333333331,-0.24191583665124383,-0.90707071489094149,-1,0,-0.10000000000000001,0,-0.47719510005085136,37.904208167437808,5.6381063955347139,31.456257226336287,0.073057033574552177,-42.441323876767541,-0.0032287426767805272,-0.0049648158851827162,0.0082320828092581934,0,1,0.7818314824680298,0.62348980185873359
2026-06-09 04:00:00,-0.33333333333333331,-0.10302506792099664,-0.44858096064441128,-1,0,0.10000000000000001,0,0.09182967340276732,44.848746603950168,5.643095110731597,30.672380656000847,0.07082324883545478,-13.634598833687107,0.0090434123250187071,0.00087935285300666521,0.0085887948040664283,0.8660254037844386,0.50000000000000011,0.7818314824680298,0.62348980185873359
2026-06-09 08:00:00,-0.33333333333333331,-0.084292193262612752,0.3474969759215365,0.5,0,0.29999999999999999,0,0.64923346544231386,45.785390336869362,5.601896851616571,29.654989030981895,0.067904171917796644,9.8241203639394143,0.0012905712399291502,0.0071052408881673301,0.0086052893755763984,0.86602540378443871,-0.49999999999999978,0.7818314824680298,0.62348980185873359
2026-06-09 12:00:00,0.33333333333333331,-0.037689540083629965,0.84557294064686606,0.5,0,0.29999999999999999,0,0.91094552916137672,48.115522995818502,5.5599445707360982,28.47304300965585,0.064284535731454318,32.226939232425082,0.0031619460497704921,0.013495929614718349,0.0086618370843691561,1.2246467991473532e-16,-1,0.7818314824680298,0.62348980185873359
2026-06-09 16:00:00,-0.33333333333333331,-0.40580908738163002,-0.7332390212356793,0.5,0,-0.29999999999999999,0,-0.99632314019783264,29.709545630918498,5.8772774242760528,30.305256906361699,0.071439601239965358,-33.389078055713668,-0.043174102149620808,-0.038721584859921165,0.012765350599970764,-0.86602540378443837,-0.50000000000000044,0.7818314824680298,0.62348980185873359
2026-06-09 20:00:00,-0.33333333333333331,-0.15614984168823015,-0.63206944839489165,0.5,0,-0.14999999999999999,0,-0.86540882251719131,42.192507915588493,5.9483283535059854,32.006598381874269,0.069959012971409648,-28.536314642747783,0.022863002229042806,-0.01714915387080751,0.014030458162037778,-0.8660254037844386,0.50000000000000011,0.7818314824680298,0.62348980185873359
2026-06-10 00:00:00,-0.33333333333333331,-0.1704695080626962,-0.59767835975444139,0.5,0,-0.10000000000000001,0,-0.94431225447040257,41.47652459686519,5.9127615870812624,33.586415466278801,0.065863725237083379,-25.493608326191065,-0.0020422835282012386,-0.02235338344877924,0.01391835661097515,0,1,0.97492791218182362,-0.22252093395631434
2026-06-10 04:00:00,-0.33333333333333331,-0.21353836504158777,-0.6996541481553048,0.5,0,0.10000000000000001,0,0.8231384380501392,39.323081747920611,5.8879347155278436,35.189910943060795,0.062155965357811968,-31.255584262557477,-0.0061450701548793063,0.014675648545962261,0.01394403934936223,0.8660254037844386,0.50000000000000011,0.97492791218182362,-0.22252093395631434
2026-06-10 08:00:00,-0.33333333333333331,-0.24550973618838839,-0.80505321476092861,0.5,0,-0.29999999999999999,0,-0.78226898991171034,37.724513190580581,5.8697761059210443,36.843058366829545,0.061356477840531568,-39.412333050785264,-0.0046824186252987232,-0.012869772308379268,0.013870762054624192,0.86602540378443871,-0.49999999999999978,0.97492791218182362,-0.22252093395631434
2026-06-10 12:00:00,-0.33333333333333331,-0.21803701090081176,-0.76042573473221542,0.5,0,-0.29999999999999999,0,-0.59383531753236596,39.098149454959412,5.8751325109866741,38.544229688975598,0.057324965297119543,-35.508329654583008,0.0024151033813577527,-0.0084123853988202768,0.013862782362317003,1.2246467991473532e-16,-1,0.97492791218182362,-0.22252093395631434
2026-06-10 16:00:00,-0.33333333333333331,-0.24751102287511684,-0.74328224674990129,0.5,0,-0.29999999999999999,0,-0.44623380361391318,37.624448856244157,5.9269515366325338,38.924829460682574,0.053355698813675655,-35.917435996820416,-0.0039854406997701375,-0.006252755943711108,0.013867636543922347,-0.86602540378443837,-0.50000000000000044,0.97492791218182362,-0.22252093395631434
2026-06-10 20:00:00,-0.33333333333333331,-0.31027271368459081,-0.853588258725959,0.5,0,-0.14999999999999999,0,-0.66315542194470078,34.486364315770459,5.9355410698857325,39.625069149650891,0.051666328232493827,-48.00786039308025,-0.0089923406748368961,-0.010562677993249281,0.013944284841047174,-0.8660254037844386,0.50000000000000011,0.97492791218182362,-0.22252093395631434
2026-06-11 00:00:00,-0.33333333333333331,-0.26935338152993082,-0.83065712845366724,-1,0,-0.10000000000000001,0,-0.63441325749481903,36.532330923503459,5.9216128442692364,40.48591431775899,0.053548356366451534,-44.39794255195784,0.0032366123190534779,-0.0097411690555535557,0.013457373508494018,0,1,0.43388373911755823,-0.90096886790241903
2026-06-11 04:00:00,-0.33333333333333331,-0.17283775472257715,-0.54835349006922085,-1,0,0.10000000000000001,0,0.16504960494458901,41.358112263871142,5.9015529154326627,40.293218401767227,0.053849437808712236,-22.522123975828038,0.0078756232593999442,0.002119894903616526,0.012711222753576893,0.8660254037844386,0.50000000000000011,0.43388373911755823,-0.90096886790241903
2026-06-11 08:00:00,-0.33333333333333331,-0.11832421048599556,0.10825497082076886,0.5,0,0.29999999999999999,0,0.85276952263223993,44.083789475700222,5.8778682554613706,39.587611959427178,0.054022691614415336,3.8804205236115763,0.0046590857363302263,0.015771321314783648,0.012395243543604127,0.86602540378443871,-0.49999999999999978,0.43388373911755823,-0.90096886790241903
2026-06-11 12:00:00,-0.33333333333333331,-0.14914864455151716,0.44781630574184811,0.5,0,0.29999999999999999,0,0.63324787140363126,42.542567772424142,5.8629440181069015,39.038609744759029,0.054636904971481354,16.953530686645252,-0.0033698548045677512,0.0091648541911624193,0.012381154457930067,1.2246467991473532e-16,-1,0.43388373911755823,-0.90096886790241903
2026-06-11 16:00:00,-0.33333333333333331,-0.16312020669473157,0.58999966735999565,0.5,0,-0.29999999999999999,0,-0.016661961590209554,41.843989665263422,5.8862938244369598,38.01051942177277,0.055273378311372343,24.40059069139221,-0.0014978881191947124,-0.00020865718743223738,0.012355852376979582,-0.86602540378443837,-0.50000000000000044,0.43388373911755823,-0.90096886790241903
2026-06-11 20:00:00,0.33333333333333331,0.085882188553783573,0.95117728610930485,0.5,0,0.14999999999999999,0,0.86746025667970328,54.294109427689179,5.981033243218028,35.393347964888491,0.054969373471461573,72.994438697665885,0.022827778953267597,0.017960036029505133,0.013219654687125919,-0.8660254037844386,0.50000000000000011,0.43388373911755823,-0.90096886790241903
2026-06-12 00:00:00,0.33333333333333331,0.13317225532300442,0.9943604724786711,0.5,0,0.10000000000000001,0.53333333333333333,0.96622526372046003,56.65861276615022,5.9475386239533634,33.067949526239488,0.055144337978444764,112.32176535368643,0.0053263842349995372,0.026656275069072422,0.013255882806036786,0,1,-0.43388373911755801,-0.90096886790241915
2026-06-12 04:00:00,0.33333333333333331,0.11545058697478879,0.99846861422424216,0.5,0,0.10000000000000001,0.53333333333333333,0.97221643751459808,55.77252934873944,5.8977088962311672,30.90865097606541,0.05602905616792099,130.6386221527018,-0.0015160285669981732,0.026638134621268961,0.013210413869526594,0.8660254037844386,0.50000000000000011,-0.43388373911755801,-0.90096886790241915
2026-06-12 08:00:00,0.33333333333333331,0.089283397220372512,0.99878721290802863,1,0,0.29999999999999999,0.53333333333333333,0.13366308941888294,54.464169861018625,5.8859308268292638,29.126916583111296,0.056905594533197122,133.30965436093319,-0.0021663558955449247,0.0016439997724564392,0.013198017485508287,0.86602540378443871,-0.49999999999999978,-0.43388373911755801,-0.90096886790241915
2026-06-12 12:00:00,0.33333333333333331,0.060602076403525017,0.99832586483831542,1,0,-0.29999999999999999,0.53333333333333333,-0.46220523524270229,53.030103820176251,5.8696377494270298,27.14377919936868,0.055520392701983168,125.44314774838685,-0.0023241284790191941,-0.006006512941562292,0.013043554242609673,1.2246467991473532e-16,-1,-0.43388373911755801,-0.90096886790241915
2026-06-12 16:00:00,0.33333333333333331,0.15194027276320782,0.99852138203494711,1,0,0.29999999999999999,0.53333333333333333,0.33464533336452534,57.597013638160391,5.9035245824826506,25.77161711902086,0.055903924100171101,132.04333818114398,0.0087990515581957141,0.0043085671836315953,0.013199234135389504,-0.86602540378443837,-0.50000000000000044,-0.43388373911755801,-0.90096886790241915
2026-06-12 20:00:00,0.33333333333333331,0.075622138083923221,0.99878386417100795,1,0,0.14999999999999999,0.53333333333333333,0.49239007173659116,57.562213808392322,5.8641469624819402,24.497466615840739,0.055268021591802316,130.38847213372827,-5.0581263025151202e-05,0.0064243418161513688,0.013179074438688161,-0.8660254037844386,0.50000000000000011,-0.43388373911755801,-0.90096886790241915
2026-06-15 00:00:00,0.33333333333333331,0.1485291725256829,0.99958159814704761,1,0,0.10000000000000001,0.53333333333333333,0.96584266642642658,64.85291725256829,5.8956733470843581,23.543688440820581,0.061148109873786188,153.96239905476773,0.015997076224625317,0.02474554651979588,0.0089689992080534495,0,1,0,1
2026-06-15 04:00:00,0.33333333333333331,0.16054610751195553,0.9998755188502475,1,0,0.10000000000000001,0.53333333333333333,0.92840118367355251,66.054610751195554,5.8437099023690315,22.824730111447643,0.069458317545047207,167.08425839309183,0.0030319671850360663,0.018978462146636232,0.0076389450860184852,0.8660254037844386,0.50000000000000011,0,1
2026-06-15 08:00:00,0.33333333333333331,0.1681576843858727,0.99993663114748543,1,0,0.29999999999999999,0.53333333333333333,0.95668195006928169,66.81576843858727,5.7958715117901454,22.410237115630196,0.076663857981839112,170.38456648716107,0.0018841299078182772,0.020913173317479661,0.0075833648119131101,0.86602540378443871,-0.49999999999999978,0,1
2026-06-15 12:00:00,1,0.16595706716445222,0.99993846104275319,1,0,0.29999999999999999,0.53333333333333333,0.42094861552571733,66.595706716445221,5.7477090233593655,22.025350762371133,0.081568720410246112,162.83218342493532,-0.00025761874550056518,0.0046584783473537783,0.0073587894080389977,1.2246467991473532e-16,-1,0,1
2026-06-15 16:00:00,1,0.20448399036841095,0.99994975239035588,1,0,0.29999999999999999,0.53333333333333333,0.78692494402912805,70.448399036841096,5.7554329092818355,22.445550656590424,0.087394950889067638,167.29662670806781,0.0094257973868892009,0.011052308549206913,0.0073242469151123674,-0.86602540378443837,-0.50000000000000044,0,1
2026-06-15 20:00:00,1,0.19396140658065902,0.9999496169641422,1,0,0.14999999999999999,0.53333333333333333,0.67317819286603664,69.396140658065903,5.6994467973666794,22.835736272651193,0.091271421144817302,158.14750514277944,-0.0011459405495966024,0.0080222380917920333,0.0073839420732118273,-0.8660254037844386,0.50000000000000011,0,1
2026-06-16 00:00:00,1,0.17660977296284727,0.99988521393654939,1,0,0.10000000000000001,0.53333333333333333,0.59597499547734001,67.660977296284727,5.6531975663821115,22.934320706964424,0.092083669183811501,139.25741937815528,-0.0018296766774277273,0.0064501801598648711,0.0072935079507862365,0,1,0.7818314824680298,0.62348980185873359
2026-06-16 04:00:00,1,0.18246323642321571,0.99972516528851418,1,0,-0.10000000000000001,0.53333333333333333,-0.19101089756398482,68.24632364232157,5.6057825021273588,23.02200746083221,0.088765532718146467,120.93360004860779,0.0012529357066064506,-0.0017226815204178791,0.0067464870365271396,0.8660254037844386,0.50000000000000011,0.7818314824680298,0.62348980185873359
2026-06-16 08:00:00,1,0.19962975666426744,0.99946963158257784,1,0,0.29999999999999999,0.53333333333333333,0.34406716846057384,69.962975666426743,5.5728140049443446,23.370089055577804,0.085294470925925445,108.35938189097834,0.003664505875754287,0.0030877649049330103,0.0067462598499233879,0.86602540378443871,-0.49999999999999978,0.7818314824680298,0.62348980185873359
2026-06-16 12:00:00,1,0.16509139493056182,0.99766048313511657,1,0,0.29999999999999999,0.53333333333333333,0.19425544766778199,66.509139493056182,5.5437973608078135,23.784227726917749,0.081646951034055365,86.278127740209186,-0.0032679607291363766,0.001649480853224361,0.006828084283335519,1.2246467991473532e-16,-1,0.7818314824680298,0.62348980185873359
2026-06-16 16:00:00,1,0.065686934310432793,0.92719586863008052,1,0,-0.29999999999999999,0.53333333333333333,-0.82454952053531971,56.568693431043279,5.6046223395440711,22.271162306402523,0.076278109657531706,44.501730158365604,-0.010878230779727716,-0.010481685633109805,0.0074789119357924214,-0.86602540378443837,-0.50000000000000044,0.7818314824680298,0.62348980185873359
2026-06-16 20:00:00,0.33333333333333331,0.01633114779086256,0.038049833008252779,1,0,-0.14999999999999999,0.53333333333333333,-0.98088709038742283,51.633114779086256,5.5979009094822789,20.989476405407085,0.067794379318755218,1.0273062988626975,-0.0065168460045281762,-0.020663037513392268,0.0076336633711042374,-0.8660254037844386,0.50000000000000011,0.7818314824680298,0.62348980185873359
2026-06-17 00:00:00,1,-0.071159251186769551,-0.71576356811581932,1,0,-0.10000000000000001,0.53333333333333333,-0.93591360301573778,53.557962559338478,5.5533115696413908,19.799339497339897,0.056173337496401306,-23.199876042429935,0.0028798267371463737,-0.014515250047109518,0.0075895779437854033,0,1,0.97492791218182362,-0.22252093395631434
2026-06-17 04:00:00,1,-0.11617616029606907,-0.86921346733871951,0.5,0,-0.10000000000000001,0.53333333333333333,-0.027396075217921697,55.808808014803454,5.5140278652009505,18.427317336008297,0.052704265410324053,-33.000126218709624,0.0034117492737184563,-0.00022526999366334621,0.0058658331097940775,0.8660254037844386,0.50000000000000011,0.97492791218182362,-0.22252093395631434
2026-06-17 08:00:00,1,-0.12664095723948704,-0.92163993787915088,0.5,0,0.29999999999999999,0.53333333333333333,0.71192644052886023,56.332047861974353,5.4761443552987208,17.547838135073277,0.050289731152845574,-38.223254513160583,0.00078160192623144553,0.0070731779370962755,0.0057885956361514411,0.86602540378443871,-0.49999999999999978,0.97492791218182362,-0.22252093395631434
2026-06-17 12:00:00,1,-0.11507337886237949,-0.95205169205611662,0.5,0,0.29999999999999999,0.53333333333333333,0.4321850371342042,55.753668943118974,5.4456309760696611,16.389731446983447,0.046871498854873336,-42.948003952255789,-0.00063583319469273647,0.0035575180052571653,0.0057713097827148414,1.2246467991473532e-16,-1,0.97492791218182362,-0.22252093395631434
2026-06-17 16:00:00,1,-0.065317950532706129,-0.9751730151043686,-1,0,-0.29999999999999999,0.53333333333333333,-0.31790903242525753,53.265897526635307,5.4506290982276617,15.520213434533076,0.041912562115969859,-50.965126208957287,-0.00269020229285033,-0.0025444335613116209,0.0057880914640728526,-0.86602540378443837,-0.50000000000000044,0.97492791218182362,-0.22252093395631434
2026-06-17 20:00:00,0.33333333333333331,0.083292022276641689,-0.9928192280532887,-1,0,-0.14999999999999999,0.53333333333333333,-0.8946679476587126,45.835398886167916,5.5559894079860292,16.030147259349903,0.036152438087597397,-72.794313620598359,-0.009129466694449917,-0.012455502181992983,0.0061849605725213599,-0.8660254037844386,0.50000000000000011,0.97492791218182362,-0.22252093395631434
2026-06-18 00:00:00,1,-0.040281144056033329,-0.98970568937644698,-1,0,-0.10000000000000001,0.53333333333333333,-0.42593831400783794,52.014057202801666,5.5767813964908148,16.50365723953696,0.032359430552122134,-69.544645860771396,0.0078298738391140432,-0.0039897951481862037,0.0061219402576461407,0,1,0.43388373911755823,-0.90096886790241903
2026-06-18 04:00:00,0.33333333333333331,-0.026779968785094751,-0.9894488618157633,-1,0,-0.10000000000000001,0.53333333333333333,-0.24533392589201122,51.338998439254738,5.546531889467162,16.909319272911766,0.027934375090464994,-67.15494970313901,-0.00083515647400567161,-0.0021347493293415454,0.0061294302831651527,0.8660254037844386,0.50000000000000011,0.43388373911755823,-0.90096886790241903
2026-06-18 08:00:00,1,-0.055547285583013917,-0.98371274964909761,-1,0,0.29999999999999999,0.53333333333333333,0.78323577965230096,52.777364279150696,5.5240320801442397,16.956915915076689,0.028088360438745057,-60.183829619640733,0.0018191467666870409,0.0088138641317954125,0.0049713543829186958,0.86602540378443871,-0.49999999999999978,0.43388373911755823,-0.90096886790241903
2026-06-18 12:00:00,1,-0.11681261677465031,-0.95569422278402738,-1,0,0.29999999999999999,0.53333333333333333,0.54172389759664052,55.840630838732515,5.5025014692447511,16.797834952069948,0.028096241385930143,-46.45318897246662,0.0039527840298223538,0.0049367743225037231,0.0050056452343886599,1.2246467991473532e-16,-1,0.43388373911755823,-0.90096886790241903
2026-06-18 16:00:00,1,-0.19687532511852054,-0.77521652099576355,-1,0,0.29999999999999999,0.53333333333333333,0.87981634245892371,59.843766255926027,5.5222212691490187,15.770038437582647,0.028360641643851155,-25.851399358684233,0.0056137557020825568,0.011385686498591951,0.0051475499544236837,-0.86602540378443837,-0.50000000000000044,0.43388373911755823,-0.90096886790241903
2026-06-18 20:00:00,1,-0.21317736082084524,-0.40885442817665207,-1,0,0.14999999999999999,0.53333333333333333,0.87256451372066757,60.658868041042261,5.4896081275350488,14.824663565388589,0.028766924910010021,-10.515532926538697,0.0011873536731883405,0.010753893405093251,0.0051513380207667634,-0.8660254037844386,0.50000000000000011,0.43388373911755823,-0.90096886790241903
2026-06-19 00:00:00,1,-0.16020580459998968,-0.26480800796296255,-1,0,0.10000000000000001,0.53333333333333333,0.50538304521038335,58.010290229999484,5.4597404534657681,13.88017922171092,0.027459383551285594,-6.3758790755023824,-0.0024815623531306841,0.0043195470221402132,0.0047029405078668875,0,1,-0.43388373911755801,-0.90096886790241915
2026-06-19 04:00:00,0.33333333333333331,-0.026648443526172086,-0.6408814537323233,0.5,0,-0.10000000000000001,0.53333333333333333,-0.78131985558273487,51.332422176308604,5.4654265908802024,13.782941409064307,0.026323256053604856,-17.956782761338815,-0.0068976964915581362,-0.0081919051715004798,0.0049247497255950189,0.8660254037844386,0.50000000000000011,-0.43388373911755801,-0.90096886790241915
2026-06-19 08:00:00,1,-0.13710845573206087,-0.45363237907328663,0.5,0,-0.29999999999999999,0.53333333333333333,-0.27960431692397736,56.855422786603043,5.4756852175966273,13.776039276477718,0.025608202901545998,-11.684320646844327,0.0071217506872525149,-0.0022575081574363054,0.0052093307799291298,0.86602540378443871,-0.49999999999999978,-0.43388373911755801,-0.90096886790241915
2026-06-19 12:00:00,1,-0.1387698491528144,-0.33398429969946164,0.5,0,0.29999999999999999,0.53333333333333333,0.043960424819159877,56.93849245764072,5.4462084929474308,13.714599772422734,0.024499139601001987,-8.0532413537618055,0.00011200827555235549,0.00033606247124673416,0.0051989242813699175,1.2246467991473532e-16,-1,-0.43388373911755801,-0.90096886790241915
2026-06-19 16:00:00,1,-0.13496299332177869,-0.29921959227584916,1,0.5,0.29999999999999999,0.53333333333333333,0.74680298156469171,56.748149666088935,5.3976148215029429,13.442993436053344,0.021707700182633786,-6.8176990595992919,-0.00018119612553491038,0.00705256283726996,0.0051170781568378385,-0.86602540378443837,-0.50000000000000044,-0.43388373911755801,-0.90096886790241915
2026-06-19 20:00:00,1,-0.1352460119631641,-0.31766271831034204,1,0.5,-0.14999999999999999,0.53333333333333333,-0.007799484694434913,56.762300598158205,5.3236809636770639,13.190787552281767,0.020045164527758948,-6.7499572176536731,1.6473731811572634e-05,-5.271411817098226e-05,0.0050740741010625832,-0.8660254037844386,0.50000000000000011,-0.43388373911755801,-0.90096886790241915
2026-06-22 00:00:00,1,-0.11869118880623901,-0.3918643629343222,0.5,0.5,-0.10000000000000001,0.53333333333333333,-0.12206333582635398,55.934559440311951,5.3563129131370175,14.297734022337984,0.020416425496506175,-8.7744164686015296,-0.00069213050411320864,-0.00085685289783654639,0.0044233604164160972,0,1,0,1
2026-06-22 04:00:00,1,-0.090952575982792466,-0.55170691767711466,0.5,0.5,-0.10000000000000001,0.53333333333333333,-0.25808462283692329,54.547628799139623,5.3297975944054752,15.088099064319094,0.019544767078509922,-12.813732292323124,-0.0011216089004388863,-0.0017972656727405223,0.004145841172027603,0.8660254037844386,0.50000000000000011,0,1
2026-06-22 08:00:00,1,-0.1852699121102836,-0.29576985229586072,-1,0.5,0.29999999999999999,0.53333333333333333,0.41964754791330683,59.26349560551418,5.3307328766022275,15.036925722080799,0.020104047183755715,-6.29844426709613,0.0048534354070941532,0.0030396960025420583,0.0042280636189077694,0.86602540378443871,-0.49999999999999978,0,1
2026-06-22 12:00:00,1,-0.22687989175375947,0.080391335913182149,-1,0,0.29999999999999999,0.53333333333333333,0.72197371754012052,61.343994587687973,5.3094908532908933,14.60966299424282,0.021557920972787959,1.6294087225692806,0.002329435591313711,0.006061262097968978,0.0041970174715466159,1.2246467991473532e-16,-1,0,1
2026-06-22 16:00:00,1,-0.053183845373540352,-0.35110561825056785,-1,0,0.29999999999999999,0.53333333333333333,0.02491140701980335,52.659192268677018,5.3969706443574958,15.078526945948397,0.021553095125149191,-8.0945095977741914,-0.0070013489520572847,0.00018152204635057956,0.0045223882330258673,-0.86602540378443837,-0.50000000000000044,0,1
2026-06-22 20:00:00,1,-0.10515536318055496,-0.4182817263537385,-1,0,-0.14999999999999999,0.53333333333333333,-0.27518438724992395,55.257768159027748,5.3717925973144158,15.513900615389289,0.021730488347345252,-9.5916301501021195,0.0026728070317147967,-0.0019991063290287769,0.0045522197700590787,-0.8660254037844386,0.50000000000000011,0,1
2026-06-23 00:00:00,1,-0.055237225948744563,-0.60351070833982867,0.5,0.5,-0.10000000000000001,0.53333333333333333,-0.71975177410014524,52.761861297437228,5.3791495046833679,16.208946535113675,0.021205330062090195,-15.149389359852762,-0.0021383334754307981,-0.0064668753957732861,0.0045346265429544981,0,1,0.7818314824680298,0.62348980185873359
2026-06-23 04:00:00,0.33333333333333331,0.16859555547463231,-0.94912158756863307,0.5,-0.5,-0.10000000000000001,0.53333333333333333,-0.90498245084541418,41.570222226268385,5.4328767016083521,17.694868017522371,0.019087969406156143,-41.707941229679378,-0.011918372456282356,-0.011383898899998357,0.0048718641803075129,0.8660254037844386,0.50000000000000011,0.7818314824680298,0.62348980185873359
2026-06-23 08:00:00,0.33333333333333331,-0.17083549154451105,-0.99763449267391091,0.5,0,-0.29999999999999999,0.53333333333333333,-0.99770019066006577,32.916450845548894,5.5115215713451278,20.201944175060955,0.028069660521989049,-83.400996455138753,-0.013894900955238043,-0.027951606886951197,0.005469261446951615,0.86602540378443871,-0.49999999999999978,0.7818314824680298,0.62348980185873359
2026-06-23 12:00:00,0.33333333333333331,-0.18668792918067439,-0.9997747456455045,0.5,0,-0.29999999999999999,0.53333333333333333,-0.9982541506644268,31.331207081932561,5.504912495768707,22.663570270562573,0.036070723014596698,-111.77632440118614,-0.0031628163543047094,-0.028976089765825108,0.0054931013437015839,1.2246467991473532e-16,-1,0.7818314824680298,0.62348980185873359
2026-06-23 16:00:00,0.33333333333333331,-0.14064113133605233,-0.99973997887738897,0.5,0,-0.29999999999999999,0.53333333333333333,-0.89713860539419543,35.935886866394767,5.5566791786625886,24.226206267052106,0.040533766364374141,-115.85630449766643,0.0043805260607516772,-0.012677191248791075,0.0055910413210527917,-0.86602540378443837,-0.50000000000000044,0.7818314824680298,0.62348980185873359
2026-06-23 20:00:00,0.33333333333333331,-0.32391298729708268,-0.99977530077499277,0.5,0,-0.14999999999999999,0.53333333333333333,-0.28410478318492915,33.804350635145866,5.5730224079172652,25.773393924860184,0.045777397408902389,-119.68713016600314,-0.0038238503507024291,-0.0026061406442554613,0.0055083392964616071,-0.8660254037844386,0.50000000000000011,0.7818314824680298,0.62348980185873359
2026-06-24 00:00:00,-0.33333333333333331,-0.25490005261180071,-0.99946630053882834,0.5,0,0.10000000000000001,0,0.40273621058324838,37.254997369409963,5.5838641965592499,27.210068178539117,0.048426784122154974,-109.48009010606918,0.0032929759339879183,0.0038496516440371664,0.0053790349579194464,0,1,0.97492791218182362,-0.22252093395631434
2026-06-24 04:00:00,-0.33333333333333331,-0.28001598272350464,-0.9990388316108425,0.5,0,-0.10000000000000001,0,-0.28061134438778801,35.999200863824768,5.5756439673029483,28.544122842669555,0.050745343166386632,-100.81759421935368,-0.0020449766401799963,-0.002575851056894507,0.0053466988201924578,0.8660254037844386,0.50000000000000011,0.97492791218182362,-0.22252093395631434
2026-06-24 08:00:00,-0.33333333333333331,-0.25423569614022112,-0.99795326623024805,0.5,0,0.29999999999999999,0,0.27279905796983239,37.288215192988943,5.5360547461774026,29.534311206756939,0.052407379465860042,-87.310356358413856,0.0011584307608920597,0.0024064300546999817,0.0053744462794029849,0.86602540378443871,-0.49999999999999978,0.97492791218182362,-0.22252093395631434
2026-06-24 12:00:00,-0.33333333333333331,-0.2800780903851981,-0.99627025999321628,0.5,0,-0.29999999999999999,0,-0.32523391620923037,35.996095480740095,5.5026501637782319,30.542806083002951,0.054754919773146282,-77.070245726041506,-0.001917897001151303,-0.0028044428804392396,0.005216796002939568,1.2246467991473532e-16,-1,0.97492791218182362,-0.22252093395631434
2026-06-24 16:00:00,-0.33333333333333331,-0.34725862463327162,-0.99469173420903167,0.5,0,-0.29999999999999999,0,-0.6044005786198271,32.63706876833642,5.5411897211459467,32.076553191452,0.05712708564110925,-75.588909536224804,-0.0053086063696863306,-0.006068072609945574,0.004917872763490024,-0.86602540378443837,-0.50000000000000044,0.97492791218182362,-0.22252093395631434
2026-06-24 20:00:00,0.33333333333333331,-0.028051836741002773,-0.8592733172077901,0.5,0,0.14999999999999999,0,0.71514142235032552,48.597408162949861,5.7049378266066366,34.071180216819911,0.055945682940708785,-38.761578576114943,0.01631177678464546,0.0090852734138078262,0.0063584787329395241,-0.8660254037844386,0.50000000000000011,0.97492791218182362,-0.22252093395631434
2026-06-25 00:00:00,-0.33333333333333331,-0.085526462273413414,-0.58926465641777348,0.5,0,0.10000000000000001,0.53333333333333333,0.60574039559974258,45.723676886329329,5.688235694115451,35.808174576163353,0.054825264665273023,-19.983064645464367,-0.0039932826174240432,0.007009887797535086,0.0063925425519171207,0,1,0.43388373911755823,-0.90096886790241903
2026-06-25 04:00:00,-0.33333333333333331,-0.044001769334588235,-0.040071274860938796,0.5,0,0.10000000000000001,0.53333333333333333,0.91218243593794079,47.799911533270588,5.6495114284826826,37.446806580349936,0.05313131231827542,-1.1392457321603047,0.0024959898855918539,0.01481448405281327,0.0064392104620283139,0.8660254037844386,0.50000000000000011,0.43388373911755823,-0.90096886790241903
2026-06-25 08:00:00,0.33333333333333331,0.0002369158503914548,0.55021901300232734,0.5,0,0.29999999999999999,0.53333333333333333,0.12623467718425535,50.011845792519573,5.6224649450816075,37.743582816824201,0.051203818784441114,17.111274676196302,0.0026740809736942595,0.0011767882418620701,0.0064908115666800249,0.86602540378443871,-0.49999999999999978,0.43388373911755823,-0.90096886790241903
2026-06-25 12:00:00,0.33333333333333331,0.044914693103525992,0.8541864467744168,0.5,0,0.29999999999999999,0.53333333333333333,0.70535798998321797,52.2457346551763,5.5923755589587918,37.700945323789433,0.049375970600380063,34.121839909787269,0.0027337826353903694,0.0079038534946764827,0.0065380803433375632,1.2246467991473532e-16,-1,0.43388373911755823,-0.90096886790241903
2026-06-25 16:00:00,-0.33333333333333331,-0.20028203681608572,0.33473648711486154,0.5,0,-0.29999999999999999,0.53333333333333333,-0.81483706768697328,39.985898159195713,5.7514702553936896,39.394625699753277,0.046945364353738001,10.954735597300385,-0.017545817786837503,-0.012137954177752874,0.00741209293610236,-0.86602540378443837,-0.50000000000000044,0.43388373911755823,-0.90096886790241903
2026-06-25 20:00:00,-0.33333333333333331,-0.15513528416608879,0.068387330300439003,-1,0,-0.14999999999999999,0.53333333333333333,-0.81509353617041391,42.243235791695561,5.7485710438285302,40.96732890600542,0.04162636869425948,2.1489521700913912,0.002733824180802813,-0.012078210970644321,0.0074243054065250627,-0.8660254037844386,0.50000000000000011,0.43388373911755823,-0.90096886790241903
2026-06-26 00:00:00,-0.33333333333333331,-0.2046043485952751,-0.31676412386013725,0.5,0,-0.10000000000000001,0,-0.94766681294967747,39.769782570236245,5.7419142734837791,42.437206143574251,0.038767606597430018,-10.223902914985985,-0.0042006016008482305,-0.019012595206882921,0.0073453361771361834,0,1,-0.43388373911755801,-0.90096886790241915
2026-06-26 04:00:00,-0.33333333333333331,-0.32949419020005083,-0.83772272927920766,0.5,0,-0.10000000000000001,0,-0.84877077152404101,33.52529048999746,5.7872228689884038,44.37999017244983,0.037060399755436325,-39.572587369961553,-0.012512136309892341,-0.013978913729937759,0.0076611819344183834,0.8660254037844386,0.50000000000000011,-0.43388373911755801,-0.90096886790241915
2026-06-26 08:00:00,-0.33333333333333331,-0.25448597925963923,-0.89138848553421612,0.5,0,-0.29999999999999999,0,-0.80312104623458658,37.275701037018038,5.7830291823215134,46.18400391354858,0.032407598466498273,-46.394002871976681,0.0044422266253807408,-0.012270511285359831,0.0078098937658591374,0.86602540378443871,-0.49999999999999978,-0.43388373911755801,-0.90096886790241915
2026-06-26 12:00:00,-0.33333333333333331,-0.28274016364711174,-0.93183321911171413,-1,0,-0.29999999999999999,0,-0.77143007352540705,35.862991817644414,5.7438128961077721,47.859159530283137,0.032928714986314465,-52.212830290835342,-0.0028777987696297913,-0.010947708454141392,0.0074596961852607755,1.2246467991473532e-16,-1,-0.43388373911755801,-0.90096886790241915
2026-06-26 16:00:00,-0.33333333333333331,-0.12065956443904483,-0.76045080927061459,-1,0,0.29999999999999999,0,0.77896447162956761,43.967021778047759,5.7929668971079602,47.761007609913051,0.033219039942624311,-32.709361222424491,0.010160683758520861,0.01172511161427181,0.0073026539933755078,-0.86602540378443837,-0.50000000000000044,-0.43388373911755801,-0.90096886790241915
2026-06-26 20:00:00,-0.33333333333333331,-0.23289166650881937,-0.80649457119458134,-1,0,-0.14999999999999999,0,-0.30515551455580819,38.355416674559031,5.8180037945607834,47.669866540997972,0.035987890740385872,-37.561992195840219,-0.0109288083495791,-0.0036459233606880304,0.0076579073783142066,-0.8660254037844386,0.50000000000000011,-0.43388373911755801,-0.90096886790241915
2026-06-29 00:00:00,-0.33333333333333331,-0.13015948051426535,-0.59807434442883267,0.5,0,0.10000000000000001,0,0.5028936248986412,43.492025974286733,5.831715049913444,47.585235548433971,0.036447263431857675,-23.529962216356694,0.0072409723078123989,0.0064728477167541598,0.0077842136353231525,0,1,0,1
2026-06-29 04:00:00,-0.33333333333333331,-0.11779361022762444,-0.29639961304798684,0.5,0,-0.10000000000000001,0,-0.24212234150197232,44.110319488618778,5.8049752867612936,47.506649626767398,0.036878091237354992,-10.143231303007724,0.00088905612038381321,-0.0027987799213828879,0.0077526100418905206,0.8660254037844386,0.50000000000000011,0,1
2026-06-29 08:00:00,-0.33333333333333331,-0.049983620579147042,0.28677337942177117,0.5,0,0.29999999999999999,0,0.82319148792386343,47.500818971042648,5.7844647287303506,46.607996515219618,0.036676874695003921,9.5951604128709675,0.004858723277852306,0.012988751706048518,0.0077992035401660744,0.86602540378443871,-0.49999999999999978,0,1
2026-06-29 12:00:00,0.33333333333333331,-0.029453204957358422,0.68155048122702766,0.5,0,0.29999999999999999,0,0.59149943655839432,48.527339752132079,5.7422939042258596,45.59131976889735,0.036605563507418441,25.94011292832991,0.0014784983192388523,0.0072262777174749715,0.0077970678531513642,1.2246467991473532e-16,-1,0,1
2026-06-29 16:00:00,0.33333333333333331,0.066073109189280929,0.9023677546617751,0.5,0,0.29999999999999999,0,0.82776772745827965,53.303655459464046,5.8183272921551117,45.607597160461637,0.037086896074481943,49.950775299292047,0.0071508283788155325,0.013488049975906691,0.0079615872471902362,-0.86602540378443837,-0.50000000000000044,0,1
2026-06-29 20:00:00,0.33333333333333331,0.10509509845302403,0.97368999124917954,0.5,0,0.14999999999999999,0,0.79072012557983518,55.254754922651202,5.7785398763363069,44.811279903635963,0.038219821867929424,69.792945819387256,0.0031042855280851711,0.011733612226139556,0.0079706578214687532,-0.8660254037844386,0.50000000000000011,0,1
2026-06-30 00:00:00,0.33333333333333331,0.10683867167053052,0.98856610033245751,0.5,0,0.10000000000000001,0.53333333333333333,0.75694076161613877,55.341933583526526,5.7395238107233908,43.955453366515187,0.039047248654324136,80.19443684826885,0.00013445830132141623,0.01038957220822212,0.0078559506766489613,0,1,0.7818314824680298,0.62348980185873359
2026-06-30 04:00:00,0.33333333333333331,0.18256260990178561,0.99588742402691199,0.5,0,0.10000000000000001,0.53333333333333333,0.71056698795997963,59.12813049508928,5.7271529986176093,42.454678114310838,0.040140583551996227,94.965578952713784,0.0059183866741125968,0.0091571305035191841,0.0070750512600898019,0.8660254037844386,0.50000000000000011,0.7818314824680298,0.62348980185873359
2026-06-30 08:00:00,0.33333333333333331,0.11559918268788082,0.99596423084108954,0.5,0,0.29999999999999999,0.53333333333333333,0.21230036924894599,55.779959134394041,5.7010927756134038,41.015982878861841,0.040893431409675177,92.80533005642107,-0.003886906437166715,0.002165938538267298,0.0070717738760480179,0.86602540378443871,-0.49999999999999978,0.7818314824680298,0.62348980185873359
2026-06-30 12:00:00,0.33333333333333331,0.083280384109006747,0.99381235322602057,0.5,0,0.29999999999999999,0.53333333333333333,0.012761309292669321,54.164019205450337,5.6696159293337276,39.7365996403393,0.040829742710166969,83.718922457800716,-0.0019071224021569577,0.00012435783478892404,0.0070651733495505744,1.2246467991473532e-16,-1,0.7818314824680298,0.62348980185873359
2026-06-30 16:00:00,0.33333333333333331,0.28535518279884625,0.99806819486311771,0.5,0,0.29999999999999999,0.53333333333333333,0.80351209654575351,64.267759139942314,5.731560011846172,37.158388696185533,0.045934405049003812,107.05502154674991,0.01715350218569256,0.011359473346368887,0.0080312464464698235,-0.86602540378443837,-0.50000000000000044,0.7818314824680298,0.62348980185873359
2026-06-30 20:00:00,0.33333333333333331,0.26643395425052691,0.99914787127962712,0.5,0,0.14999999999999999,0.53333333333333333,0.89460251315896433,63.321697712526344,5.6857278539039706,34.987299954027648,0.04936321659438294,114.32457713367893,-0.0010709576507945684,0.014175422132741033,0.0080257708836463451,-0.8660254037844386,0.50000000000000011,0.7818314824680298,0.62348980185873359
2026-07-01 00:00:00,1,0.27711568426270444,0.99948960987957314,0.5,0,0.10000000000000001,0.53333333333333333,0.95135075772788436,63.855784213135223,5.6265719538157173,32.971288979166751,0.053903261358056287,114.87726931618685,0.00099827458855905604,0.017080819123457047,0.0068079974661253142,0,1,0.97492791218182362,-0.22252093395631434
2026-07-01 04:00:00,1,0.22636317282689447,0.99910857663081898,1,0,-0.10000000000000001,0.53333333333333333,-0.29500569327125448,61.318158641344723,5.5960939402981627,30.77526136745956,0.056882651700701226,103.91559881897305,-0.002636677793638853,-0.0027093608558743654,0.006860158055787346,0.8660254037844386,0.50000000000000011,0.97492791218182362,-0.22252093395631434
2026-07-01 08:00:00,1,0.18395828713516621,0.99738701212853897,1,0,-0.29999999999999999,0.53333333333333333,-0.41683701947039037,59.197914356758311,5.5675639807230306,29.053227219335831,0.058384832314761992,86.904362705104603,-0.0022119610733355444,-0.0038503642784153413,0.0067922111483267487,0.86602540378443871,-0.49999999999999978,0.97492791218182362,-0.22252093395631434
2026-07-01 12:00:00,1,0.11545663853604977,0.98625432291549131,1,0,-0.29999999999999999,0.53333333333333333,-0.75978927492762427,55.772831926802489,5.5510315302303566,27.755021302602049,0.05585716413474745,64.03175570424753,-0.0036586339574515847,-0.0085072728244259821,0.0060995560399812673,1.2246467991473532e-16,-1,0.97492791218182362,-0.22252093395631434
2026-07-01 16:00:00,1,0.068490069921121804,0.91754178747059734,1,0,-0.29999999999999999,0.53333333333333333,-0.75533659247766616,53.42450349605609,5.5533580477817042,27.162081722242863,0.053504065590150349,40.606125823373702,-0.002589075952238673,-0.0084596709830258021,0.0061367671852378784,-0.86602540378443837,-0.50000000000000044,0.97492791218182362,-0.22252093395631434
2026-07-01 20:00:00,0.33333333333333331,-0.0033731765297639526,0.52806073635639172,1,0,-0.14999999999999999,0.53333333333333333,-0.83794133473292953,49.831341173511802,5.5456897883010789,26.9212346923319,0.049206510821645594,15.046483565141301,-0.0041310199483248766,-0.010378729858015134,0.0061885597175388657,-0.8660254037844386,0.50000000000000011,0.97492791218182362,-0.22252093395631434
2026-07-02 00:00:00,1,0.023173150804246204,0.011409388460712225,1,0,-0.10000000000000001,0.53333333333333333,-0.55108110866055293,51.15865754021231,5.5196322517586118,26.898569052675199,0.047487546876938222,0.28472594417496566,0.0015519703581503563,-0.0051681255424131933,0.0058290140190352295,0,1,0.43388373911755823,-0.90096886790241903
2026-07-02 04:00:00,1,0.025930510497402678,-0.37319012356465303,1,0,-0.10000000000000001,0.53333333333333333,-0.28785317056636961,51.296525524870134,5.5002262689129182,26.116092596850859,0.041198053843991375,-9.597136578020681,0.00015405998322393089,-0.0024249896069505894,0.0051333062430921512,0.8660254037844386,0.50000000000000011,0.43388373911755823,-0.90096886790241903
2026-07-02 08:00:00,0.33333333333333331,-0.025707151377926039,-0.69020131842586707,1,0,-0.29999999999999999,0.53333333333333333,-0.1162117808436985,48.714642431103698,5.5254002801409889,26.268101491591409,0.036940734684647446,-21.292215905347334,-0.0026894086436595188,-0.0009833783022852316,0.0050203711634813283,0.86602540378443871,-0.49999999999999978,0.43388373911755823,-0.90096886790241903
2026-07-02 12:00:00,1,0.068592578032177873,-0.61588968487000406,1,0,0.29999999999999999,0.53333333333333333,0.27638231961050957,53.429628901608893,5.5663873493899469,25.500418451637078,0.032058360451127886,-18.784117069650165,0.0050175114894415174,0.0024821628290059294,0.0051027754489130217,1.2246467991473532e-16,-1,0.43388373911755823,-0.90096886790241903
2026-07-02 16:00:00,0.33333333333333331,-0.27608939814639766,-0.96876710188073589,1,0,-0.29999999999999999,0.53333333333333333,-0.97271243420694398,36.195530092680116,5.7172251563515299,26.263550260192996,0.035003078462860847,-62.996538259756932,-0.024363569892861037,-0.022035467047079038,0.0075688247443190986,-0.86602540378443837,-0.50000000000000044,0.43388373911755823,-0.90096886790241903
2026-07-02 20:00:00,-0.33333333333333331,-0.22188487641341098,-0.99157117400130368,0.5,0,-0.14999999999999999,0.53333333333333333,-0.92034061058575012,38.905756179329451,5.7063459525635141,27.219560486069913,0.03678524153691097,-82.185736159755038,0.0031446566794723907,-0.016201401723947129,0.0075988206141314211,-0.8660254037844386,0.50000000000000011,0.43388373911755823,-0.90096886790241903
2026-07-03 00:00:00,-0.33333333333333331,-0.22711133028191355,-0.9965006476150029,0.5,0,-0.10000000000000001,0,-0.97727150054759582,38.644433485904322,5.6612751294458183,27.814974527691952,0.040145028267525827,-91.236760401313319,-0.00046423988381150139,-0.021683153097200147,0.0073970571888770063,0,1,-0.43388373911755801,-0.90096886790241915
2026-07-03 04:00:00,-0.33333333333333331,-0.075369902165703592,-0.98956953596049024,-1,0,0.10000000000000001,0,0.83241664858645581,46.23150489171482,5.6608241127412544,27.450055537664959,0.041003722802073261,-75.452210684974062,0.0090174143244130534,0.011697831120073943,0.0076670623011642685,0.8660254037844386,0.50000000000000011,-0.43388373911755801,-0.90096886790241915
2026-07-03 08:00:00,-0.33333333333333331,-0.050739052760202699,-0.97293375090405487,-1,0,0.29999999999999999,0,0.79688339365059935,47.463047361989865,5.6122439769548809,26.791085477765279,0.04155078300935576,-58.707226995685438,0.0015789272324990833,0.010132101673100635,0.007678422769053052,0.86602540378443871,-0.49999999999999978,-0.43388373911755801,-0.90096886790241915
2026-07-03 12:00:00,-0.33333333333333331,-0.022178172435785085,-0.92144072145648526,-1,0,0.29999999999999999,0,0.8850238118506123,48.891091378210746,5.5642335908060181,26.00920924727631,0.041796799658726735,-41.708586452375471,0.0017855429805901935,0.01238188453750233,0.0075582468962555067,1.2246467991473532e-16,-1,-0.43388373911755801,-0.90096886790241915
2026-07-03 16:00:00,-0.33333333333333331,-0.021725868774652924,-0.82097149038713735,-1,0,0.29999999999999999,0,0.3851751596376391,48.913706561267354,5.5102633068547799,25.119843526317705,0.042095501042805988,-28.671893512908262,2.6978083679907172e-05,0.0033914482967691839,0.0075154065659207622,-0.86602540378443837,-0.50000000000000044,-0.43388373911755801,-0.90096886790241915
