dt,ema_stack,rsi_momentum,macd_hist,market_structure,bb_squeeze,session_filter,mtf_daily_trend,candle_momentum,rsi14,log_atr14,adx14,bb_bandwidth,macd_hist_raw,ret1,ret3,rv20,hour_sin,hour_cos,dow_sin,dow_cos
2026-07-10 08:00:00,,,,,,,0.53333333333333333,,,,,,0,,,,0.86602540378443871,-0.49999999999999978,-0.43388373911755801,-0.90096886790241915
2026-07-10 09:00:00,,,,,,,0.53333333333333333,,,,,,-1.659259259258397,-0.0008781826238379864,,,0.70710678118654757,-0.70710678118654746,-0.43388373911755801,-0.90096886790241915
2026-07-10 10:00:00,,,,,,,0.53333333333333333,,,,,,-5.5377186873502797,-0.0015522150921896127,,,0.49999999999999994,-0.86602540378443871,-0.43388373911755801,-0.90096886790241915
2026-07-10 11:00:00,,,,,,-0.14999999999999999,0.53333333333333333,,,,,,-7.6619621858568863,0,-0.0024303977160275991,,0.25881904510252102,-0.9659258262890682,-0.43388373911755801,-0.90096886790241915
2026-07-10 12:00:00,,,,,,-0.29999999999999999,0.53333333333333333,,,,,,-5.9094445600564818,0.0014035232422564548,-0.00014869184993315798,,1.2246467991473532e-16,-1,-0.43388373911755801,-0.90096886790241915
2026-07-10 13:00:00,,,,,,0.29999999999999999,0.53333333333333333,,,,,,-2.2011187328955053,0.001192291789966049,0.0025958150322225038,,-0.25881904510252079,-0.96592582628906831,-0.43388373911755801,-0.90096886790241915
2026-07-10 14:00:00,,,,,,0.29999999999999999,0.53333333333333333,,,,,,-1.9554552873059468,-0.001188912184197477,0.0014069028480250267,,-0.49999999999999972,-0.86602540378443882,-0.43388373911755801,-0.90096886790241915
2026-07-10 15:00:00,,,,,,-0.29999999999999999,0.53333333333333333,,,,,,-2.5866624032998136,-0.00050030594075067825,-0.00049692633498210625,,-0.70710678118654713,-0.70710678118654791,-0.43388373911755801,-0.90096886790241915
2026-07-10 16:00:00,,,,,,0.29999999999999999,0.53333333333333333,,,,,,5.0783470542379963,0.0041570981817109498,0.0024678800567627945,,-0.86602540378443837,-0.50000000000000044,-0.43388373911755801,-0.90096886790241915
2026-07-10 17:00:00,,,,,,0.14999999999999999,0.53333333333333333,,,,,,2.9028687468560195,-0.0035756851288351044,8.1107112125167191e-05,,-0.96592582628906831,-0.25881904510252063,-0.43388373911755801,-0.90096886790241915
2026-07-10 18:00:00,,,,0,,0.14999999999999999,0.53333333333333333,,,,,,9.5620320280109734,0.0042960201494128825,0.0048774332022887279,,-1,-1.8369701987210297e-16,-0.43388373911755801,-0.90096886790241915
2026-07-10 19:00:00,,,,0,,0.14999999999999999,0.53333333333333333,,,,,,18.483995649571145,0.0027520132422367283,0.0034723482628145064,,-0.96592582628906842,0.2588190451025203,-0.43388373911755801,-0.90096886790241915
2026-07-10 20:00:00,,,,0,,0.14999999999999999,0.53333333333333333,,,,,,23.828024079490916,0.00038917294531515267,0.0074372063369647634,,-0.8660254037844386,0.50000000000000011,-0.43388373911755801,-0.90096886790241915
2026-07-10 21:00:00,,,,0,,0.14999999999999999,0.53333333333333333,,,,,,25.822826627542074,-1.6771572854068495e-05,0.0031244146146978125,,-0.70710678118654768,0.70710678118654735,-0.43388373911755801,-0.90096886790241915
2026-07-10 22:00:00,,,0.9935687206158379,0,,0.14999999999999999,0.53333333333333333,0.12379124980968484,52.51416769678459,4.4909613759427582,,,25.586881818906274,0,0.00037240137246108418,,-0.50000000000000044,0.86602540378443837,-0.43388373911755801,-0.90096886790241915
2026-07-10 23:00:00,,,0.995067002756996,0,,0.14999999999999999,0.53333333333333333,0.28870172138411371,54.81023892989672,4.4443247812330338,,,25.553294447743809,0.00086504615620519587,0.00084827458335112738,,-0.25881904510252157,0.96592582628906809,-0.43388373911755801,-0.90096886790241915
2026-07-13 01:00:00,,,0.92113866521878962,0,,-0.10000000000000001,0.53333333333333333,-0.84913415133593528,42.574158076547,4.5331759729497429,,,14.855929322487075,-0.0047838783464211332,-0.0039188321902159373,,0.25881904510252074,0.96592582628906831,0,1
2026-07-13 02:00:00,,,0.57611260568242317,0,,-0.10000000000000001,0.53333333333333333,-0.90039910018765879,41.352375716356036,4.5103862116462121,,,5.9724549919577612,-0.00058948859362395467,-0.004508320783839892,,0.49999999999999994,0.86602540378443871,0,1
2026-07-13 03:00:00,,,-0.36894276150099109,0,,-0.10000000000000001,0.53333333333333333,-0.97360045618833635,37.504235675446047,4.61571455864346,,,-3.9130309097189659,-0.0019595978472111142,-0.007332964787256202,,0.70710678118654746,0.70710678118654757,0,1
2026-07-13 04:00:00,,,-0.8982135397392903,0,,-0.10000000000000001,0.53333333333333333,-0.89901170918520634,33.26410504842022,4.6240481622578988,,0.013351429258781041,-14.90774524539804,-0.0024980618373060537,-0.0050471482781411225,,0.8660254037844386,0.50000000000000011,0,1
2026-07-13 05:00:00,,,-0.98297469398833126,-1,,-0.10000000000000001,0.53333333333333333,-0.94020196681293267,31.006179157210028,4.617856854105832,,0.014147487215891961,-24.091978998477515,-0.0014970924659483131,-0.005954752150465481,0.0022940749628282894,0.96592582628906831,0.25881904510252074,0,1
2026-07-13 06:00:00,,,-0.99630219160871147,-1,,-0.10000000000000001,0.53333333333333333,-0.90574458067301356,29.633898099472646,4.5766220605639587,,0.015067259987256899,-30.571229240369007,-0.00094954530700164241,-0.0049446996102560092,0.0022952417312182708,1,6.123233995736766e-17,0,1
2026-07-13 07:00:00,,,-0.99914143823937707,-1,,-0.29999999999999999,0.53333333333333333,-0.88500954871962834,26.821450489172989,4.5610034512877098,,0.016405019537888709,-37.089990706461961,-0.0020921788700096755,-0.0045388166429596311,0.0023150399551586922,0.96592582628906831,-0.25881904510252063,0,1
2026-07-13 08:00:00,,,-0.99901478803091104,-1,,-0.29999999999999999,0.53333333333333333,-0.58369071105338866,29.54519378949874,4.5975935105839119,,0.017331206712469162,-37.78913754515721,0.00079187466009855711,-0.0022498495169127608,0.002325923422592256,0.86602540378443871,-0.49999999999999978,0,1
2026-07-13 09:00:00,,,-0.99905597801735657,-1,,-0.29999999999999999,0.53333333333333333,-0.53324108299419726,28.567209155436942,4.5836455716781987,,0.018522579567766137,-37.47480623600056,-0.00067628305192179994,-0.0019765872618329183,0.0022972342579140109,0.70710678118654757,-0.70710678118654746,0,1
2026-07-13 10:00:00,,,-0.99815505517759651,-1,,0.29999999999999999,0.53333333333333333,0.25478141811585242,31.251898258028191,4.5719213791981543,,0.019400083258617813,-33.795114979752661,0.00074082887863191615,0.00085642048680867333,0.0022840389278689045,0.49999999999999994,-0.86602540378443871,0,1
2026-07-13 11:00:00,,,-0.9839366755500657,-1,,0.14999999999999999,0.53333333333333333,0.75896793598205547,41.550365336300054,4.5788901695757618,,0.019564567759966039,-23.456879674425675,0.0032186048742222084,0.0032831507009323246,0.0024048955415358359,0.25881904510252102,-0.9659258262890682,0,1
2026-07-13 12:00:00,,,-0.90041621721048548,-1,,0.29999999999999999,0.53333333333333333,0.90294573705042136,43.850703612799123,4.5499451026020807,,0.019611030518111895,-13.951972959072403,0.00081572284840802922,0.0047751566012621538,0.0024112585760758375,1.2246467991473532e-16,-1,0,1
2026-07-13 13:00:00,,-0.072470293321990051,-0.70155127490495151,-1,,0.29999999999999999,0.53333333333333333,0.81754508303075635,42.752970667800994,4.5090161869820182,21.19521782315152,0.019585588072378743,-7.9055875969646365,-0.00049409289274571222,0.0035402348298845254,0.0022012607349907272,-0.25881904510252079,-0.96592582628906831,0,1
2026-07-13 14:00:00,,-0.084589834173867395,-0.45642897247604836,-1,,-0.29999999999999999,0.53333333333333333,-0.070402639282727553,41.54101658261326,4.4924184234855744,20.155049106800977,0.019743680060521039,-4.4024606915484341,-0.0005349784612533881,-0.0002133485055910711,0.0020609687779453798,-0.49999999999999972,-0.86602540378443882,0,1
2026-07-13 15:00:00,,-0.10145419268447334,-0.32687286504088331,-1,,-0.29999999999999999,0.53333333333333333,-0.52314321495132332,39.854580731552666,4.5005904142468953,20.107317254787766,0.019664923108137229,-3.0562922675513775,-0.00074199437252531197,-0.0017710657265244123,0.0017831100653760254,-0.70710678118654713,-0.70710678118654791,0,1
2026-07-13 16:00:00,,-0.16181147310611452,-0.63115195201967478,-1,,-0.29999999999999999,0.53333333333333333,-0.85406505499330021,33.818852689388549,4.6051800624168182,21.32197630550839,0.019317096180569773,-7.4333584050928891,-0.0030346873530842089,-0.004311660186862909,0.0017193948468331914,-0.86602540378443837,-0.50000000000000044,0,1
2026-07-13 17:00:00,,-0.070082800935516193,-0.33616772239723924,-1,,-0.14999999999999999,0.53333333333333333,-0.20855607851575736,42.991719906448381,4.6926005962203288,22.617570506081783,0.018002667782216132,-3.8172248272094933,0.0029940142126037017,-0.00078266751300581916,0.0018923961491808662,-0.96592582628906831,-0.25881904510252063,0,1
2026-07-13 18:00:00,,-0.13552655309295866,-0.59888244153681303,-1,,-0.14999999999999999,0.53333333333333333,-0.74184954487072918,36.447344690704135,4.7221123653880781,23.340362988358546,0.01688002808581103,-7.7717440714798158,-0.0036027387155570523,-0.0036434118560375595,0.0020083237315604362,-1,-1.8369701987210297e-16,0,1
2026-07-13 19:00:00,,-0.17783696942648219,-0.85468402356965001,-1,,-0.14999999999999999,0.53333333333333333,-0.70608943876915564,32.21630305735178,4.7623392230920727,24.965661185033529,0.015988426338341608,-14.899833320086508,-0.0028956595589963996,-0.0035043840619497502,0.0020588363907087306,-0.96592582628906842,0.2588190451025203,0,1
2026-07-13 20:00:00,,-0.3972512431911443,-0.94837234926668934,-1,,-0.14999999999999999,0.53333333333333333,-0.96675397802490903,30.137437840442786,4.7592707161540977,26.474866653374583,0.014309996949969529,-21.177975822606385,-0.0016013196380768591,-0.0080997179126303109,0.0020245205638350634,-0.8660254037844386,0.50000000000000011,0,1
2026-07-13 21:00:00,,-0.36965110029768738,-0.96293085897312503,-1,,-0.14999999999999999,0.53333333333333333,-0.77590659946714979,31.517444985115631,4.7388207016760973,27.963887619008371,0.01407509614840723,-22.685040015033678,0.00046461258637719993,-0.0040323666106960587,0.0018353995732054416,-0.70710678118654768,0.70710678118654735,0,1
2026-07-13 22:00:00,,-0.39564706451982945,-0.96773768910494706,-1,,-0.14999999999999999,0.53333333333333333,-0.48340715077470914,30.217646774008529,4.7473461557891712,29.700649328673052,0.013869537599295741,-23.693884146563775,-0.00093969714498243206,-0.0020764041966820912,0.0018358889260585119,-0.50000000000000044,0.86602540378443837,0,1
2026-07-13 23:00:00,,-0.42736804624587477,-0.9751100905171135,-1,,-0.14999999999999999,0.53333333333333333,-0.40236216634623195,28.631597687706261,4.727585858890337,31.3507352039883,0.014348587015550333,-24.717525278855675,-0.0011732975278597735,-0.0016483820864650056,0.0018163655497245594,-0.25881904510252157,0.96592582628906809,0,1
2026-07-14 01:00:00,,-0.45288403322671628,-0.97912407237479537,-1,,-0.10000000000000001,0,-0.67062229730411327,27.355798338664187,4.709331307551273,32.700769851894997,0.015463679825383214,-25.257537702055572,-0.00096909352829932516,-0.0030820882011415307,0.0017675739210157636,0.25881904510252074,0.96592582628906831,0.7818314824680298,0.62348980185873359
2026-07-14 02:00:00,,-0.4026981333970136,-0.96583783809762447,-1,,-0.10000000000000001,0,-0.36082479461094485,29.865093330149321,4.6989942132109714,34.367354594289417,0.016242399979355011,-22.255953046199878,0.00072262875610995536,-0.0014197623000491433,0.0017785200356520022,0.49999999999999994,0.86602540378443871,0.7818314824680298,0.62348980185873359
2026-07-14 03:00:00,,-0.18996915613109167,-0.77333985475337885,-1,,0.10000000000000001,0,0.66755588219298945,40.501542193445417,4.7606932177162422,33.997919404550942,0.016219871200226388,-12.016627757406567,0.0034654616673712724,0.0032189968951819026,0.0019818765252638372,0.70710678118654746,0.70710678118654757,0.7818314824680298,0.62348980185873359
2026-07-14 04:00:00,,-0.27623492611972011,-0.64805961092186926,-1,,0.10000000000000001,0,0.39575559386848375,36.188253694013994,4.7523884199521795,33.55945981850256,0.016780466956545,-8.9438191177908095,-0.0025278503856736023,0.0016602400378076254,0.0020051344658866483,0.8660254037844386,0.50000000000000011,0.7818314824680298,0.62348980185873359
2026-07-14 05:00:00,,-0.33734262272562321,-0.67701441391296768,-1,,-0.10000000000000001,0,-0.26921029201827379,33.132868863718841,4.7561661915676332,33.723236314325341,0.017673191012321451,-9.5781850835717819,-0.0020371731092367895,-0.0010995618275391195,0.0020238364373739207,0.96592582628906831,0.25881904510252074,0.7818314824680298,0.62348980185873359
2026-07-14 06:00:00,,-0.26724012443790612,-0.4970120973410852,-1,,-0.10000000000000001,0,-0.68181247260600242,36.637993778104693,4.7611291990019211,34.318693045551832,0.018140558773784211,-6.3737007113157631,0.0012399172693662308,-0.003325106225544161,0.0020571621426077446,1,6.123233995736766e-17,0.7818314824680298,0.62348980185873359
2026-07-14 07:00:00,,-0.11907867071637923,0.18250025287778476,-1,,0.29999999999999999,0,0.47679401559944978,44.046066464181038,4.7768470664607614,33.597806831339163,0.018017672957227938,2.1913634970843532,0.0029019659038542756,0.0021047100639837169,0.0021707948221933475,0.96592582628906831,-0.25881904510252063,0.7818314824680298,0.62348980185873359
2026-07-14 08:00:00,,0.003836946106596031,0.80960479227038107,-1,,0.29999999999999999,0,0.93504090124932282,50.191847305329802,4.7906904152014178,31.573895778343122,0.017113161554726416,13.553855887020575,0.0028357113899648567,0.0069775945631853631,0.0021401926749120823,0.86602540378443871,-0.49999999999999978,0.7818314824680298,0.62348980185873359
2026-07-14 09:00:00,,-0.034593553420514525,0.92265960387891233,-1,,0.29999999999999999,0,0.82996028761956286,48.270322328974274,4.7700778532890542,29.509859438918159,0.015730370471484994,18.94666524349546,-0.0009534284986933983,0.004784248795125734,0.0021301187169007929,0.70710678118654757,-0.70710678118654746,0.7818314824680298,0.62348980185873359
2026-07-14 10:00:00,,-0.021210817171537711,0.96182039433315436,-1,,0.29999999999999999,0,0.50648536106475839,48.939459141423114,4.7438567026887037,27.765537882290314,0.014318097981182996,22.626781461174446,0.00030315261922808645,0.0021854355104995449,0.0021346187051795047,0.49999999999999994,-0.86602540378443871,0.7818314824680298,0.62348980185873359
2026-07-14 11:00:00,,-0.022893121581138445,0.973550160915718,0.5,,-0.14999999999999999,0,-0.17698028164772228,48.855343920943078,4.726814394424971,25.979689036384794,0.012882664931084748,24.350749376552798,-3.7463324261466369e-05,-0.00068773920372677821,0.0021346869557958476,0.25881904510252102,-0.9659258262890682,0.7818314824680298,0.62348980185873359
2026-07-14 12:00:00,,0.012975081559716486,0.98451465818896111,0.5,,0.29999999999999999,0,0.32930600475164024,51.297508155971649,4.6998034362016972,24.321400822329668,0.011699453490228764,26.674733714578174,0.0010144198252834968,0.0012801091202501169,0.0021507210520599696,1.2246467991473532e-16,-1,0.7818314824680298,0.62348980185873359
2026-07-14 13:00:00,,0.016727811740879801,0.98910041683136907,0.5,,0.29999999999999999,0,0.30353785452321563,51.67278117408798,4.6627868047656191,22.735083245231031,0.011549043773302582,27.57758561439929,0.00015309481191572161,0.0011300513129377521,0.0020444214282743507,-0.25881904510252079,-0.96592582628906831,0.7818314824680298,0.62348980185873359
2026-07-14 14:00:00,,0.039405477878344329,0.9911941196924936,0.5,,0.29999999999999999,0,0.51696855908886052,53.940547787834433,4.6691514793854019,21.44395514203903,0.010465193360782128,28.896267486148403,0.00090788077295478331,0.0020753954101540018,0.0019320287219777386,-0.49999999999999972,-0.86602540378443882,0.7818314824680298,0.62348980185873359
2026-07-14 15:00:00,,0.13572349685015361,0.99533364826119186,0.5,,0.29999999999999999,0,0.88062572545627305,63.572349685015361,4.8200477783569431,22.442314582541453,0.012771541431015556,37.551991618286223,0.0047368304394375116,0.0057978060243080165,0.0020413894289579367,-0.70710678118654713,-0.70710678118654791,0.7818314824680298,0.62348980185873359
2026-07-14 16:00:00,,0.14018972938997976,0.99745883139443337,1,,0.29999999999999999,0,0.8825081975640694,64.018972938997976,4.8324896796230377,23.369362634436559,0.014932213755961803,41.84316412637461,0.00026043384366580824,0.0059051450560581031,0.0019000317617924095,-0.86602540378443837,-0.50000000000000044,0.7818314824680298,0.62348980185873359
2026-07-14 17:00:00,,0.13238215318072669,0.99595506013802448,1,,0.14999999999999999,0,0.77467406215293222,63.238215318072669,4.9116565381784865,22.78183124375219,0.01640844470975563,42.127517652299488,-0.00024352049581999324,0.0047537437872833266,0.0018468299496222724,-0.96592582628906831,-0.25881904510252063,0.7818314824680298,0.62348980185873359
2026-07-14 18:00:00,,0.13922643314521699,0.99509225991845907,1,,0.14999999999999999,0,0.079857457428322787,63.9226433145217,4.9141431696593374,22.673159681562229,0.017702432182921835,40.912742132424306,0.00035173279492894949,0.00036864614277476448,0.0018471362831066981,-1,-1.8369701987210297e-16,0.7818314824680298,0.62348980185873359
2026-07-14 19:00:00,,0.16672610954334657,0.99518117585905752,1,,0.14999999999999999,0,0.3272346883800713,66.672610954334658,4.9082508983062469,22.020451093687203,0.019024815510963387,40.796466002241935,0.0014462149203353647,0.0015544272194443209,0.0018261479380100036,-0.96592582628906842,0.2588190451025203,0.7818314824680298,0.62348980185873359
2026-07-14 20:00:00,,0.18858623631789725,0.9963433924041063,0.5,,0.14999999999999999,0,0.59934638526384199,68.858623631789726,4.865571464815182,21.702887232934486,0.020113696899717207,40.886150480970734,0.0012350596490655619,0.0030330073643298761,0.001780515246364988,-0.8660254037844386,0.50000000000000011,0.7818314824680298,0.62348980185873359
2026-07-14 21:00:00,,0.14049969803375603,0.99389820058583644,0.5,,0.14999999999999999,0,0.31307153131763882,64.049969803375603,4.8284770429314472,21.50887567589286,0.020066659107364899,36.188804245072689,-0.0013127236509955509,0.0013685509184053757,0.001799436041098665,-0.70710678118654768,0.70710678118654735,0.7818314824680298,0.62348980185873359
2026-07-14 22:00:00,,0.09860589216215758,0.98319558410528185,0.5,,-0.14999999999999999,0,-0.30822534007558117,59.860589216215757,4.794529652609004,20.817110618552054,0.019555952401278373,28.827108636317199,-0.0012231590786875302,-0.0013008230806175192,0.0018513170004486735,-0.50000000000000044,0.86602540378443837,0.7818314824680298,0.62348980185873359
2026-07-14 23:00:00,,0.10679265849666329,0.96453181484526074,0.5,,-0.14999999999999999,0,-0.50750867034758784,60.679265849666329,4.7460606002333439,20.134939504045569,0.019688661108746914,23.108708327456192,0.00036169727684587372,-0.0021741854528372073,0.0017266440719553861,-0.25881904510252157,0.96592582628906809,0.7818314824680298,0.62348980185873359
2026-07-15 01:00:00,,-0.16160289770281863,0.90490693889901019,0.5,,-0.10000000000000001,0,-0.40297995139014353,58.080144885140932,4.7070096643031514,19.275386919514101,0.018855432927387478,16.593318175290307,-0.00073705425080383691,-0.0015985160526454933,0.0016051222252538909,0.25881904510252074,0.96592582628906831,0.97492791218182362,-0.22252093395631434
2026-07-15 02:00:00,,-0.32511491644398971,0.92839134537289236,0.5,,0.10000000000000001,0,0.72416012883372149,66.255745822199486,4.7259755988724468,19.426304003062985,0.017685377118875942,18.580465797284361,0.0038651728961678344,0.0034898159222098712,0.0016445569981319076,0.49999999999999994,0.86602540378443871,0.97492791218182362,-0.22252093395631434
2026-07-15 03:00:00,,-0.36053911518471637,0.94960431372967824,0.5,,0.10000000000000001,0,0.80147307758552222,68.026955759235818,4.7135933084345609,19.83951452095468,0.016677665502158583,20.370492112820223,0.0010169754950286602,0.0041450941403926578,0.0016425671276111039,0.70710678118654746,0.70710678118654757,0.97492791218182362,-0.22252093395631434
2026-07-15 04:00:00,,0.20176134834183843,0.96607577010909962,0.5,,0.10000000000000001,0,0.92996888106175923,70.176134834183841,4.7048700616742236,20.442138951261775,0.01668155298694898,22.426388612640679,0.0012949775188673129,0.0061771259100638076,0.0015745011926798194,0.8660254037844386,0.50000000000000011,0.97492791218182362,-0.22252093395631434
2026-07-15 05:00:00,,0.20365581902784968,0.97130658048563168,0.5,,0.10000000000000001,0,0.59496632398419091,70.365581902784967,4.6559251281962846,21.233038158709054,0.017141977734271351,22.250039625439747,0.0001142811047518677,0.0024262341186478409,0.001501942186586577,0.96592582628906831,0.25881904510252074,0.97492791218182362,-0.22252093395631434
2026-07-15 06:00:00,,0.23177289265143686,0.98046586693432425,0.5,,0.10000000000000001,0,0.72324061571178833,73.177289265143685,4.6327746236972676,22.220694664018627,0.017484310769913289,23.741014804955739,0.0017495584394229269,0.0031588170630421075,0.00147351911533911,1,6.123233995736766e-17,0.97492791218182362,-0.22252093395631434
2026-07-15 07:00:00,,0.23662821178095983,0.98313314337974511,0.5,,0.29999999999999999,0,0.5787084766050693,73.662821178095982,4.587577525370496,23.166716728644662,0.01750576366011131,23.419752268041336,0.0003153336020780273,0.0021791731462528219,0.0014733216003613584,0.96592582628906831,-0.25881904510252063,0.97492791218182362,-0.22252093395631434
2026-07-15 08:00:00,,0.24166419643814649,0.97777875768934541,0.5,,0.29999999999999999,0,0.62044499369478967,74.166419643814649,4.5818500463435301,24.334371280976786,0.017071928725485637,21.926076999644863,0.00031523419814227793,0.0023801262396432321,0.00146531914087546,0.86602540378443871,-0.49999999999999978,0.97492791218182362,-0.22252093395631434
2026-07-15 09:00:00,,0.48073338410264682,0.96669938414290579,0.5,,0.29999999999999999,0,0.19009408681764983,74.036669205132341,4.5383697374953806,25.418621936713755,0.01647161108208527,19.074942934706215,-2.6824573993167178e-05,0.00060374322622713805,0.0014750590321036545,0.70710678118654757,-0.70710678118654746,0.97492791218182362,-0.22252093395631434
2026-07-15 10:00:00,,0.37125832401453041,0.88248452287438395,0.5,,-0.29999999999999999,0,-0.25663909013987446,68.562916200726519,4.5682812144246778,25.018628366947478,0.015091551699547699,13.366600827617461,-0.0011373531096658951,-0.00084894348551678434,0.001528822774978696,0.49999999999999994,-0.86602540378443871,0.97492791218182362,-0.22252093395631434
2026-07-15 11:00:00,,0.10168696064339698,0.42840672461125912,0.5,,-0.14999999999999999,0,-0.74236762721305349,60.168696064339699,4.5896344705493464,23.819690732352981,0.013225542021084009,4.5088411844493379,-0.0019960086467136762,-0.0031601863303727384,0.0016384579237412142,0.25881904510252102,-0.9659258262890682,0.97492791218182362,-0.22252093395631434
2026-07-15 12:00:00,,0.084811766956646939,-0.29741711049109698,1,,-0.29999999999999999,0,-0.80797659166682978,58.481176695664693,4.5518896880734845,22.706391500229522,0.01276378039843357,-2.9077109186900287,-0.00043736879633549108,-0.0035707305527150623,0.0013138096958257291,1.2246467991473532e-16,-1,0.97492791218182362,-0.22252093395631434
2026-07-15 13:00:00,,0.087495296823851584,-0.70054461883101304,1,,-0.29999999999999999,0,-0.63744593892149282,58.749529682385159,4.5253135994932254,21.256042805491042,0.012274650751951029,-8.0172077903836367,9.4218674883350673e-05,-0.0023391587681658166,0.0013143366291450695,-0.25881904510252079,-0.96592582628906831,0.97492791218182362,-0.22252093395631434
2026-07-15 14:00:00,,0.067327524022970445,-0.88539077490549989,1,,-0.29999999999999999,0,-0.26803594716567547,56.732752402297045,4.4905793975241393,20.000156764431956,0.011590801058204373,-12.485848082042608,-0.00048128136199387939,-0.0008244314834460198,0.0013201200586242803,-0.49999999999999972,-0.86602540378443882,0.97492791218182362,-0.22252093395631434
2026-07-15 15:00:00,,-0.26387347078192108,-0.83088501479358634,1,,0.29999999999999999,0,0.54286106622465491,63.193673539096054,4.5297153600142961,19.006774369676034,0.011070495335114713,-11.044288637412336,0.0022831866242505328,0.001896123937140004,0.0013970937312270343,-0.70710678118654713,-0.70710678118654791,0.97492791218182362,-0.22252093395631434
2026-07-15 16:00:00,,0.079492913101502014,-0.9614961595238678,1,,-0.29999999999999999,0,-0.76338080112726603,46.025354344924899,4.6391699492825333,19.240661464070804,0.01107282448509523,-20.333228682488866,-0.0053040517554681088,-0.0035021464932114554,0.0018552690480633585,-0.86602540378443837,-0.50000000000000044,0.97492791218182362,-0.22252093395631434
2026-07-15 17:00:00,,-0.16060674409631701,-0.99618889261494592,1,,-0.14999999999999999,0,-0.98077810514321406,33.939325590368298,4.7988906175690111,21.053221137904597,0.013846425074120929,-37.997116898388043,-0.0064939802570727068,-0.0095148453882902828,0.0023288817804830277,-0.96592582628906831,-0.25881904510252063,0.97492791218182362,-0.22252093395631434
2026-07-15 18:00:00,,-0.1838337835541462,-0.99952452610086906,0.5,,-0.14999999999999999,0,-0.99713908498423431,31.616621644585379,4.8028986232770592,22.761967692825021,0.016686657513129411,-50.841960558418648,-0.0016939355729128636,-0.013491967585453679,0.0023383979946130329,-1,-1.8369701987210297e-16,0.97492791218182362,-0.22252093395631434
2026-07-15 19:00:00,,-0.4264102118186176,-0.99986198297402595,0.5,,-0.14999999999999999,0,-0.98478433134595278,28.67948940906912,4.8486880993017891,25.020912655877819,0.019925915471618622,-61.115156087164422,-0.0023585961614838169,-0.010546511991469387,0.0023728106480586332,-0.96592582628906842,0.2588190451025203,0.97492791218182362,-0.22252093395631434
2026-07-15 20:00:00,,-0.1391824611761244,-0.99937608735567851,0.5,,0.14999999999999999,0,0.39485573884668201,43.04087694119378,4.8879552454189152,25.736590108341254,0.020597702820495379,-53.552677794029634,0.0059335845918120356,0.0018810528574153551,0.0027687724782573123,-0.8660254037844386,0.50000000000000011,0.97492791218182362,-0.22252093395631434
2026-07-15 21:00:00,,-0.21144597895068173,-0.9990180473073329,-1,,0.14999999999999999,0,0.23138918787918833,39.427701052465913,4.8953665557568833,25.957063400240351,0.021828840968333083,-50.918687300157892,-0.0025031897305911599,0.0010717986997370588,0.0028151099411844759,-0.70710678118654768,0.70710678118654735,0.97492791218182362,-0.22252093395631434
2026-07-15 22:00:00,,-0.092206529334959264,-0.99592343177378162,-1,,0.14999999999999999,0,0.89215645195807836,45.389673533252036,4.8860956978171783,26.202800241219542,0.022353330045912667,-41.01266772106009,0.0030220633456394808,0.0064524582068603564,0.0027555713798686171,-0.50000000000000044,0.86602540378443837,0.97492791218182362,-0.22252093395631434
2026-07-15 23:00:00,,-0.07467148455498758,-0.9860973841748405,-1,,0.14999999999999999,0,0.22260047965074081,46.266425772250621,4.8527897058991352,26.048610104185837,0.022654777106620869,-31.77996502894311,0.00046438396235437551,0.00098325757740269637,0.0027442637666760558,-0.25881904510252157,0.96592582628906809,0.97492791218182362,-0.22252093395631434
2026-07-16 01:00:00,,-0.067397270531914161,-0.95863247877096902,-1,,0.10000000000000001,0,0.70238535907405508,46.630136473404292,4.8200304922876054,25.717267066800222,0.022691413856675561,-23.910531489668642,0.00018298261716154229,0.0036694299251553986,0.0027205081968237257,0.25881904510252074,0.96592582628906831,0.43388373911755823,-0.90096886790241903
2026-07-16 02:00:00,,-0.099606440036206154,-0.92493255060683455,-1,,-0.10000000000000001,0,-0.062149666837372615,45.019677998189692,4.7784001346820588,25.409591389227863,0.022722160771894404,-19.289383892149544,-0.00089829144240027858,-0.00025092486288436078,0.0027198969901330045,0.49999999999999994,0.86602540378443871,0.43388373911755823,-0.90096886790241903
2026-07-16 03:00:00,,-0.14644769795963952,-0.89962070157200069,-1,,-0.10000000000000001,0,-0.46200488609359519,42.677615102018024,4.7911050694331818,25.631158267983654,0.022445321281836694,-17.706585342676771,-0.0013268789922733504,-0.0020421878175120867,0.0026756771432168772,0.70710678118654746,0.70710678118654757,0.43388373911755823,-0.90096886790241903
2026-07-16 04:00:00,,-0.14876513050574289,-0.86821479261657863,-1,,-0.10000000000000001,0,-0.51544709658618593,42.561743474712856,4.7740367393332619,26.055463010072391,0.021820389108467789,-15.696764045651939,-6.4522373154574097e-05,-0.0022896928078282031,0.0026701628649856983,0.8660254037844386,0.50000000000000011,0.43388373911755823,-0.90096886790241903
2026-07-16 05:00:00,,-0.025934349289210699,-0.61145725672535234,0.5,,0.10000000000000001,0,0.30179797427284677,48.703282535539465,4.7718647827528411,25.741947568044637,0.020505139912626813,-8.4026074100682706,0.0026386223936523123,0.0012472210282243879,0.0027620154916266964,0.96592582628906831,0.25881904510252074,0.43388373911755823,-0.90096886790241903
2026-07-16 06:00:00,,-0.0022011687277924351,-0.18419767169893095,1,,0.10000000000000001,0,0.67181306111899808,49.889941563610378,4.7264464348457844,25.224415673255166,0.018876214018725104,-2.1034838846934427,0.0005417851954288011,0.0031158852159265393,0.0027701129357484938,1,6.123233995736766e-17,0.43388373911755823,-0.90096886790241903
2026-07-16 07:00:00,,-0.027163063821801857,-0.0030899343182431882,1,,0.29999999999999999,0,0.48988883315014958,47.283693617819814,4.6910973644906981,24.836132095333554,0.017388945091619104,-0.033671954780487567,-0.0011990937102321908,0.0019813138788489226,0.0027709221675220803,0.96592582628906831,-0.25881904510252063,0.43388373911755823,-0.90096886790241903
2026-07-16 08:00:00,,-0.042644721327520473,0.016004970166303589,1,,-0.29999999999999999,0,-0.35285092380875432,45.735527867247953,4.7040098834931472,23.883518045747525,0.016365374429608386,0.17669224593912602,-0.00072218203820639815,-0.0013794905530097878,0.0027487888194126261,0.86602540378443871,-0.49999999999999978,0.43388373911755823,-0.90096886790241903
2026-07-16 09:00:00,,-0.044078739274696729,0.040697125333875685,1,,-0.29999999999999999,0,-0.48718468211806193,45.592126072530327,4.7011659280847935,23.271623578493784,0.0152575494207467,0.44822295516782162,-6.4445337656593438e-05,-0.0019857210860951824,0.002749901767257582,0.70710678118654757,-0.70710678118654746,0.43388373911755823,-0.90096886790241903
2026-07-16 10:00:00,,-0.12542567293494947,-0.55059311445900494,1,,-0.29999999999999999,0,-0.86130963613727773,37.457432706505053,4.7183589955702123,23.620898939801481,0.01444774516242278,-6.9344289895677171,-0.0041536005984603719,-0.0049402279743233635,0.0028712889250964309,0.49999999999999994,-0.86602540378443871,0.43388373911755823,-0.90096886790241903
2026-07-16 11:00:00,,-0.098420130150273899,-0.66884372998096508,1,,-0.14999999999999999,0,-0.6907863045111744,40.157986984972609,4.7212351467175901,24.501542843693809,0.013168144557203592,-9.0816730850090082,0.00097706958414178757,-0.0032409763519751777,0.0028931608146506777,0.25881904510252102,-0.9659258262890682,0.43388373911755823,-0.90096886790241903
2026-07-16 12:00:00,,-0.13410865674818212,-0.83297147578687825,1,,-0.29999999999999999,0,-0.87753190405554449,36.589134325181789,4.7238984716907275,24.575123784771723,0.010239334927315616,-13.487594226974572,-0.0020505630903588923,-0.0052270941046774766,0.0028324803740032538,1.2246467991473532e-16,-1,0.43388373911755823,-0.90096886790241903
2026-07-16 13:00:00,,-0.13486330350558681,-0.88696888937298612,0.5,,-0.29999999999999999,0,-0.29311399305861796,36.513669649441319,4.6878575791774413,24.842448188244632,0.0096333842915480115,-15.288643362794382,-4.4327677015232325e-05,-0.001117821183232337,0.0026242755288881031,-0.25881904510252079,-0.96592582628906831,0.43388373911755823,-0.90096886790241903
2026-07-16 14:00:00,,-0.36061687850692581,-0.94891254975264416,0.5,,-0.29999999999999999,0,-0.85695748908531066,31.969156074653711,4.7264157039107317,26.098243952895018,0.011279223367901789,-20.554415973992427,-0.0028410662174049861,-0.0049359569847791107,0.0022903338559721637,-0.49999999999999972,-0.86602540378443882,0.43388373911755823,-0.90096886790241903
2026-07-16 15:00:00,,-0.412136065043957,-0.98069934368572065,0.5,,-0.29999999999999999,0,-0.84691055713051766,29.393196747802151,4.7145194442500191,27.264340020070374,0.013314243325574059,-25.830973245466467,-0.0018619939662229967,-0.0047473878606432152,0.0022959875588311382,-0.70710678118654713,-0.70710678118654791,0.43388373911755823,-0.90096886790241903
2026-07-16 16:00:00,,-0.45150712587180974,-0.98538283519575431,0.5,,-0.29999999999999999,0,-0.90255492793921421,27.424643706409512,4.8113230481057832,28.931967263224312,0.01533828872390422,-30.178924228825153,-0.0015428768450842512,-0.006245937028712234,0.0022648347227371048,-0.86602540378443837,-0.50000000000000044,0.43388373911755823,-0.90096886790241903
2026-07-16 17:00:00,,-0.27244418018350997,-0.96268461644468573,0.5,,-0.14999999999999999,0,-0.091048585799021683,36.377790990824501,4.8445938443398591,30.480478274724398,0.01611735268381859,-25.173146377815357,0.0030081187009223243,-0.00039675211038492364,0.0019092683871781934,-0.96592582628906831,-0.25881904510252063,0.43388373911755823,-0.90096886790241903
2026-07-16 18:00:00,,-0.31689047055579211,-0.94641711743754975,0.5,,-0.14999999999999999,0,-0.0015717329127387521,34.155476472210395,4.8461377663687282,31.91838135683162,0.017322075209254963,-22.857019386623335,-0.0014720938225245561,-6.8519666864830242e-06,0.0018634827684264282,-1,-1.8369701987210297e-16,0.43388373911755823,-0.90096886790241903
2026-07-16 19:00:00,,-0.36866433051329695,-0.94693388566329229,0.5,,-0.14999999999999999,0,-0.068890071713246556,31.566783474335153,4.8484097197326932,33.642907144507085,0.018588373740457843,-22.97250011705168,-0.001838021490094377,-0.00030199661169660885,0.0017082371059098252,-0.96592582628906842,0.2588190451025203,0.43388373911755823,-0.90096886790241903
2026-07-16 20:00:00,,-0.44867383793392518,-0.97262299240177874,0.5,,-0.14999999999999999,0,-0.90659534467783232,27.56630810330374,4.8461459694408733,35.45360736305711,0.020553386817645781,-27.214849375173685,-0.003276341270314731,-0.0065864565829336641,0.0017869964326267555,-0.8660254037844386,0.50000000000000011,0.43388373911755823,-0.90096886790241903
2026-07-16 21:00:00,,-0.47326520434979641,-0.98260096055685808,0.5,,-0.14999999999999999,0,-0.89454238644969131,26.336739782510179,4.8336919831467213,37.233382013737675,0.022264502566904109,-29.758053249382556,-0.0011232317174254547,-0.0062375944778345627,0.0017729795681162078,-0.70710678118654768,0.70710678118654735,0.43388373911755823,-0.90096886790241903
2026-07-16 22:00:00,,-0.46527675425183818,-0.97749557585331548,0.5,,-0.14999999999999999,0,-0.74775706030108346,26.736162287408092,4.8545734523167887,39.368438109495067,0.023518934549355459,-28.718540945958736,0.00012754684347626721,-0.0042720261442639185,0.001786771973398055,-0.50000000000000044,0.86602540378443837,0.43388373911755823,-0.90096886790241903
2026-07-16 23:00:00,,-0.49665491489348484,-0.9790909542158972,0.5,,-0.14999999999999999,0,-0.5021951218580738,25.167254255325759,4.8191503103510032,41.350990198412646,0.024991517799184688,-28.179412216747579,-0.0013624896687289834,-0.0023581745426781708,0.0017873271934362503,-0.25881904510252157,0.96592582628906809,0.43388373911755823,-0.90096886790241903
2026-07-17 01:00:00,,-0.52377837647072911,-0.97853711445133518,0.5,,-0.10000000000000001,0,-0.52533616551023654,23.811081176463546,4.8066974643807541,43.346473765170572,0.026375272419192106,-27.669060767222987,-0.0012295578940388907,-0.0024645007192916069,0.0017805121330146145,0.25881904510252074,0.96592582628906831,-0.43388373911755801,-0.90096886790241915
2026-07-17 02:00:00,,-0.55238116575208518,-0.97967835088070687,0.5,,-0.10000000000000001,0,-0.7425383130180464,22.380941712395739,4.7837051105470021,45.383545033097072,0.026966914308344647,-27.370180028780595,-0.0013556463701327459,-0.00394769393290062,0.0015782487232803707,0.49999999999999994,0.86602540378443871,-0.43388373911755801,-0.90096886790241915
2026-07-17 03:00:00,,-0.57964026799399249,-0.97845604974472733,0.5,,-0.10000000000000001,0,-0.73946842523158107,21.017986600300375,4.7890999867839135,47.468695934896047,0.027104184376529929,-27.163512447035984,-0.00136095197592212,-0.0039461562400937567,0.0015323957478300849,0.70710678118654746,0.70710678118654757,-0.43388373911755801,-0.90096886790241915
2026-07-17 04:00:00,,-0.63212803919490657,-0.98472182017175536,0.5,,-0.10000000000000001,0,-0.87026655648895423,18.393598040254673,4.811551680917769,49.534693887761279,0.027878698714451963,-29.911941070480793,-0.0029672633950372784,-0.0056838617410921444,0.001584331268407652,0.8660254037844386,0.50000000000000011,-0.43388373911755801,-0.90096886790241915
2026-07-17 05:00:00,,-0.65729835493937172,-0.99005671051931576,0.5,,-0.10000000000000001,0,-0.89121825408896405,17.135082253031413,4.7884369349358451,51.564773747767831,0.028579894134312136,-31.824188855217756,-0.0016244414120940576,-0.005952656783053456,0.0015811226748638858,0.96592582628906831,0.25881904510252074,-0.43388373911755801,-0.90096886790241915
2026-07-17 06:00:00,,-0.66444588703272989,-0.98863787705700412,0.5,,-0.10000000000000001,0,-0.83872686377272665,16.777705648363508,4.7852721365290005,52.696786335066989,0.028508865438484649,-30.920811298529827,-0.00047008436268214382,-0.0050617891698134798,0.0015669394918859016,1,6.123233995736766e-17,-0.43388373911755801,-0.90096886790241915
2026-07-17 07:00:00,,-0.71463077538515596,-0.99291561214339208,0.5,,-0.29999999999999999,0,-0.87898444920744667,14.268461230742204,4.7956377914228385,54.168152477449937,0.030286032868101914,-34.113524690250813,-0.0036882449041062415,-0.0057827706788824429,0.0015256064972451182,0.96592582628906831,-0.25881904510252063,-0.43388373911755801,-0.90096886790241915
2026-07-17 08:00:00,,-0.73483344850096155,-0.99532884154657986,0.5,,-0.29999999999999999,0,-0.88970710891684357,13.25832757495192,4.7800592712423597,55.657871849735329,0.031422381977571447,-36.07382572439559,-0.0017494266343867082,-0.0059077559011750935,0.0014302786396170563,0.86602540378443871,-0.49999999999999978,-0.43388373911755801,-0.90096886790241915
2026-07-17 09:00:00,,-0.739676177036105,-0.99446032442181531,0.5,,-0.29999999999999999,0,-0.89074372892402887,13.01619114819475,4.7688356560790295,57.048617286504516,0.032365358467479337,-34.664385111034733,-0.00042732498715025713,-0.0058649965256432068,0.0014396036582383302,0.70710678118654757,-0.70710678118654746,-0.43388373911755801,-0.90096886790241915
2026-07-17 10:00:00,,-0.76147868670168772,-0.9944927197778578,0.5,,-0.29999999999999999,0,-0.77427909541855633,11.926065664915612,4.7478262611688651,58.444318023016962,0.033070400130966245,-33.977619816036849,-0.0019884103657368257,-0.0041651619872737911,0.0014118137579854808,0.49999999999999994,-0.86602540378443871,-0.43388373911755801,-0.90096886790241915
2026-07-17 11:00:00,,-0.78149896797346796,-0.99290245150121148,0.5,,-0.14999999999999999,0,-0.78421307547450891,10.925051601326601,4.785545204059189,60.017781615167223,0.034409847887844541,-33.759808810536015,-0.002024028999269234,-0.0044397643521563168,0.0013809948550514012,0.25881904510252102,-0.9659258262890682,-0.43388373911755801,-0.90096886790241915
2026-07-17 12:00:00,,-0.57904687875894689,-0.96998128798031125,0.5,,-0.29999999999999999,0,-0.26743871545148257,21.047656062052653,4.778562923720421,61.478854950735318,0.034543656648248738,-24.88060127838034,0.0028696742401006503,-0.0011427651249054094,0.0016739542210570464,1.2246467991473532e-16,-1,-0.43388373911755801,-0.90096886790241915
2026-07-17 13:00:00,,-0.42282081216341311,-0.74483563427968669,0.5,,0.29999999999999999,0,0.67119174544153082,28.858959391829345,4.7859626231848642,61.175541516628655,0.033945359662095768,-11.517421386406625,0.0025676383264752189,0.0034132835673066353,0.0018675273239693688,-0.25881904510252079,-0.96592582628906831,-0.43388373911755801,-0.90096886790241915
2026-07-17 14:00:00,,-0.45744259283551941,-0.28880026450411811,0.5,,0.29999999999999999,0,0.73717322592996892,27.12787035822403,4.7677847800922528,60.893893327815327,0.032099278650339423,-3.4974741261787301,-0.0015369886806304578,0.0039003238859454115,0.0016179204252839484,-0.49999999999999972,-0.86602540378443882,-0.43388373911755801,-0.90096886790241915
2026-07-17 15:00:00,,-0.51156315450932732,-0.10651192657573959,-1,,-0.29999999999999999,0,-0.37553285967407279,24.421842274533631,4.7557172882395884,60.931139852184671,0.030585007032976935,-1.2428836445027116,-0.0026418518843129846,-0.0016112022384682234,0.0016492482083161218,-0.70710678118654713,-0.70710678118654791,-0.43388373911755801,-0.90096886790241915
2026-07-17 16:00:00,,-0.4900927132523637,0.2111332581975025,-1,,-0.29999999999999999,0,-0.6940753951278944,25.495364337381815,4.8480105194463166,61.687816749926178,0.028844739585077411,2.7327648165756955,0.00035475753046299019,-0.0038240830344804522,0.001681027932849977,-0.86602540378443837,-0.50000000000000044,-0.43388373911755801,-0.90096886790241915
2026-07-17 17:00:00,,-0.38072553010642224,0.64276287284688804,-1,,-0.14999999999999999,0,-0.095571128401699679,30.963723494678888,4.9020550880659588,59.92749960102725,0.027269592744041084,10.265605904239152,0.0018350013131147591,-0.00045209304073523526,0.0017278851144204063,-0.96592582628906831,-0.25881904510252063,-0.43388373911755801,-0.90096886790241915
2026-07-17 18:00:00,,-0.052675601123324471,0.96648491344612009,-1,,0.14999999999999999,0,0.95250544687200389,47.366219943833777,4.9736543903956738,57.793240173776297,0.02529156472396531,29.4312835078955,0.0072021156142998422,0.0093918744578775915,0.0024993117786812659,-1,-1.8369701987210297e-16,-0.43388373911755801,-0.90096886790241915
2026-07-17 19:00:00,,-0.0019491522336797119,0.99512901005457077,-1,,0.14999999999999999,0,0.96633786051777826,49.902542388316014,4.9915516637006423,55.098856799885418,0.023098305141348242,44.260979740626595,0.0014189283213674742,0.010456045248782075,0.0025321227773019918,-0.96592582628906842,0.2588190451025203,-0.43388373911755801,-0.90096886790241915
2026-07-17 20:00:00,,-0.09213468626870451,0.99689287703201035,-1,,0.14999999999999999,0,0.81433465842861974,45.393265686564774,4.998485474988426,52.440892595650972,0.020845083950210664,47.906769716719936,-0.0027178989045548718,0.0059031450311124445,0.0025767326781111662,-0.8660254037844386,0.50000000000000011,-0.43388373911755801,-0.90096886790241915
2026-07-17 21:00:00,,-0.12924051886194463,0.99661419013864982,-1,,-0.14999999999999999,0,-0.45008285283883659,43.537974056902769,4.9937076839008734,50.483820204806349,0.018631508871457508,47.043991807365614,-0.0011924978661568275,-0.0024914684493442252,0.0025761760474216308,-0.70710678118654768,0.70710678118654735,-0.43388373911755801,-0.90096886790241915
2026-07-17 22:00:00,,-0.22782463534549535,0.99009116973800326,0.5,,-0.14999999999999999,0,-0.89217025406164174,38.608768232725232,4.9948295970670911,49.081131272795361,0.016600253720702701,39.145188215067435,-0.003467007519990517,-0.0073774042907022164,0.0026561874253306851,-0.50000000000000044,0.86602540378443837,-0.43388373911755801,-0.90096886790241915
2026-07-17 23:00:00,,-0.22376354152681061,0.98316877444975614,0.5,,-0.14999999999999999,0,-0.72863664967842223,38.81182292365947,4.9499856773537854,47.811681582063372,0.014642578059728666,33.664208512452547,9.4523418248115831e-05,-0.0045649819678992287,0.0026536140752852792,-0.25881904510252157,0.96592582628906809,-0.43388373911755801,-0.90096886790241915
2026-07-20 01:00:00,,-0.13372435425214335,0.98304973919770755,0.5,,-0.10000000000000001,0,-0.25186337139639176,43.313782287392833,4.94893629081648,45.747928979766506,0.013574103303643848,33.578784124504722,0.0021052050382674992,-0.001267279063474902,0.002648558858387402,0.25881904510252074,0.96592582628906831,0,1
2026-07-20 02:00:00,,-0.058232088382716679,0.98999720671034175,1,,0.10000000000000001,0,0.69154915476059275,47.088395580864166,4.9244668710841548,43.586827403327156,0.0131991214568334,36.420228541870244,0.0018916000475108774,0.0040913285040264924,0.0026694165196924232,0.49999999999999994,0.86602540378443871,0,1
2026-07-20 03:00:00,,-0.070772238330721965,0.98996985413208893,1,,0.10000000000000001,0,0.63509357458596472,46.461388083463902,4.9341179681827443,40.822349870878547,0.012872510446744593,36.754357794155439,-0.00035571055300920307,0.0036410945327691735,0.0026686552390748587,0.70710678118654746,0.70710678118654757,0,1
2026-07-20 04:00:00,,-0.14593593555200471,0.97970090599701953,1,,-0.10000000000000001,0,-0.13203719936269542,42.703203222399765,4.9419775122813583,38.574469723803311,0.012874951893575518,32.07161866811029,-0.0021858619110304289,-0.00064997241652875459,0.0025812330452428273,0.8660254037844386,0.50000000000000011,0,1
2026-07-20 05:00:00,,-0.018015887370006568,0.98474196938193237,0.5,,0.10000000000000001,0,0.1240017456952044,49.099205631499672,4.944500561478117,36.304919628677347,0.013277869510811485,34.174503649617762,0.0031515655638898465,0.00060999309985021455,0.0026381582865426063,0.96592582628906831,0.25881904510252074,0,1
2026-07-20 06:00:00,,-0.0033229495723426793,0.98866145893636515,0.5,,0.10000000000000001,0,0.27603197767768223,49.833852521382866,4.916800301353085,34.197480254631799,0.013633817412446073,35.281618309422697,0.00038323387141581122,0.0013489375242752288,0.0026334649033961477,1,6.123233995736766e-17,0,1
2026-07-20 07:00:00,,-0.004167224221393582,0.98919653681259745,0.5,,0.29999999999999999,0,0.63679191975107874,49.791638788930321,4.896156244384879,32.2957390733254,0.01349619500217863,34.885867797819728,-2.0899879130453769e-05,0.003513899556175204,0.0025801534663607282,0.96592582628906831,-0.25881904510252063,0,1
2026-07-20 08:00:00,,-0.12368086136127332,0.97055600200563463,0.5,,-0.29999999999999999,0,-0.53667221419023103,43.815956931936334,4.8849477320803292,31.008631936287372,0.01216496342908765,27.803230612331475,-0.0031294562253751934,-0.002767122233089836,0.0026455226469640986,0.86602540378443871,-0.49999999999999978,0,1
2026-07-20 09:00:00,,-0.12644993031979596,0.94322094108328325,0.5,-0.5,-0.29999999999999999,0,-0.62230737331294284,43.677503484010202,4.8436167115527153,30.01131532032495,0.011647222635080279,22.421342348406398,-7.6876843335682565e-05,-0.0032272329478413297,0.0025779039671137154,0.70710678118654757,-0.70710678118654746,0,1
2026-07-20 10:00:00,,0.030680938804104444,0.96278955231230601,0.5,0.5,0.29999999999999999,0,0.10129148887207924,51.534046940205222,4.8435449115441953,27.988497081977645,0.011906998729667738,25.164965289388263,0.0036555842372667513,0.00044925116855587532,0.0026415428595077503,0.49999999999999994,-0.86602540378443871,0,1
2026-07-20 11:00:00,,-0.0097722689956526668,0.9616657181055317,0.5,0.5,0.14999999999999999,0,0.5371631494640986,49.511386550217367,4.8159751343197046,26.00610898191411,0.011649310273733254,24.293425354965322,-0.00099280140110025172,0.002585905992830817,0.0026250443500784042,0.25881904510252102,-0.9659258262890682,0,1
2026-07-20 12:00:00,,0.043335887958211569,0.97591710755137595,0.5,0.5,0.29999999999999999,0,0.82794639778686874,54.333588795821157,4.8269831146374544,24.72785544176255,0.010773175694593464,27.50891038327876,0.0024784195365441519,0.0051412023727106515,0.0025757871768712698,1.2246467991473532e-16,-1,0,1
2026-07-20 13:00:00,,0.054533388030048043,0.98571376886236284,0.5,0.5,0.29999999999999999,0,0.4625757584749049,55.453338803004804,4.7879911276573912,23.540905725907532,0.0097555151862095471,29.621413756251378,0.00060474833538926021,0.0020903664708331604,0.0025755415006646887,-0.25881904510252079,-0.96592582628906831,0,1
2026-07-20 14:00:00,,0.1150054235375336,0.99490812918964022,0.5,0.5,0.29999999999999999,0,0.91817720801660863,61.50054235375336,4.8023095311389383,23.536552418819969,0.010649019389872559,36.359036339355484,0.0035896718536907457,0.0066728397256241578,0.0026509691689403365,-0.49999999999999972,-0.86602540378443882,0,1
2026-07-20 15:00:00,,0.07549926480030926,0.99498625679763886,0.5,0.5,0.29999999999999999,0,0.53959366604733383,57.549926480030926,4.7856971936801536,23.532510062238661,0.011488380791056569,35.852860465561015,-0.0016839804119488377,0.0025104397771311682,0.0021956124592629874,-0.70710678118654713,-0.70710678118654791,0,1
2026-07-20 16:00:00,,0.052835969750552748,0.98749487512046319,0.5,0.5,0.29999999999999999,0,0.20371344637235111,55.283596975055275,4.8388879265937845,24.344126704507278,0.011750481176462813,32.014820452702978,-0.00099925411225854077,0.00090643732948336719,0.0021902284329572814,-0.86602540378443837,-0.50000000000000044,0,1
2026-07-20 17:00:00,,-0.020155384670282713,0.92941201532524176,0.5,0.5,-0.14999999999999999,0,-0.88374627024999008,47.984461532971729,4.8656503839224143,23.873911098204108,0.011753198867408655,21.462244739782058,-0.003592366354597587,-0.0062756008788049655,0.0022562639658048472,-0.96592582628906831,-0.25881904510252063,0,1
2026-07-20 18:00:00,,0.073290818359432561,0.94535207294349355,1,0.5,0.14999999999999999,0,0.19867332043072053,57.329081835943256,4.8985426047265372,23.547778675313022,0.012734925119582907,23.951149777044094,0.0055275152158209551,0.00093589474896482727,0.0025487250792918959,-1,-1.8369701987210297e-16,0,1
2026-07-20 19:00:00,,0.029506064206305496,0.89855070577887486,1,0.5,-0.14999999999999999,0,-0.089390158289662749,52.95060642063055,4.9135078392191174,23.642313209500216,0.012142285089609994,19.936148810125111,-0.0023587452704596501,-0.00042359640923628206,0.0024722969069685941,-0.96592582628906842,0.2588190451025203,0,1
2026-07-20 20:00:00,,0.012880563454311086,0.79972092850502319,1,0.5,0.14999999999999999,0,0.44801443070926045,51.288056345431109,4.8929283261237018,23.111507327303691,0.0112070348124988,14.638947780023754,-0.00093115375975472148,0.0022376161856065835,0.0024896382549192508,-0.8660254037844386,0.50000000000000011,0,1
2026-07-20 21:00:00,,-0.037164492314982381,0.35634554333233598,0.5,-0.5,-0.14999999999999999,0,-0.87145986132353326,46.283550768501762,4.9037207615265945,22.126684516380166,0.010835217749113221,5.0235510998651289,-0.0029834401290624868,-0.0062733391592768584,0.0025601684904053494,-0.70710678118654768,0.70710678118654735,0,1
2026-07-20 22:00:00,,-0.08177879409143643,-0.47236415986334851,0.5,-0.5,-0.14999999999999999,0,-0.90258130879847431,41.822120590856358,4.8997435401823841,20.730597238284531,0.011500740393346743,-6.8887646258134758,-0.0030378285096812618,-0.0069524223984984701,0.0026151588458490113,-0.50000000000000044,0.86602540378443837,0,1
2026-07-20 23:00:00,,0.16664011700279743,-0.79787376649555819,0.5,-0.5,-0.14999999999999999,0,-0.87368471375516277,41.667994149860128,4.8703981890002686,19.596013354584318,0.012094789022014465,-14.246278553661179,-0.00010841492149715748,-0.0061296835602409061,0.002614709072045902,-0.25881904510252157,0.96592582628906809,0,1
2026-07-21 01:00:00,,0.22645594016544465,-0.93839858420834066,0.5,0,-0.10000000000000001,0,-0.82756550525707773,38.677202991727768,4.8481425012899875,18.947927866994554,0.012974866922666868,-21.987519904189917,-0.0021146912344907065,-0.0052609346656691258,0.0026118185864128858,0.25881904510252074,0.96592582628906831,0.7818314824680298,0.62348980185873359
2026-07-21 02:00:00,,0.13521903472175567,-0.93661847468347303,0.5,0,-0.10000000000000001,0,-0.0055277869505936696,43.239048263912217,4.8412826037624983,17.965115760570264,0.013501815013814453,-21.651015318014146,0.0021986263946285334,-2.447976135933061e-05,0.0025568794839805537,0.49999999999999994,0.86602540378443871,0.7818314824680298,0.62348980185873359
2026-07-21 03:00:00,,0.032722996254597944,-0.82219382520281703,-1,0,0.10000000000000001,0,0.5451187000085953,48.363850187270103,4.876511430085408,17.000732300704627,0.0135588175293341,-15.262564196385824,0.0027170892889358811,0.002801024449073708,0.0026359531344333272,0.70710678118654746,0.70710678118654757,0.7818314824680298,0.62348980185873359
2026-07-21 04:00:00,,-0.00062518578639426893,-0.58926732753557831,-1,0,0.10000000000000001,0,0.86420116850890338,50.031259289319713,4.8499854263957518,16.332273806954294,0.01356375796577323,-8.6420595462200236,0.00093077255607276754,0.005846488239637182,0.0026453244843207785,0.8660254037844386,0.50000000000000011,0.7818314824680298,0.62348980185873359
2026-07-21 05:00:00,,-0.084454691300530987,0.046098608571232561,-1,0,0.10000000000000001,0,0.88377416860716385,54.222734565026549,4.832363165508081,16.038745621741992,0.013333598422553357,0.57898111065333246,0.0024465503853647874,0.006094412230373436,0.0025931647109520253,0.96592582628906831,0.25881904510252074,0.7818314824680298,0.62348980185873359
2026-07-21 06:00:00,,-0.20464421843086414,0.80495686746548512,-1,0,0.10000000000000001,0,0.93661952716664243,60.232210921543206,4.8324159756649756,16.74517500987098,0.01383718780787351,13.963861051002462,0.0040793304870945235,0.0074566534285320785,0.0027275090151663772,1,6.123233995736766e-17,0.7818314824680298,0.62348980185873359
2026-07-21 07:00:00,,-0.18093556867186436,0.9390157059607066,-1,0,0.29999999999999999,0,0.89241860218735491,59.046778433593218,4.7825867741968144,17.482548594885451,0.014447061420524123,20.654358548677997,-0.00057827989318681716,0.0059476009792724938,0.0026299121355716588,0.96592582628906831,-0.25881904510252063,0.7818314824680298,0.62348980185873359
2026-07-21 08:00:00,,-0.22332189251152415,0.97877771440014749,-1,0,0.29999999999999999,0,0.84214783645975066,61.166094625576207,4.7633130806952408,17.761674918826067,0.015274930581607889,26.561058957506674,0.0014883066858626393,0.0049893572797703456,0.002626241986957361,0.86602540378443871,-0.49999999999999978,0.7818314824680298,0.62348980185873359
2026-07-21 09:00:00,,-0.26907730655730516,0.99303587540271665,-1,0,0.29999999999999999,0,0.57869404089178933,63.453865327865259,4.726903269068031,18.419072258951111,0.016559839278342085,31.944547132052296,0.0016691119743512672,0.0025791387670270893,0.0025983535943379698,0.70710678118654757,-0.70710678118654746,0.7818314824680298,0.62348980185873359
2026-07-21 10:00:00,,-0.2232830719716084,0.99377855575826646,-1,0,0.29999999999999999,0,0.51589379753211173,61.16415359858042,4.7007974382447681,18.913300662097765,0.01736108028337072,31.743880002720086,-0.00098454275945236702,0.0021728759007615395,0.0026141871943215936,0.49999999999999994,-0.86602540378443871,0.7818314824680298,0.62348980185873359
2026-07-21 11:00:00,,-0.27220658036833584,0.9957096918204178,-1,0,0.14999999999999999,0,0.56771007637395265,63.610329018416792,4.6753979516772031,19.505720755794698,0.01822573523007659,32.946355335854442,0.0017024748697735959,0.0023870440846724961,0.0025201867114483462,0.25881904510252102,-0.9659258262890682,0.7818314824680298,0.62348980185873359
2026-07-21 12:00:00,,0.12509428477637385,0.99514820832618767,-1,0,0.29999999999999999,0,0.077692346713547356,62.509428477637385,4.632422750137998,20.220394723768244,0.019097688392272071,30.927089105860667,-0.00044174337499391925,0.00027618873532730959,0.0024871978949556799,1.2246467991473532e-16,-1,0.7818314824680298,0.62348980185873359
2026-07-21 13:00:00,,0.13169077413274954,0.99377592234624179,-1,0,0.29999999999999999,0,0.45698474524684596,63.169077413274955,4.5939759821351869,20.950366919202295,0.020045587211861064,28.525685221913051,0.00042449143630562958,0.0016852229310853062,0.0024704372999874579,-0.25881904510252079,-0.96592582628906831,0.7818314824680298,0.62348980185873359
2026-07-21 14:00:00,,0.11882105040534591,0.98724162563720641,-1,0,-0.29999999999999999,0,-0.1444131916936007,61.88210504053459,4.5671186682613367,21.068929294924054,0.020553998619625969,24.299138886158033,-0.00046591488405489656,-0.00048316682274318623,0.0023043315450975185,-0.49999999999999972,-0.86602540378443882,0.7818314824680298,0.62348980185873359
2026-07-21 15:00:00,,0.13023905577714934,0.97676068089846102,0.5,0,0.29999999999999999,0,0.18466862074712598,63.023905577714935,4.5568516723259096,21.292617462766831,0.021242032489952364,21.168882584792094,0.00065566984197396039,0.0006142463942246934,0.0019741858507303731,-0.70710678118654713,-0.70710678118654791,0.7818314824680298,0.62348980185873359
2026-07-21 16:00:00,,0.10954119440529105,0.92832233194321967,0.5,0,-0.29999999999999999,0,-0.14493353336702339,60.954119440529105,4.598562204196921,22.00092533539965,0.021769569114392883,16.352715791814092,-0.00069019069256981425,-0.00050043573465075042,0.0018932776897531826,-0.86602540378443837,-0.50000000000000044,0.7818314824680298,0.62348980185873359
2026-07-21 17:00:00,,0.16077130578533683,0.92826622972847661,0.5,0,0.14999999999999999,0,0.66251369086660494,66.077130578533684,4.6621160790052789,22.162277081350336,0.022827363754903011,17.421435005112876,0.0029437943093277852,0.0029092734587319313,0.0019579509779855597,-0.96592582628906831,-0.25881904510252063,0.7818314824680298,0.62348980185873359
2026-07-21 18:00:00,,0.17268550375264638,0.93134696019360252,0.5,0,0.14999999999999999,0,0.66874477586918057,67.268550375264638,4.6831083227955128,22.924242942702747,0.023433804236043649,18.036915870404798,0.00075695281949350601,0.003010556436251477,0.0017789068027332033,-1,-1.8369701987210297e-16,0.7818314824680298,0.62348980185873359
2026-07-21 19:00:00,,0.20860538641138804,0.96410230393431329,1,0,0.14999999999999999,0,0.93148764866881495,70.860538641138803,4.6754106207785116,23.906504211374195,0.023566319442851025,21.46667930784136,0.0024630088969477271,0.0061637560257690183,0.0015890121097161284,-0.96592582628906842,0.2588190451025203,0.7818314824680298,0.62348980185873359
2026-07-21 20:00:00,,0.21337702530412742,0.97559957894394822,1,0,0.14999999999999999,0,0.76721950200242861,71.337702530412741,4.6290233555417695,24.912490430162105,0.023137924227204038,22.500491677406558,0.00034646409726413196,0.003566425813705365,0.0015761995385947319,-0.8660254037844386,0.50000000000000011,0.7818314824680298,0.62348980185873359
2026-07-21 21:00:00,,0.39461177514414658,0.96867587194166216,1,0,0.14999999999999999,0,0.60108448548867477,69.730588757207329,4.5923612952143005,25.604356828977444,0.020890279707394394,20.440139443341195,-0.00045282864297391257,0.0023566443512379465,0.0014427723784233104,-0.70710678118654768,0.70710678118654735,0.7818314824680298,0.62348980185873359
2026-07-21 22:00:00,,0.35163404428367245,0.93468829383996355,1,0,-0.14999999999999999,0,-0.20966783847787102,67.581702214183622,4.5628251811689564,25.853148394211303,0.01856974132556289,16.240192214271872,-0.0005937906153050676,-0.0007001551610148482,0.001461820739368987,-0.50000000000000044,0.86602540378443837,0.7818314824680298,0.62348980185873359
2026-07-21 23:00:00,,0.28906987056019828,0.81156139195760246,1,0,-0.14999999999999999,0,-0.5432749130865967,64.453493528009915,4.5180554762453822,25.852301686739704,0.016526063921988687,10.371800473356558,-0.00086901121959215288,-0.0019156304778711331,0.0014497822230134915,-0.25881904510252157,0.96592582628906809,0.7818314824680298,0.62348980185873359
2026-07-22 01:00:00,,0.26882029663797252,0.49718753975208069,1,0,-0.10000000000000001,0,-0.51651105980686873,63.441014831898627,4.4852949465453857,25.404685566004542,0.014105931140666073,4.8393152140605906,-0.00027838065125074252,-0.001741182486147963,0.0014665894374740135,0.25881904510252074,0.96592582628906831,0.97492791218182362,-0.22252093395631434
2026-07-22 02:00:00,,0.15179122625580774,0.21201183122404826,1,0.5,-0.10000000000000001,0,-0.11078090727260946,65.179122625580774,4.4473799118658945,24.997194006035169,0.012353134954944698,1.8385271130456431,0.00082117184799912479,-0.00032622002284377061,0.0014074507307075994,0.49999999999999994,0.86602540378443871,0.97492791218182362,-0.22252093395631434
2026-07-22 03:00:00,,0.27785023763690392,-0.18049320103038033,1,0.5,0.10000000000000001,0,0.075332677297196379,63.892511881845195,4.4402429282786535,25.057359017851336,0.011829114258066337,-1.5474545657786649,-0.00032289090689907596,0.00021990028984930632,0.0011565084404204424,0.70710678118654746,0.70710678118654757,0.97492791218182362,-0.22252093395631434
2026-07-22 04:00:00,,0.12231816498145691,-0.5461829821097175,1,0.5,0.10000000000000001,0,0.032141569985310099,62.23181649814569,4.430512330116362,24.527759401217899,0.010777595973144672,-5.1470047932472482,-0.00040547877977381575,9.280216132623309e-05,0.0011495997725501467,0.8660254037844386,0.50000000000000011,0.97492791218182362,-0.22252093395631434
2026-07-22 05:00:00,,0.071606115675779805,-0.85091302421830306,0.5,0.5,-0.10000000000000001,0,-0.61416981771510282,57.16061156757798,4.4053834868573576,23.980627049112194,0.0099562624333933043,-10.313722407275179,-0.0012862490080181033,-0.002014618694690995,0.0011769584325124725,0.96592582628906831,0.25881904510252074,0.97492791218182362,-0.22252093395631434
2026-07-22 06:00:00,,0.022671778394728649,-0.96425914485981445,0.5,-0.5,-0.10000000000000001,0,-0.79803503607826765,52.267177839472865,4.4006705289157564,22.669624030568585,0.0096121548069365639,-16.327899403122828,-0.0013740546927980546,-0.0030657824805899736,0.0011804910912221371,1,6.123233995736766e-17,0.97492791218182362,-0.22252093395631434
2026-07-22 07:00:00,,0.04576233771634939,-0.98171073245305951,0.5,-0.5,-0.29999999999999999,0,-0.60285560438394903,54.576233771634939,4.3728521127384763,21.40843325376564,0.0088408659022535113,-18.570446449551937,0.00075785764171953929,-0.0019024460590966186,0.001160563961341291,0.96592582628906831,-0.25881904510252063,0.97492791218182362,-0.22252093395631434
2026-07-22 08:00:00,,-0.010564000920396097,-0.9934993663175935,0.5,-0.5,-0.29999999999999999,0,-0.68325866086563036,48.94359990796039,4.3772851733002671,20.412179958075299,0.0087696606219627299,-22.79465215215015,-0.0016749441293235634,-0.0022911411804020787,0.0011737178669963292,0.86602540378443871,-0.49999999999999978,0.97492791218182362,-0.22252093395631434
2026-07-22 09:00:00,,-0.086579836954072745,-0.99867998948466263,0.5,-0.5,-0.29999999999999999,0,-0.86303733821068507,41.342016304592725,4.4065280722614784,20.666802574106864,0.0094867635530280405,-30.016931352483752,-0.0027770695604072415,-0.0036941560480112656,0.0013276862219125248,0.70710678118654757,-0.70710678118654746,0.97492791218182362,-0.22252093395631434
2026-07-22 10:00:00,,-0.11523576784477563,-0.9996399317457425,0.5,-0.5,-0.29999999999999999,0,-0.96281824878003641,38.476423215522438,4.420041458711756,21.309853315537161,0.010742843700015402,-35.825058664315918,-0.0012390417356300532,-0.0056910554253608581,0.0013450232295543533,0.49999999999999994,-0.86602540378443871,0.97492791218182362,-0.22252093395631434
2026-07-22 11:00:00,,-0.053284870132585593,-0.99954402521235852,0.5,-0.5,-0.14999999999999999,0,-0.63891245639459238,44.67151298674144,4.4144389350038287,21.90697186115101,0.011091930332420319,-34.64901787090399,0.0018579873694335447,-0.00215812392660375,0.0014178192552900728,0.25881904510252102,-0.9659258262890682,0.97492791218182362,-0.22252093395631434
2026-07-22 12:00:00,,-0.034608254174478506,-0.99914199498440859,-1,-0.5,0.29999999999999999,0,0.40914412308058534,46.53917458255215,4.394414791119341,21.757669513557737,0.011375975949188086,-31.401076659115901,0.00059783502571164604,0.0012167806595151376,0.0014163236778726095,1.2246467991473532e-16,-1,0.97492791218182362,-0.22252093395631434
2026-07-22 13:00:00,,-0.0059056520982387894,-0.99735825634530639,-1,-0.5,0.29999999999999999,0,0.84353344525206908,49.409434790176121,4.3752751587728582,21.135315695344218,0.01133779441808138,-26.33417010523516,0.00093232372887186443,0.0033881461240170552,0.001425425716627535,-0.25881904510252079,-0.96592582628906831,0.97492791218182362,-0.22252093395631434
2026-07-22 14:00:00,,-0.093051381289125171,-0.99765739546067533,-1,0,-0.29999999999999999,0,-0.57896356447256803,40.694861871087483,4.4341294307355597,21.789098596410813,0.012488168294483164,-28.437609332681451,-0.0034574116325920556,-0.0019272528780085452,0.0014504861916871037,-0.49999999999999972,-0.86602540378443882,0.97492791218182362,-0.22252093395631434
2026-07-22 15:00:00,,-0.12031222656756597,-0.99851047211112109,-1,0,-0.29999999999999999,0,-0.85953591189963474,37.968777343243403,4.4518719695399556,22.915779608616035,0.013833983636082124,-30.890742869650822,-0.0013100211546177576,-0.0038351090583379488,0.0014440956913841885,-0.70710678118654713,-0.70710678118654791,0.97492791218182362,-0.22252093395631434
2026-07-22 16:00:00,,0.085146547881342377,-0.89862327894221739,-1,0,0.29999999999999999,0,0.84514575692645733,58.514654788134237,4.5873233072391431,21.61259432470758,0.013494495115001484,-14.391063006958314,0.0089590402227273103,0.004191607435517497,0.0024823541823582622,-0.86602540378443837,-0.50000000000000044,0.97492791218182362,-0.22252093395631434
2026-07-22 17:00:00,,0.057702552840627419,-0.51847487108059032,-1,0,0.14999999999999999,0,0.95416024730681115,55.770255284062742,4.5959166925125388,20.473000859953242,0.012893211302612178,-5.6896233469478581,-0.0012312053609804252,0.0064178137071291275,0.0024928522130277342,-0.96592582628906831,-0.25881904510252063,0.97492791218182362,-0.22252093395631434
2026-07-22 18:00:00,,0.10738913247869157,0.51764778323687644,-1,0,0.14999999999999999,0,0.99638293687813806,60.738913247869156,4.5979484179997732,20.035147778045275,0.012944297367773156,5.6899711972255513,0.003082037132321247,0.010809871994068132,0.0025947709533792078,-1,-1.8369701987210297e-16,0.97492791218182362,-0.22252093395631434
2026-07-22 19:00:00,,-0.18364860958714174,0.82090869599720906,-1,0,0.14999999999999999,0,0.34267959261516501,59.182430479357087,4.5677245685776438,19.628569916273591,0.012970352039444716,11.169786704212324,-0.00066920050199392733,0.0011816312693468944,0.002595748248326589,-0.96592582628906842,0.2588190451025203,0.97492791218182362,-0.22252093395631434
2026-07-22 20:00:00,,-0.082254065398833523,0.76283781542105189,0.5,0,0.14999999999999999,0,0.041512351485361122,54.112703269941676,4.5674837764782472,18.673779827710046,0.012796222125467214,9.6587309209595062,-0.002275196538304769,0.00013764009202255068,0.0026393646815328835,-0.8660254037844386,0.50000000000000011,0.97492791218182362,-0.22252093395631434
2026-07-22 21:00:00,,-0.083531198537890677,0.69843841065929302,0.5,0,-0.14999999999999999,0,-0.71747514992338435,54.176559926894534,4.5417885965749294,17.438917684449976,0.012666666683817881,8.1116772967467625,3.4407063084884726e-05,-0.0029099899772138116,0.0026389582158505161,-0.70710678118654768,0.70710678118654735,0.97492791218182362,-0.22252093395631434
2026-07-22 22:00:00,,0.040174352941883457,0.11116601817121631,0.5,0,-0.14999999999999999,0,-0.92220304543870868,47.991282352905827,4.5463757655828143,16.696242415644928,0.012308036740825692,1.0525351250599897,-0.0029633428872362089,-0.0052041323624560931,0.0027080575415441449,-0.50000000000000044,0.86602540378443837,0.97492791218182362,-0.22252093395631434
2026-07-22 23:00:00,,0.0087354222454847277,-0.22330052759790806,0.5,0,-0.14999999999999999,0,-0.57050183108360986,49.563228887725764,4.5797576976691916,16.45626395160178,0.011917566025284997,-2.2142802448782284,0.00075200423010457484,-0.0021769315940467493,0.0027169406722312548,-0.25881904510252157,0.96592582628906809,0.97492791218182362,-0.22252093395631434
2026-07-23 01:00:00,-0.33333333333333331,0.1436324757544267,-0.80081264608991209,0.5,0,-0.10000000000000001,0,-0.93419602091293663,42.818376212278665,4.6090768296495392,16.999592990461636,0.011990094260833783,-11.05182859661458,-0.0036445518079393224,-0.0058558904650709565,0.0028251893503280045,0.25881904510252074,0.96592582628906831,0.43388373911755823,-0.90096886790241903
2026-07-23 02:00:00,-0.33333333333333331,0.041226871273320004,-0.81698410959861434,0.5,0,-0.10000000000000001,0,-0.12649394951518625,47.938656436334,4.6194171922059128,17.610388656914981,0.011845695709545408,-11.64148208637565,0.0024472877751939848,-0.00044525980264076281,0.0028825875641307298,0.49999999999999994,0.86602540378443871,0.43388373911755823,-0.90096886790241903
2026-07-23 03:00:00,0.33333333333333331,-0.097227143865389956,-0.39157554370056119,0.5,0,0.10000000000000001,0,0.63100894367303273,54.861357193269498,4.6523629335058256,16.359338578658701,0.012114961927044468,-4.3364926145586917,0.0038798602855880659,0.0026825962528427283,0.003002987818985876,0.70710678118654746,0.70710678118654757,0.43388373911755823,-0.90096886790241903
2026-07-23 04:00:00,-0.33333333333333331,0.002946198580060724,-0.42123119028840073,1,0,0.10000000000000001,0,0.76210540300717333,49.852690070996964,4.6470119576657893,15.197649220277869,0.012024947848092288,-4.6838141417189263,-0.0027205278759243612,0.0036066201848576895,0.0030631839819489576,0.8660254037844386,0.50000000000000011,0.43388373911755823,-0.90096886790241903
2026-07-23 05:00:00,-0.33333333333333331,0.098432490119940749,-0.74116531163452759,0.5,0,-0.10000000000000001,0,-0.44766425356826239,45.078375494002962,4.6718592853419088,15.300800508321355,0.012245447778132405,-10.187861174186128,-0.0029388982852385226,-0.0017795658755748178,0.0031106877300133506,0.96592582628906831,0.25881904510252074,0.43388373911755823,-0.90096886790241903
2026-07-23 06:00:00,-0.33333333333333331,0.072311209799471352,-0.80756427048238777,0.5,0,-0.10000000000000001,0,-0.87532862738189365,46.384439510026432,4.6656953142841679,15.645333551579469,0.012129757164136747,-11.898674180528397,0.00069492585932806605,-0.0049645003018348177,0.0030517555598830494,1,6.123233995736766e-17,0.43388373911755823,-0.90096886790241903
2026-07-23 07:00:00,-0.33333333333333331,0.055103824534745202,-0.79930289120714981,0.5,-0.5,-0.29999999999999999,0,-0.45763366333806799,47.24480877326274,4.6596668813896613,15.489693365351933,0.011679885466787322,-11.581027402228967,0.00044228829624515242,-0.0018016841296653041,0.003037810307716974,0.96592582628906831,-0.25881904510252063,0.43388373911755823,-0.90096886790241903
2026-07-23 08:00:00,-0.33333333333333331,0.10052212086390754,-0.8482616469205303,0.5,0,-0.29999999999999999,0,-0.042630725498542459,44.973893956804623,4.6586511560971946,15.123160982890214,0.011794802634418415,-13.18588411731997,-0.0012928607550950488,-0.00015564659952183035,0.0030247980695825346,0.86602540378443871,-0.49999999999999978,0.43388373911755823,-0.90096886790241903
2026-07-23 09:00:00,-0.33333333333333331,0.10424151340414341,-0.87519606904297842,0.5,0,-0.29999999999999999,0,-0.26662333479508249,44.78792432979283,4.6152746712352428,14.806333458302532,0.011997405116489846,-13.686218603613224,-0.00010377786012583101,-0.00095435031897572742,0.0030211501782727045,0.70710678118654757,-0.70710678118654746,0.43388373911755823,-0.90096886790241903
2026-07-23 10:00:00,-1,0.21617028844767119,-0.95048532703351185,0.5,0,-0.29999999999999999,0,-0.86026063612537151,39.19148557761644,4.6590510577826985,15.897169892215249,0.013145213851489803,-19.384644201686712,-0.0033335327820651628,-0.0047301713972860426,0.0030963736436482249,0.49999999999999994,-0.86602540378443871,0.43388373911755823,-0.90096886790241903
2026-07-23 11:00:00,-1,0.047263968525236205,-0.86987372280274244,0.5,0,0.14999999999999999,0,0.14688187417180568,47.63680157373819,4.6896863014902044,16.585158769861668,0.012830237237193662,-14.500794296128994,0.003994067908681842,0.00055675726649084822,0.0031421985327914057,0.25881904510252102,-0.9659258262890682,0.43388373911755823,-0.90096886790241903
2026-07-23 12:00:00,-1,0.10321890503802222,-0.85304601126639168,-1,0,-0.29999999999999999,0,-0.26318383679556412,44.839054748098889,4.6783857925481573,16.864590476874255,0.012427668678544803,-13.634954624263427,-0.0016642767439822848,-0.0010037416173656055,0.0031514914837980452,1.2246467991473532e-16,-1,0.43388373911755823,-0.90096886790241903
2026-07-23 13:00:00,-1,0.038234685036494936,-0.70000793128353744,-1,0,0.29999999999999999,0,0.79427518590852153,48.088265748175253,4.6635410063208358,17.200719512153789,0.012042898127159744,-9.1944874244129302,0.0016469908086822471,0.0039767819733818044,0.0024010976826877215,-0.25881904510252079,-0.96592582628906831,0.43388373911755823,-0.90096886790241903
2026-07-23 14:00:00,-1,0.18745286155753818,-0.86079430077853625,-1,0,-0.29999999999999999,0,-0.84305659555481882,40.627356922123091,4.721072369620547,18.498682503188689,0.01300992927808481,-14.557128345301479,-0.0047754291769894763,-0.004792715112289514,0.0025967870457404125,-0.49999999999999972,-0.86602540378443882,0.43388373911755823,-0.90096886790241903
2026-07-23 15:00:00,-1,-0.165679517017808,-0.98267408302609704,-1,0,-0.29999999999999999,0,-0.97772777431666291,33.4320482982192,4.7819716775786043,20.603051380763606,0.015548217893606534,-28.283431633549171,-0.0061850227398192459,-0.0093134611081264751,0.0027517094577203852,-0.70710678118654713,-0.70710678118654791,0.43388373911755823,-0.90096886790241903
2026-07-23 16:00:00,-1,-0.19165535993069993,-0.99643581662961311,-1,0,-0.29999999999999999,0,-0.99597450448988911,30.834464006930006,4.843181193813634,22.988561808526356,0.018600157882170443,-40.143566816404096,-0.0027440909048213058,-0.013704542821630028,0.0027801772715078444,-0.86602540378443837,-0.50000000000000044,0.43388373911755823,-0.90096886790241903
2026-07-23 17:00:00,-1,-0.44899804770437413,-0.99919256760592601,-1,0,-0.14999999999999999,0,-0.99184489779683294,27.550097614781293,4.8957267514559284,25.505197743519673,0.023024432631301849,-52.245928996396167,-0.0039226822835587427,-0.012851795928199294,0.0028424882959586168,-0.96592582628906831,-0.25881904510252063,0.43388373911755823,-0.90096886790241903
2026-07-23 18:00:00,-1,-0.45393291386802986,-0.9995437311322829,-1,0,-0.14999999999999999,0,-0.89734582724000544,27.303354306598507,4.9154466551693048,28.29605407338304,0.026116367687190896,-57.179771894519845,-0.00030969340600606188,-0.0069764665943861104,0.0028361684035525347,-1,-1.8369701987210297e-16,0.43388373911755823,-0.90096886790241903
2026-07-23 19:00:00,-1,-0.3738264156475839,-0.9990948458772706,-1,0,-0.14999999999999999,0,-0.45132371518820091,31.308679217620806,4.9299636458414557,29.339001386565922,0.028097048914912864,-53.274866163430772,0.0018707763549343781,-0.0023615993346304265,0.0028780159293537756,-0.96592582628906842,0.2588190451025203,0.43388373911755823,-0.90096886790241903
2026-07-23 20:00:00,-1,-0.420910050820479,-0.99902075942839763,-1,0,-0.14999999999999999,0,-0.20602199483614456,28.95449745897605,4.9152608689794857,30.339583291927806,0.030234296513026292,-51.960688848562356,-0.0025644151518715574,-0.0010033322029432412,0.0028736421167649948,-0.8660254037844386,0.50000000000000011,0.43388373911755823,-0.90096886790241903
2026-07-23 21:00:00,-1,-0.43176649694318514,-0.99874157839711886,-1,0,-0.14999999999999999,0,-0.27237047759080962,28.411675152840743,4.8832419702144723,31.441766095340576,0.032472638281800019,-48.666148465558237,-0.00060600724130566164,-0.001299646038242841,0.0028094791105388703,-0.70710678118654768,0.70710678118654735,0.43388373911755823,-0.90096886790241903
2026-07-23 22:00:00,-1,-0.34316069114968428,-0.99473255586910847,-1,0,-0.14999999999999999,0,-0.24933333521068424,32.841965442515786,4.8910767302108313,32.639077832112768,0.033256980421055057,-39.507923607579443,0.0019787345376052201,-0.001191687855571999,0.00278183407395468,-0.50000000000000044,0.86602540378443837,0.43388373911755823,-0.90096886790241903
2026-07-23 23:00:00,-1,-0.158752007829668,-0.9252354062010284,-1,0,0.14999999999999999,0,0.85479486988953357,42.0623996085166,4.9125280298017646,32.155027851736648,0.031724502186448428,-22.086719872132761,0.0047092432945134988,0.0060819705908130572,0.0028623671998152691,-0.25881904510252157,0.96592582628906809,0.43388373911755823,-0.90096886790241903
2026-07-24 01:00:00,-1,-0.16701175857057024,-0.60795084979444258,0.5,0,0.10000000000000001,0,0.87385160587194999,41.649412071471488,4.901232616157893,31.705552869958819,0.030617886773759997,-9.4880387001912538,-0.00031512825980861692,0.006372849572310102,0.0028318297953644892,0.25881904510252074,0.96592582628906831,-0.43388373911755801,-0.90096886790241915
2026-07-24 02:00:00,-1,-0.21375242605102771,-0.24132471800916386,0.5,0,0.10000000000000001,0,0.51748251667264988,39.312378697448615,4.8691925933490667,31.268050063085497,0.030178072802813379,-3.2056545840146669,-0.0017735721438416618,0.00262054289086322,0.0027966452394399335,0.49999999999999994,0.86602540378443871,-0.43388373911755801,-0.90096886790241915
2026-07-24 03:00:00,-1,-0.22183742187701072,0.11374783634606492,0.5,0,-0.10000000000000001,0,-0.48606603035833851,38.908128906149464,4.8570980849738117,31.135096973010025,0.029309504015543473,1.4697303972923379,-0.00030525941146564151,-0.0023939598151159203,0.002779037128082217,0.70710678118654746,0.70710678118654757,-0.43388373911755801,-0.90096886790241915
2026-07-24 04:00:00,-1,-0.27439083629368044,0.14305284197621701,0.5,0,-0.10000000000000001,0,-0.72730350255848364,36.280458185315979,4.8354619895474711,31.042184928642001,0.028237859585438108,1.8134268382962659,-0.0019987676826165313,-0.0040775992379238346,0.002776934267946327,0.8660254037844386,0.50000000000000011,-0.43388373911755801,-0.90096886790241915
2026-07-24 05:00:00,-1,-0.35251810409874423,-0.23334724022391645,0.5,0,-0.10000000000000001,0,-0.85629830579536481,32.374094795062788,4.8288607452241594,31.533791868852401,0.027780168652876011,-2.9732078741218686,-0.0033248950216577811,-0.0056289221157399538,0.0028293319840021185,0.96592582628906831,0.25881904510252074,-0.43388373911755801,-0.90096886790241915
2026-07-24 06:00:00,-1,-0.378474846874297,-0.51060407593059554,0.5,0,-0.10000000000000001,0,-0.9089647228873533,31.076257656285151,4.802256685320577,32.19177576048547,0.027060994609609298,-6.8631480245560965,-0.0012002387797682701,-0.0065239014840425824,0.0028219441066166377,1,6.123233995736766e-17,-0.43388373911755801,-0.90096886790241915
2026-07-24 07:00:00,-1,-0.25193609176907455,-0.22206040225007512,0.5,0,-0.29999999999999999,0,-0.38411863360401871,37.403195411546271,4.7918893170609529,32.884022230867231,0.026273522238554121,-2.7218111925927957,0.0028077124668772768,-0.0017174213345487743,0.0028926140353170583,0.96592582628906831,-0.25881904510252063,-0.43388373911755801,-0.90096886790241915
2026-07-24 08:00:00,-1,-0.26971258992857428,-0.0075826541955733304,0.5,0,0.29999999999999999,0,0.2198070501137831,36.514370503571286,4.7566491298021143,33.040561221579644,0.023574237042700112,-0.088229952152047986,-0.00069061506241929749,0.00091685862468970925,0.002670759121112855,0.86602540378443871,-0.49999999999999978,-0.43388373911755801,-0.90096886790241915
2026-07-24 09:00:00,-1,-0.27123504185094732,0.22374368537325054,-1,0,0.29999999999999999,0,0.46918221358031886,36.438247907452634,4.7425815057079284,33.575505290201946,0.020743089162884733,2.611181655813354,-5.6397801911245438e-05,0.0020606996025467339,0.0026729064801639165,0.70710678118654757,-0.70710678118654746,-0.43388373911755801,-0.90096886790241915
2026-07-24 10:00:00,-1,-0.15517680794973943,0.69441592338240232,-1,0,0.29999999999999999,0,0.41121210249227647,42.241159602513029,4.747655092358495,32.940569913909812,0.015151113712257134,9.8758484260136754,0.0025206931871455396,0.0017736803228149967,0.0027231839577355832,0.49999999999999994,-0.86602540378443871,-0.43388373911755801,-0.90096886790241915
2026-07-24 11:00:00,-1,-0.14636162300329103,0.87502604190840472,-1,0.5,0.14999999999999999,0,0.58190320994243283,42.681918849835448,4.7329201348339742,32.350987064495683,0.010886460274725479,15.386627983618638,0.00019688153771824091,0.0026611769229525351,0.0025679451688197571,0.25881904510252102,-0.9659258262890682,-0.43388373911755801,-0.90096886790241915
2026-07-24 12:00:00,-0.33333333333333331,-0.027132443717230927,0.97352624416850242,-1,0.5,0.29999999999999999,0,0.8841211345174308,48.643377814138454,4.719359148081141,31.127135453911841,0.009871540049334911,24.164749897300709,0.0027768190461774367,0.0054943937710412172,0.0023102632098839725,1.2246467991473532e-16,-1,-0.43388373911755801,-0.90096886790241915
2026-07-24 13:00:00,-1,-0.10401739084599257,0.98163434267566141,-1,0.5,0.29999999999999999,0,0.21717400105975448,44.799130457700372,4.6932157970943216,29.978481954327318,0.0094587808312781834,25.560211056588045,-0.0021266822309815581,0.00084701835291411953,0.0022776358925073988,-0.25881904510252079,-0.96592582628906831,-0.43388373911755801,-0.90096886790241915
2026-07-24 14:00:00,-0.33333333333333331,-0.045573732291074837,0.98991029089705829,-1,0.5,0.29999999999999999,0,0.49186311033167446,47.721313385446258,4.6845418832671921,29.199350499656401,0.0096717993718645132,28.604247657060654,0.0013972415533629601,0.0020473783685588387,0.0021145616586979222,-0.49999999999999972,-0.86602540378443882,-0.43388373911755801,-0.90096886790241915
2026-07-24 15:00:00,-1,-0.15165741836941835,0.97808081226648591,-1,-0.5,-0.29999999999999999,0,-0.76143082012468255,42.417129081529083,4.6834456037010739,28.603840081562943,0.0096544290129957876,24.345586039546902,-0.0030673631220459185,-0.0037968037996645165,0.0022326780858012516,-0.70710678118654713,-0.70710678118654791,-0.43388373911755801,-0.90096886790241915
2026-07-24 16:00:00,-1,-0.37962217789581471,0.32641059999214422,-1,0,-0.29999999999999999,0,-0.9885468447411242,31.018891105209264,4.8069713709136845,29.868283682618276,0.013099984929403107,4.1456403678304099,-0.0094756271457505648,-0.011145748714433523,0.0030333445123456823,-0.86602540378443837,-0.50000000000000044,-0.43388373911755801,-0.90096886790241915
2026-07-24 17:00:00,-1,-0.21520507743218759,0.0080239099858377544,-1,0,-0.14999999999999999,0,-0.94602249093793755,39.239746128390621,4.8544748887473999,31.309082497220263,0.013861541914960951,0.10295964237820954,0.0044413876379145734,-0.0081016026298819099,0.0031896777337694286,-0.96592582628906831,-0.25881904510252063,-0.43388373911755801,-0.90096886790241915
2026-07-24 18:00:00,-1,-0.075127816793622917,0.44769851054032123,-1,0,-0.14999999999999999,0,-0.11403943785864228,46.243609160318854,4.9076913439989642,31.209175340213971,0.013798032742717257,6.5202824662544998,0.004488648311054888,-0.00054559119678110335,0.0033551580177753047,-1,-1.8369701987210297e-16,-0.43388373911755801,-0.90096886790241915
2026-07-24 19:00:00,-1,-0.14327017098190978,0.39925670728424389,-1,0,0.14999999999999999,0,0.84584006108214627,42.836491450904511,4.9254644047613576,30.626097494185267,0.01412826692080644,5.8237187229466514,-0.0028736614506552627,0.0060563744983141987,0.003383604231356517,-0.96592582628906842,0.2588190451025203,-0.43388373911755801,-0.90096886790241915
2026-07-24 20:00:00,-1,-0.16639961829959204,0.29052823355530299,-1,0,0.14999999999999999,0,0.12563130618998261,41.680019085020398,4.9140157770685393,30.294554487639981,0.013740191667235287,4.0738864700052773,-0.0010068519771433415,0.00060813488325628384,0.0031831627446814417,-0.8660254037844386,0.50000000000000011,-0.43388373911755801,-0.90096886790241915
2026-07-24 21:00:00,-1,-0.2863118003193813,-0.45184850839185492,-1,0,-0.14999999999999999,0,-0.95842244800235965,35.684409984030935,4.9601475367350476,30.904123751732961,0.01518995937948215,-6.9456360047056478,-0.0058384856087716486,-0.0097189990365702528,0.0034003614288992041,-0.70710678118654768,0.70710678118654735,-0.43388373911755801,-0.90096886790241915
2026-07-24 22:00:00,-1,-0.2981937099950781,-0.75417261925525292,-1,0,-0.14999999999999999,0,-0.90543789592535906,35.090314500246095,4.9462709081642631,31.684440472746104,0.01674460867031698,-13.819677358194525,-0.0006401570737253337,-0.0074854946596403238,0.0033919346380575964,-0.50000000000000044,0.86602540378443837,-0.43388373911755801,-0.90096886790241915
2026-07-24 23:00:00,-1,-0.26529918315460094,-0.80027937068890143,-1,0,-0.14999999999999999,0,-0.81983128042655973,36.735040842269953,4.9084672266941682,32.409020285115453,0.017491127272383097,-14.889206035158409,0.0009280941134814924,-0.0055505485690154899,0.0034106257827363801,-0.25881904510252157,0.96592582628906809,-0.43388373911755801,-0.90096886790241915
2026-07-27 01:00:00,-0.33333333333333331,0.04509264550103495,0.36986619051383063,-1,0,0.10000000000000001,0,0.969475527504152,52.254632275051748,5.0311434145150908,30.232647251459635,0.01753103407557623,5.9446940095853193,0.010989607131016044,0.011277544170772202,0.0042668034782101854,0.25881904510252074,0.96592582628906831,0,1
2026-07-27 02:00:00,-0.33333333333333331,0.13244897738321526,0.94569376790206316,-1,0,0.10000000000000001,0,0.99510419974811382,56.622448869160763,5.0211058672144997,28.512129484774643,0.018814848831731935,27.123023691777348,0.0041571203530654799,0.016074821597563016,0.0042867616403955205,0.49999999999999994,0.86602540378443871,0,1
2026-07-27 03:00:00,-0.33333333333333331,0.021839312710116871,0.96916355531186715,-1,0,0.10000000000000001,0,0.96227235544385714,51.091965635505844,5.0201729437270837,26.796788253441989,0.018918158190298389,31.473760311670148,-0.004568509147643951,0.010578218336437573,0.004416575619080312,0.70710678118654746,0.70710678118654757,0,1
2026-07-27 04:00:00,-0.33333333333333331,0.017160891607399691,0.98062646252659103,-1,0,0.10000000000000001,0,0.028990123868796264,51.716089160739969,4.9991348414430998,24.954211455790002,0.019103773386275759,34.307622185803567,0.0005625404474294271,0.000151151652850956,0.0043756304132416615,0.8660254037844386,0.50000000000000011,0,1
2026-07-27 05:00:00,-0.33333333333333331,0.017243821839524644,0.98520482460150205,0.5,0,-0.10000000000000001,0,-0.66340889493032051,51.724382183952464,4.9607458150528752,23.269129552315082,0.019293388745555546,34.955667534867018,7.029753430032315e-06,-0.0039989389467844916,0.0043717268890045725,0.96592582628906831,0.25881904510252074,0,1
2026-07-27 06:00:00,-0.33333333333333331,0.016909182174913013,0.98645704714060434,1,0,0.10000000000000001,0,0.11300878363591547,51.690918217491301,4.9168490161595884,21.704410641945518,0.019461843440919658,34.062606889727114,-2.460435321438581e-05,0.00054496584764507361,0.0043716572589855692,1,6.123233995736766e-17,0,1
2026-07-27 07:00:00,-0.33333333333333331,0.031323703228399183,0.98903166975315338,1,0,0.29999999999999999,0,0.22716669532229039,53.132370322839918,4.878914937864721,20.351310572918017,0.019642960018310392,34.189429183716022,0.0010855304092292073,0.0010679558094448538,0.0043422407008636655,0.96592582628906831,-0.25881904510252063,0,1
2026-07-27 08:00:00,-0.33333333333333331,-0.109504965065574,0.99331911184868082,1,0,0.29999999999999999,0,0.56299591209658006,55.4752482532787,4.8426351971079082,19.425227296553775,0.02012689885523785,36.128129463604914,0.0017750591377279079,0.0028359851937427294,0.0043589666419779575,0.86602540378443871,-0.49999999999999978,0,1
2026-07-27 09:00:00,-0.33333333333333331,-0.1092689293719748,0.99457068106213109,1,0,0.29999999999999999,0,0.58569822290864992,55.46344646859874,4.7969939639112464,18.760672594195817,0.020170072246283914,35.77656925397045,-7.0098453264222371e-06,0.002853579701630693,0.0043148740359691727,0.70710678118654757,-0.70710678118654746,0,1
2026-07-27 10:00:00,-0.33333333333333331,-0.068745569961628797,0.99116432310236136,1,0,0.29999999999999999,0,0.1461885561893867,53.43727849808144,4.7663739646355943,17.953695780487188,0.020338506134192285,31.826804328551116,-0.0011608069436874757,0.00060724234871400995,0.0042950585668724952,0.49999999999999994,-0.86602540378443871,0,1
2026-07-27 11:00:00,-0.33333333333333331,-0.14487244477201244,0.99301109171558144,1,0,0.14999999999999999,0,0.34534660348482393,57.243622238600622,4.7493334096146951,17.356263736782939,0.02085931081016108,32.648575567495925,0.0026247975946631641,0.0014569808056492661,0.0043238715830193151,0.25881904510252102,-0.9659258262890682,0,1
2026-07-27 12:00:00,-0.33333333333333331,-0.15431532715037236,0.99413539368966608,1,0,0.29999999999999999,0,0.43396049743510673,57.715766357518618,4.7039124025764902,16.925267946484674,0.021730548746010766,32.169886706470557,0.0003324264537081234,0.0017964171046838118,0.0042583074576093187,1.2246467991473532e-16,-1,0,1
2026-07-27 13:00:00,-0.33333333333333331,-0.14784937964165834,0.99343922771111237,1,0,0.29999999999999999,0,0.64279140198366502,57.392468982082917,4.6513830481886558,16.525057569779143,0.020974113832327307,29.934419337422113,-0.00015745138721001695,0.0027997726611612705,0.0035911075871541192,-0.25881904510252079,-0.96592582628906831,0,1
2026-07-27 14:00:00,-0.33333333333333331,-0.051181599071824027,0.97406087704040301,1,0,-0.29999999999999999,0,-0.54465280744158018,52.559079953591201,4.6456857420751145,15.45115138866765,0.020681675336017235,22.556085279926162,-0.0024033335909336984,-0.0022283585244355919,0.0035472612960093992,-0.49999999999999972,-0.86602540378443882,0,1
2026-07-27 15:00:00,-0.33333333333333331,-0.072877017215386669,0.94169967270854604,1,0,-0.29999999999999999,0,-0.49724485728275414,53.643850860769334,4.6203766659929846,14.649301325011965,0.02090399440839499,17.797140985894572,0.00062065521440501925,-0.0019401297637386961,0.0034164169866060332,-0.70710678118654713,-0.70710678118654791,0,1
2026-07-27 16:00:00,-1,0.27384042530690422,-0.59153557489751984,1,0,-0.29999999999999999,0,-0.99723467872492966,36.307978734654789,4.7853582141710822,16.096653194408503,0.022004621779076007,-8.1429069828300946,-0.012103619750011063,-0.013886298126539742,0.0043517043703593331,-0.86602540378443837,-0.50000000000000044,0,1
2026-07-27 17:00:00,-1,0.3845552635528236,-0.9864087195401271,1,0,-0.14999999999999999,0,-0.99832023066554587,30.772236822358821,4.9560660850479117,18.957756608737892,0.025207108490567513,-35.3995122171386,-0.006314266828875148,-0.017797231364481192,0.0045577849317675516,-0.96592582628906831,-0.25881904510252063,0,1
2026-07-27 18:00:00,-1,-0.22014816395914708,-0.99918636691466589,1,0,-0.14999999999999999,0,-0.99960377071816631,27.985183604085293,4.9928307280853232,21.614495493472326,0.028502373358025877,-57.517318170379774,-0.0038493645645854002,-0.022267251143471611,0.0044558806794852907,-1,-1.8369701987210297e-16,0,1
2026-07-27 19:00:00,-1,-0.22402572732043752,-0.99981183992336697,0.5,0,-0.14999999999999999,0,-0.96484345962266149,27.597427267956249,5.0064782596800326,24.018956548600698,0.031466400368222174,-69.246071913047018,-0.00055573185038682027,-0.010719363243847368,0.004455688471831613,-0.96592582628906842,0.2588190451025203,0,1
2026-07-27 20:00:00,-1,-0.37184951682870121,-0.99983111588102347,0.5,0,-0.14999999999999999,0,-0.41726631677379916,31.407524158564939,4.9916032368093735,26.376423913698552,0.033511409934177831,-69.019049551093701,0.0020671934561846683,-0.0023379029587875522,0.0044808094401256812,-0.8660254037844386,0.50000000000000011,0,1
2026-07-27 21:00:00,-1,-0.2674088607245213,-0.9993243774456807,0.5,0,0.14999999999999999,0,0.6896181510005347,36.629556963773936,5.0028615481811114,27.655701215634174,0.035122826313291632,-59.480948068922899,0.0029982458256476718,0.0045097074314455199,0.0037060982574980603,-0.70710678118654768,0.70710678118654735,0,1
2026-07-27 22:00:00,-1,-0.26296582363522447,-0.99783852601262368,0.5,0,0.14999999999999999,0,0.76144955612316634,36.851708818238777,4.9784563777491684,28.208020034835954,0.035833633870459743,-49.595834912584635,0.00012844848519932839,0.0051938877670316685,0.0035309388923374053,-0.50000000000000044,0.86602540378443837,0,1
2026-07-27 23:00:00,-1,-0.25402330400571926,-0.99333502076633395,0.5,0,0.14999999999999999,0,0.58966164137672927,37.298834799714037,4.9363478012367725,28.720887509809039,0.036772931199566032,-39.694160063455413,0.00024257990986420452,0.0033692742207112047,0.0034337859734078074,-0.25881904510252157,0.96592582628906809,0,1
2026-07-28 01:00:00,-1,-0.30382917849264829,-0.98774779269400159,-1,0,-0.10000000000000001,0,-0.37256250005855834,34.808541075367586,4.9158479202726637,29.404648656951029,0.037897387256985833,-34.716222868911387,-0.0022782876282132491,-0.0019072592331497162,0.0034372793375834474,0.25881904510252074,0.96592582628906831,0.7818314824680298,0.62348980185873359
2026-07-28 02:00:00,-1,-0.26077651229253118,-0.96729612957828182,-1,0,-0.10000000000000001,0,-0.19983696007596299,36.96117438537344,4.8813692449843318,30.13405648255457,0.038478632214215602,-27.000973281470323,0.0010826552907960973,-0.00095305242755294728,0.0034597136082140309,0.49999999999999994,0.86602540378443871,0.7818314824680298,0.62348980185873359
2026-07-28 03:00:00,-1,-0.33253083836440228,-0.95976111679513243,-1,0,-0.10000000000000001,0,-0.73797399777833939,33.373458081779887,4.884609425241436,31.055595376284835,0.039463882308946617,-25.692307988459447,-0.0032765686898645896,-0.0044722010272817414,0.0034978163855409789,0.70710678118654746,0.70710678118654757,0.7818314824680298,0.62348980185873359
2026-07-28 04:00:00,-1,-0.36903757385336261,-0.96081230344753077,-1,0,-0.10000000000000001,0,-0.69070884690951362,31.548121307331868,4.8818298482124929,32.306322434537705,0.040277463628992836,-25.799067595101491,-0.0018181855792089863,-0.0040120989782774785,0.0034686963430727719,0.8660254037844386,0.50000000000000011,0.7818314824680298,0.62348980185873359
2026-07-28 05:00:00,-1,-0.38905328211182622,-0.96222354891642814,-1,0,-0.10000000000000001,0,-0.86959414494874643,30.54733589440869,4.8524948495435574,33.544988185322246,0.040413955616380337,-25.292692862946637,-0.0010127310484726593,-0.0061074853175462351,0.0034023493439467806,0.96592582628906831,0.25881904510252074,0.7818314824680298,0.62348980185873359
2026-07-28 06:00:00,-1,-0.30065801311986062,-0.9005688243004174,-1,0,-0.10000000000000001,0,-0.17528075404724131,34.967099344006968,4.8577467341742411,34.174050129817772,0.039539807481862282,-18.991086182778872,0.0020136800603278715,-0.00081723656735377403,0.0034702783486564451,1,6.123233995736766e-17,0.7818314824680298,0.62348980185873359
2026-07-28 07:00:00,-1,-0.37179758902910892,-0.90324524934550399,-1,0,-0.29999999999999999,0,-0.47175734192431051,31.410120548544555,4.8400951751008279,34.758179078277905,0.039093566259248945,-18.840264874139024,-0.0033296069178714305,-0.0023286579060162182,0.0035046457912206504,0.96592582628906831,-0.25881904510252063,0.7818314824680298,0.62348980185873359
2026-07-28 08:00:00,-1,-0.42313085592079092,-0.93627845941680488,-1,0,-0.29999999999999999,0,-0.71268541059314561,28.843457203960455,4.8311998869176191,35.712418621633404,0.037660577707810471,-21.399174853009441,-0.0027128161997929112,-0.0040287430573364702,0.0033956297435242251,0.86602540378443871,-0.49999999999999978,0.7818314824680298,0.62348980185873359
2026-07-28 09:00:00,-1,-0.32136605816099462,-0.86645079565062944,-1,0,-0.29999999999999999,0,-0.67388685802352244,33.931697091950269,4.8270539541953594,36.75322419016581,0.034448601763663433,-16.462522438025672,0.0023745662442458126,-0.0036678568734185291,0.0034837085187829778,0.70710678118654757,-0.70710678118654746,0.7818314824680298,0.62348980185873359
2026-07-28 10:00:00,-1,-0.3316749896315227,-0.75939770224977565,-1,0,-0.29999999999999999,0,-0.18373876327049116,33.416250518423865,4.8007687720050116,37.283944830097383,0.029996560908524445,-12.097039994091404,-0.00047518252222467083,-0.00081343247777176941,0.0034783962339577298,0.49999999999999994,-0.86602540378443871,0.7818314824680298,0.62348980185873359
2026-07-28 11:00:00,-1,-0.23850515246116472,-0.278163672591282,-1,0,0.14999999999999999,0,0.71934852317250475,38.074742376941764,4.8293133941352435,36.912428062115346,0.024733542825552748,-3.5747046686874739,0.0021832538422206227,0.0040826375642417645,0.0035610666568534682,0.25881904510252102,-0.9659258262890682,0.7818314824680298,0.62348980185873359
2026-07-28 12:00:00,-1,-0.27211590638668892,0.071224772936774552,-1,0,0.29999999999999999,0,0.084584764119174483,36.394204680665553,4.7997527297857632,36.567448206132028,0.016140552891720592,0.86670879823284963,-0.0013374417312359554,0.00037062958875999641,0.0035351778273379807,1.2246467991473532e-16,-1,0.7818314824680298,0.62348980185873359
2026-07-28 13:00:00,-1,-0.2841891847997951,0.32986344308752702,-1,0,0.29999999999999999,0,0.086991420154927321,35.790540760010245,4.7715588664422999,36.50414373311019,0.013810856206150524,4.0471017987793232,-0.0004750063963285811,0.00037080571465608614,0.0024561647226513405,-0.25881904510252079,-0.96592582628906831,0.7818314824680298,0.62348980185873359
2026-07-28 14:00:00,-1,-0.25100814826299056,0.6074743046825607,-1,0,-0.29999999999999999,0,-0.25418118855582073,37.449592586850471,4.7750586242155046,36.815173756186297,0.013489203773599211,8.3543853541625595,0.00070523133430278051,-0.001107216793261756,0.0020882508638489466,-0.49999999999999972,-0.86602540378443882,0.7818314824680298,0.62348980185873359
2026-07-28 15:00:00,-1,-0.19941390345160101,0.83058120306658501,-1,0,0.29999999999999999,0,0.30618980138414381,40.029304827419949,4.7537283657850438,36.260666269342579,0.013544894994204585,13.805994825111156,0.0010892522803604976,0.001319477218334697,0.0019415400650016055,-0.70710678118654713,-0.70710678118654791,0.7818314824680298,0.62348980185873359
2026-07-28 16:00:00,-1,-0.46004752691916734,-0.23885752924758766,-1,0,-0.29999999999999999,0,-0.96850815211323116,26.997623654041632,4.9062311367553617,37.354103065357499,0.017847195607077725,-3.2912353298735866,-0.011902084100315236,-0.010107600485651957,0.0032753305089512951,-0.86602540378443837,-0.50000000000000044,0.7818314824680298,0.62348980185873359
2026-07-28 17:00:00,-1,-0.2733655514993133,-0.25586347986285013,-1,0,-0.14999999999999999,0,-0.80277744492148995,36.331722425034336,4.982176642672874,38.51705999716733,0.01882337137924734,-3.8150258683011486,0.0049942164486580509,-0.005818615371296687,0.003464771339124228,-0.96592582628906831,-0.25881904510252063,0.7818314824680298,0.62348980185873359
2026-07-28 18:00:00,-0.33333333333333331,-0.021723167531851998,0.68176789683475258,-1,0,0.14999999999999999,0,0.33622128695506603,48.9138416234074,5.0521828947494916,37.767730290546488,0.017906500167047833,13.015845935844595,0.0088712742713212833,0.0019634066196640987,0.0039895906675588063,-1,-1.8369701987210297e-16,0.7818314824680298,0.62348980185873359
2026-07-28 19:00:00,-0.33333333333333331,-0.013665056104929931,0.9219333949158437,-1,0,0.14999999999999999,0,0.98792362740350559,49.316747194753503,5.0375203550881338,36.914147423148975,0.0168732399809234,24.681147932070687,0.00032984723353024492,0.014195337953509579,0.0039908412075320265,-0.96592582628906842,0.2588190451025203,0.7818314824680298,0.62348980185873359
2026-07-28 20:00:00,-1,-0.085198198689268881,0.9387410012632027,-1,0,0.14999999999999999,0,0.80599355383432525,45.740090065536556,5.0312018515500263,36.286351705340572,0.015418939372826837,26.44852447867693,-0.0030408636932062194,0.0061602578116453088,0.0040373577918918595,-0.8660254037844386,0.50000000000000011,0.7818314824680298,0.62348980185873359
2026-07-28 21:00:00,-1,-0.084398248486700564,0.95098511210155046,0.5,0,-0.14999999999999999,0,-0.46504405625094991,45.780087575664972,4.9991987345840858,35.769672433261604,0.014543484853930672,27.315553028252509,2.8764562062022492e-05,-0.002682251897613952,0.0040137793245721837,-0.70710678118654768,0.70710678118654735,0.7818314824680298,0.62348980185873359
2026-07-28 22:00:00,-1,-0.12965380470568277,0.92976678042896688,0.5,0,-0.14999999999999999,0,-0.73353809292291094,43.517309764715861,4.9806304503388583,35.033090503319819,0.0131190963253131,24.115452440845232,-0.0018858287757730352,-0.0048979279069172321,0.0040154133468160895,-0.50000000000000044,0.86602540378443837,0.7818314824680298,0.62348980185873359
2026-07-28 23:00:00,-1,-0.090227522335552812,0.93391709946550583,0.5,0,-0.14999999999999999,0,-0.11163590013312709,45.48862388322236,4.9609245184272988,34.532254325321297,0.012567369147522305,24.094899086252894,0.0012815991501380353,-0.00057546506357297744,0.003974721856149728,-0.25881904510252157,0.96592582628906809,0.7818314824680298,0.62348980185873359
2026-07-29 01:00:00,-1,-0.24594787025524098,0.63319425663994688,0.5,0,-0.10000000000000001,-0.53333333333333333,-0.88722463378192895,37.702606487237951,5.0157810494916042,34.794943742156363,0.013677652838852404,11.258740756378671,-0.0070619620656380278,-0.0076661916912730277,0.0042500841678324549,0.25881904510252074,0.96592582628906831,0.97492791218182362,-0.22252093395631434
2026-07-29 02:00:00,-0.33333333333333331,0.059213919292568133,0.91056980609987503,0.5,0,0.10000000000000001,-0.53333333333333333,0.8027933373024192,52.960695964628407,5.1148923801375936,34.04213428510743,0.014567472917284038,25.486016119107006,0.01239389192729945,0.0066135290117994572,0.0051265470705372258,0.49999999999999994,0.86602540378443871,0.97492791218182362,-0.22252093395631434
2026-07-29 03:00:00,-0.33333333333333331,-0.0099053575657990223,0.93309009454229774,0.5,0,0.10000000000000001,-0.53333333333333333,0.3312453053256077,49.504732121710049,5.1182406686144555,32.648951496315249,0.014350488524438114,28.092393284687361,-0.0032653938792162052,0.0020665359824452167,0.0051641371779626421,0.70710678118654746,0.70710678118654757,0.97492791218182362,-0.22252093395631434
2026-07-29 04:00:00,-1,-0.15622561510529948,0.68930312989620046,1,0,0.10000000000000001,-0.53333333333333333,0.16175721000805277,42.188719244735026,5.1556982712541037,32.5971478674848,0.015120790312078042,14.681936097428974,-0.0081036610541165288,0.0010248369939667157,0.0054267958338647723,0.8660254037844386,0.50000000000000011,0.97492791218182362,-0.22252093395631434
2026-07-29 05:00:00,-1,-0.1134983602394449,0.51343090724777618,1,0,-0.10000000000000001,-0.53333333333333333,-0.91036132385701918,44.325081988027755,5.1421726726879395,32.616971239422554,0.015300527410611118,9.7071008638561409,0.0019598348730553994,-0.0094092200602773346,0.0054180474931096742,0.96592582628906831,0.25881904510252074,0.97492791218182362,-0.22252093395631434
2026-07-29 06:00:00,-1,-0.18682010656419665,-0.060359123212220443,1,0,-0.10000000000000001,-0.53333333333333333,-0.9365228814544001,40.658994671790168,5.1456372937766108,32.962315230905887,0.016665717693919741,-1.0375118129709904,-0.004445883844988785,-0.010589710026049914,0.0054706870701053244,1,6.123233995736766e-17,0.97492791218182362,-0.22252093395631434
2026-07-29 07:00:00,-1,-0.15335721983451137,-0.25875512921745725,1,0,-0.29999999999999999,-0.53333333333333333,-0.16879180834368882,42.332139008274432,5.1228797151300478,33.559575687225916,0.017400500364571723,-4.4433784921133679,0.001450342353674472,-0.0010357066182589136,0.0054863597414074655,0.96592582628906831,-0.25881904510252063,0.97492791218182362,-0.22252093395631434
2026-07-29 08:00:00,-1,-0.12342396113544524,-0.20263079556785679,1,0,-0.29999999999999999,-0.53333333333333333,-0.28262540780244072,43.828801943227738,5.1009691515478526,33.171983550864276,0.017550424968513372,-3.3734993901135937,0.0012709449610213142,-0.0017245965302929989,0.0054682884104803754,0.86602540378443871,-0.49999999999999978,0.97492791218182362,-0.22252093395631434
2026-07-29 09:00:00,-0.33333333333333331,-0.012559815718282579,0.39548559032557595,0.5,0,0.29999999999999999,-0.53333333333333333,0.85448338127062839,49.372009214085871,5.1184010450171051,32.027089103429986,0.017490780562788206,6.9882232899099961,0.0049632730197171071,0.0076845603344128932,0.0055890038517458452,0.70710678118654757,-0.70710678118654746,0.97492791218182362,-0.22252093395631434
2026-07-29 10:00:00,-0.33333333333333331,-0.029512090552911586,0.64934360136467417,0.5,0,0.29999999999999999,-0.53333333333333333,0.73368866094745477,48.524395472354421,5.0760592632952912,30.792315375620138,0.017439102875924387,12.397579335234411,-0.00081409175635549502,0.0054201262243829262,0.0055909001452714088,0.49999999999999994,-0.86602540378443871,0.97492791218182362,-0.22252093395631434
2026-07-29 11:00:00,-1,-0.032361854665144706,0.75849699360568856,0.5,0,0.14999999999999999,-0.53333333333333333,0.60946259212632115,48.381907266742765,5.0574473341731139,30.090956441734317,0.017316150325607408,15.603599556239857,-0.00012973954803996435,0.0040194417153216477,0.005588009304285795,0.25881904510252102,-0.9659258262890682,0.97492791218182362,-0.22252093395631434
2026-07-29 12:00:00,-0.33333333333333331,0.061982791279450992,0.91767072766243241,0.5,0,0.29999999999999999,-0.53333333333333333,0.50894767278331143,53.09913956397255,5.0582246442384493,28.424741916367203,0.017501086857151786,24.761849027783441,0.0041182145972946671,0.0031743832928992077,0.0056625097740518092,1.2246467991473532e-16,-1,0.97492791218182362,-0.22252093395631434
2026-07-29 13:00:00,-0.33333333333333331,0.002362329203808855,0.92851533443492429,0.5,0,0.29999999999999999,-0.53333333333333333,0.2641579809038701,50.118116460190443,5.037714282989179,26.877542714240601,0.015746719660573123,25.391007803090716,-0.002486884053205074,0.0015015909960496288,0.0049649059796587191,-0.25881904510252079,-0.96592582628906831,0.97492791218182362,-0.22252093395631434
2026-07-29 14:00:00,-0.33333333333333331,0.04715047119655779,0.95650409984219864,-1,0,0.29999999999999999,-0.53333333333333333,0.58056322717025366,52.357523559827889,5.006639447704532,25.440857740837327,0.015558984683999405,28.433017630011747,0.0019339793146571083,0.0035653098587467014,0.0048659750194331381,-0.49999999999999972,-0.86602540378443882,0.97492791218182362,-0.22252093395631434
2026-07-29 15:00:00,-1,-0.01720790083967998,0.91423146018438606,-1,0,-0.29999999999999999,-0.53333333333333333,-0.6218874702542273,48.279209916032002,5.0123593529762074,24.761487002317327,0.014999237382554759,23.330833258748989,-0.0033815171331763594,-0.0039344218717243251,0.004496387954634219,-0.70710678118654713,-0.70710678118654791,0.97492791218182362,-0.22252093395631434
2026-07-29 16:00:00,-1,-0.16451961988720967,0.46475296418555406,-1,0,-0.29999999999999999,-0.53333333333333333,-0.86622970924437692,41.774019005639516,5.0932964671015144,25.166884716992808,0.015233027268455893,8.2009930533659201,-0.006307869216113815,-0.0077554070346330661,0.0046924767654645825,-0.86602540378443837,-0.50000000000000044,0.97492791218182362,-0.22252093395631434
2026-07-29 17:00:00,-1,-0.24822573320529698,-0.5132732999504519,-1,0,-0.14999999999999999,-0.53333333333333333,-0.98076918536339397,37.58871333973515,5.1570165871362637,26.245949833155496,0.017633456313840175,-9.848550907486036,-0.004867374816409864,-0.014556761165700038,0.0047602545417093182,-0.96592582628906831,-0.25881904510252063,0.97492791218182362,-0.22252093395631434
2026-07-29 18:00:00,-1,-0.29551287756465994,-0.89763150885435639,-1,0,-0.14999999999999999,-0.53333333333333333,-0.97758036821814864,35.224356121767002,5.1640890498689371,27.434401475707489,0.020680186823655491,-25.530301069471733,-0.0030400207346410468,-0.014215264767164726,0.0047860204150321139,-1,-1.8369701987210297e-16,0.97492791218182362,-0.22252093395631434
2026-07-29 19:00:00,-1,-0.21018954525698605,-0.91996930442448421,-1,0,-0.14999999999999999,-0.53333333333333333,-0.62947194718562682,39.490522737150698,5.1717474214711299,28.75131428942861,0.022022213919793615,-27.99870912437197,0.003163907123692411,-0.0047434884273584998,0.0048595187860190035,-0.96592582628906842,0.2588190451025203,0.97492791218182362,-0.22252093395631434
2026-07-29 20:00:00,-1,-0.10645792062912378,-0.82048656406250331,-1,0,0.14999999999999999,-0.53333333333333333,0.58907446771305239,44.677103968543811,5.1618807564564708,28.622001602462589,0.022008271668661983,-20.211524760272709,0.0041667484431098245,0.0042906348321611887,0.0049591307701788044,-0.8660254037844386,0.50000000000000011,0.97492791218182362,-0.22252093395631434
2026-07-29 21:00:00,-0.33333333333333331,0.13125195976909196,0.39890921122424261,-1,0,0.14999999999999999,-0.53333333333333333,0.99337936673651994,56.562597988454598,5.2448036471109809,26.915688007600451,0.023006852279767395,8.0068714547885094,0.012250136513328513,0.019580792080130749,0.0054540965720847774,-0.70710678118654768,0.70710678118654735,0.97492791218182362,-0.22252093395631434
2026-07-29 22:00:00,-1,-0.24127682930400013,-0.70117330317054016,-1,0,-0.14999999999999999,-0.53333333333333333,-0.81791179390791258,37.936158534799993,5.4455734046575506,26.396408532582932,0.02641273967105898,-20.151363043280639,-0.026177917902444392,-0.0097610329460060541,0.0074841960027812711,-0.50000000000000044,0.86602540378443837,0.97492791218182362,-0.22252093395631434
2026-07-29 23:00:00,-1,-0.26218331846018955,-0.94238298025448464,-1,0,-0.14999999999999999,-0.53333333333333333,-0.95950030579407142,36.890834076990522,5.4215747612430532,26.29664450638078,0.030268056022094383,-39.793090851007307,-0.0021214852454942701,-0.016049266634610149,0.0074734499363425513,-0.25881904510252157,0.96592582628906809,0.97492791218182362,-0.22252093395631434
2026-07-30 01:00:00,-1,-0.15823778341173336,-0.93262204447728714,0.5,0,-0.10000000000000001,-0.53333333333333333,-0.99018202308723535,42.088110829413331,5.4272935277678789,25.518215251846389,0.031857603236615448,-38.183554452984595,0.0064022916975634558,-0.021897111450375206,0.0074853540682827038,0.25881904510252074,0.96592582628906831,0.43388373911755823,-0.90096886790241903
2026-07-30 02:00:00,-1,-0.058613565689362802,-0.87581164320033666,0.5,0,0.10000000000000001,-0.53333333333333333,0.69653709205953074,44.13864343106372,5.3903506926433611,24.438490359566647,0.03249819637858322,-29.767267345263548,0.0026379109590113359,0.0069187174110805216,0.0074991038837424516,0.49999999999999994,0.86602540378443871,0.43388373911755823,-0.90096886790241903
2026-07-30 03:00:00,-1,-0.051439239175834359,-0.74436052590835233,0.5,0,0.10000000000000001,-0.53333333333333333,0.85366575154531765,44.856076082416564,5.3631159665782464,23.178648603207087,0.033031407873310985,-20.48932984658029,0.00089844640565850398,0.0099386490622332957,0.0074488021765521774,0.70710678118654746,0.70710678118654757,0.43388373911755823,-0.90096886790241903
2026-07-30 04:00:00,-1,-0.020976383548298259,-0.28051330456904527,0.5,0,0.10000000000000001,-0.53333333333333333,0.74300807914672207,47.902361645170174,5.3455943839708793,21.581403017994717,0.033099609167054865,-6.0438695561234397,0.0037894153176161183,0.0073257726822859581,0.0074960025067067329,0.8660254037844386,0.50000000000000011,0.43388373911755823,-0.90096886790241903
2026-07-30 05:00:00,-1,-0.049140013053955156,-0.13122582555299608,0.5,0,0.10000000000000001,-0.53333333333333333,0.094242575664214651,45.085998694604484,5.3241842834942963,20.098246403154661,0.033484009678581658,-2.7089117144082309,-0.0039792635491284756,0.00070859817414614668,0.0075341078339695383,0.96592582628906831,0.25881904510252074,0.43388373911755823,-0.90096886790241903
2026-07-30 06:00:00,-1,0.10383987687798595,-0.011129703289184488,-1,0,-0.10000000000000001,-0.53333333333333333,-0.08011844693080207,44.808006156100703,5.288422631623094,19.064349276196417,0.03310469367141862,-0.22041151839255235,-0.00039076266778259594,-0.00058061089929495324,0.0074260184777978468,1,6.123233995736766e-17,0.43388373911755823,-0.90096886790241903
2026-07-30 07:00:00,-1,0.14803945373588703,-0.15753352343728469,-1,0,-0.29999999999999999,-0.53333333333333333,-0.7863335229514149,42.598027313205648,5.2557455339001091,18.28950492687121,0.033126434078615687,-3.0447111982883968,-0.0030583301077697911,-0.0074283563246808626,0.007444499040310173,0.96592582628906831,-0.25881904510252063,0.43388373911755823,-0.90096886790241903
2026-07-30 08:00:00,-1,0.11923968331556352,-0.060092843877420428,-1,0,-0.29999999999999999,-0.53333333333333333,-0.28022617862698096,44.038015834221824,5.2303200031151018,17.64214096341896,0.032613050774208854,-1.1242048657367434,0.0014827753676396327,-0.0019663174079127543,0.0074611841225289211,0.86602540378443871,-0.49999999999999978,0.43388373911755823,-0.90096886790241903
2026-07-30 09:00:00,-1,0.14876632227260531,-0.12340618344664155,-1,0,-0.29999999999999999,-0.53333333333333333,-0.48441384324424624,42.561683886369735,5.1921960995820715,17.06376304344262,0.030777677324001572,-2.2309937750337951,-0.001904211444774262,-0.0034797661849044204,0.0073754743806994458,0.70710678118654757,-0.70710678118654746,0.43388373911755823,-0.90096886790241903
2026-07-30 10:00:00,-1,0.17238247319960506,-0.24507139053799501,-1,0,-0.29999999999999999,-0.53333333333333333,-0.28576281786296431,41.380876340019746,5.1870747115245974,16.8843811398371,0.029455415460355499,-4.4765155682496811,-0.0015076292180999928,-0.0019290652952346221,0.0073686772698921535,0.49999999999999994,-0.86602540378443871,0.43388373911755823,-0.90096886790241903
2026-07-30 11:00:00,-1,0.099938888185264571,0.060996191106160072,-1,0,-0.14999999999999999,-0.53333333333333333,-0.013917947682724896,45.003055590736771,5.1908022282291428,16.803553912967853,0.026169995392891297,1.0969301000391738,0.0033203749615342559,-9.1465701339998873e-05,0.0074041719508083541,0.25881904510252102,-0.9659258262890682,0.43388373911755823,-0.90096886790241903
2026-07-30 12:00:00,-1,0.075142815106857913,0.40408856740116356,-1,0,0.29999999999999999,-0.53333333333333333,0.43198158338398474,46.242859244657105,5.1646894838320847,16.271368526419948,0.023526753738497819,7.4984780394229062,0.0011482023121178742,0.0029609480555521372,0.0073945484729298523,1.2246467991473532e-16,-1,0.43388373911755823,-0.90096886790241903
2026-07-30 13:00:00,-0.33333333333333331,-0.0035904333841692447,0.78907343118845974,0.5,0,0.29999999999999999,-0.53333333333333333,0.85901514656830402,50.179521669208462,5.1582259306019012,15.315077720327182,0.022831946317419582,18.584684768331115,0.0037280400952450776,0.0081966173688972077,0.0073345826814528586,-0.25881904510252079,-0.96592582628906831,0.43388373911755823,-0.90096886790241903
2026-07-30 14:00:00,-0.33333333333333331,-0.078930190184359081,0.95504071095601883,0.5,0,0.29999999999999999,-0.53333333333333333,0.88586613993255403,53.946509509217954,5.1407963242346764,14.680981860494139,0.02354435248171529,32.226136460405229,0.0038520288927283985,0.0087282713000913503,0.0073018034288765106,-0.49999999999999972,-0.86602540378443882,0.43388373911755823,-0.90096886790241903
2026-07-30 15:00:00,-0.33333333333333331,-0.13313537493885705,0.99090375008286213,0.5,0,0.29999999999999999,-0.53333333333333333,0.93901325607710284,56.656768746942852,5.120587954716747,14.558779320952031,0.024950781184416293,45.110694339350204,0.0029480277908646713,0.010528096778838147,0.0072832750525747489,-0.70710678118654713,-0.70710678118654791,0.43388373911755823,-0.90096886790241903
2026-07-30 16:00:00,-0.33333333333333331,-0.31680915911385599,0.99940405874701432,0.5,0,0.29999999999999999,-0.53333333333333333,0.99440959583060118,65.840457955692798,5.2000503602187829,16.012875685013256,0.03129088989888433,73.584081109086782,0.012409840465974042,0.019209897149567112,0.0077383173743022955,-0.86602540378443837,-0.50000000000000044,0.43388373911755823,-0.90096886790241903
2026-07-30 17:00:00,-0.33333333333333331,-0.25053355199664223,0.99975670347086787,0.5,0,0.14999999999999999,-0.53333333333333333,0.95460619294291982,62.526677599832112,5.2159282087521683,17.68215761973746,0.034710437171674047,83.013492877470881,-0.002868631606341765,0.012489236650496949,0.0077464376216568112,-0.96592582628906831,-0.25881904510252063,0.43388373911755823,-0.90096886790241903
2026-07-30 18:00:00,-0.33333333333333331,-0.25471418590268174,0.99984221881050861,0.5,0,0.14999999999999999,-0.53333333333333333,0.90711442103165352,62.735709295134086,5.1981714540154176,19.027646212323269,0.035066152389935254,85.470863417538482,0.00029726037183053222,0.0098384692314628097,0.0072489131326287761,-1,-1.8369701987210297e-16,0.43388373911755823,-0.90096886790241903
2026-07-30 19:00:00,-0.33333333333333331,0.13964144565906353,0.99987036100455073,1,0,-0.14999999999999999,-0.53333333333333333,-0.13862159670616236,63.964144565906352,5.1803917480858281,20.484468510501546,0.037487651310078855,85.710794131680387,0.0016851916465512318,-0.00088617958796000096,0.0038016718440206433,-0.96592582628906842,0.2588190451025203,0.43388373911755823,-0.90096886790241903
2026-07-30 20:00:00,-0.33333333333333331,0.15310705142207071,0.99990056536598448,1,0,0.14999999999999999,-0.53333333333333333,0.5551565385576962,65.31070514220707,5.1406110436973442,21.892574105634989,0.038953779039108766,84.633744440840047,0.0018393749170044771,0.0038218269353862411,0.0037084856712809779,-0.8660254037844386,0.50000000000000011,0.43388373911755823,-0.90096886790241903
2026-07-30 21:00:00,0.33333333333333331,0.15394530410945179,0.99988680671850494,1,0,0.14999999999999999,-0.53333333333333333,0.55492634403603069,65.39453041094518,5.0912762820624389,23.200100729687467,0.041003224723221716,79.5060253188378,0.00011061177241522557,0.0036351783359709344,0.0035462432154667748,-0.70710678118654768,0.70710678118654735,0.43388373911755823,-0.90096886790241903
2026-07-30 22:00:00,0.33333333333333331,0.16686535567903377,0.99983045314067254,1,0,0.14999999999999999,-0.53333333333333333,0.55994298998411796,66.686535567903377,5.0708180234542874,24.778904990103644,0.04327709838698035,74.677559577838991,0.001647023965400507,0.0035970106548202097,0.0035337900666936131,-0.50000000000000044,0.86602540378443837,0.43388373911755823,-0.90096886790241903
2026-07-30 23:00:00,0.33333333333333331,0.39131261921657595,0.99978855087235474,1,0,0.14999999999999999,-0.53333333333333333,0.75127918981102049,69.565630960828798,5.0870051800757716,26.612550010604888,0.046201968906250661,74.108174935970581,0.0038644746179912204,0.005622110355806953,0.0035792161697472502,-0.25881904510252157,0.96592582628906809,0.43388373911755823,-0.90096886790241903
2026-07-31 01:00:00,0.33333333333333331,0.42110242009996568,0.99980738972117345,1,0,0.10000000000000001,-0.53333333333333333,0.87696008869478448,71.055121004998284,5.0613534828546527,28.358945721031585,0.049481219643551851,72.96770191595246,0.0021302659899440357,0.0076417645733357631,0.0035404428903950133,0.25881904510252074,0.96592582628906831,-0.43388373911755801,-0.90096886790241915
2026-07-31 02:00:00,0.33333333333333331,0.43570113759176649,0.99977768008297507,1,0,0.10000000000000001,-0.53333333333333333,0.86186215897473195,71.785056879588325,5.0270013219962744,30.093630266557916,0.051672084173743214,69.40993857924974,0.0010439799583945586,0.0070387205663298147,0.0033143560843598963,0.49999999999999994,0.86602540378443871,-0.43388373911755801,-0.90096886790241915
2026-07-31 03:00:00,0.33333333333333331,0.48266109479055558,0.99978331979801283,1,0,0.10000000000000001,-0.53333333333333333,0.84806140852986767,74.133054739527779,5.0149954583769532,31.97006175833129,0.053954944822060064,68.775169615371169,0.0034814821209430136,0.0066557280692816079,0.003305715092948355,0.70710678118654746,0.70710678118654757,-0.43388373911755801,-0.90096886790241915
2026-07-31 04:00:00,0.33333333333333331,0.42377938880609034,0.99944309240990048,1,0,0.10000000000000001,-0.53333333333333333,0.50604805898347427,71.188969440304518,4.9984763794038889,33.861850432557929,0.053982964848665396,60.652874655089732,-0.0016050603403137131,0.002920401739023859,0.0032082426760425657,0.8660254037844386,0.50000000000000011,-0.43388373911755801,-0.90096886790241915
2026-07-31 05:00:00,0.33333333333333331,0.36673926987103128,0.99736283794925429,1,0,0.10000000000000001,-0.53333333333333333,0.059768504675959608,68.336963493551565,4.9794068547162897,34.858770352217853,0.053072316890112346,48.195286841070185,-0.0015687441606875296,0.00030767761994177079,0.0032981855382757277,0.96592582628906831,0.25881904510252074,-0.43388373911755801,-0.90096886790241915
2026-07-31 06:00:00,0.33333333333333331,0.38234411159585646,0.99108925163563943,1,0,-0.10000000000000001,-0.53333333333333333,-0.4252832157341872,69.117205579792824,4.9467038558687459,35.784481706187783,0.050802749878949421,38.056385518456437,0.00091893254786690193,-0.0022548719531343409,0.0031944779260793294,1,6.123233995736766e-17,-0.43388373911755801,-0.90096886790241915
2026-07-31 07:00:00,0.33333333333333331,0.43499561118813884,0.98444050118888071,1,0,0.29999999999999999,-0.53333333333333333,0.47773214806944425,71.749780559406943,4.9429350360033917,36.961927990546926,0.047403966124227107,33.982845175985886,0.0032201944070155974,0.0025703827941949697,0.0031071590819118796,0.96592582628906831,-0.25881904510252063,-0.43388373911755801,-0.90096886790241915
2026-07-31 08:00:00,0.33333333333333331,0.45499742958205447,0.97877924650447246,1,0,0.29999999999999999,-0.53333333333333333,0.81746795831863295,72.749871479102723,4.8966418959195392,38.184118937763671,0.044128312329375335,30.3498355508695,0.0012844764885731053,0.0054236034434556046,0.0030977239656427291,0.86602540378443871,-0.49999999999999978,-0.43388373911755801,-0.90096886790241915
2026-07-31 09:00:00,0.33333333333333331,0.31751977681345095,0.87550706846000215,1,0,0.29999999999999999,-0.53333333333333333,0.20268797905645397,65.875988840672548,4.910769969925628,38.259599242845034,0.038927842339177593,18.409487653618584,-0.0035195239354575136,0.00098514696013118908,0.0033306397191601935,0.70710678118654757,-0.70710678118654746,-0.43388373911755801,-0.90096886790241915
2026-07-31 10:00:00,0.33333333333333331,0.37342663813729587,0.77059010510921622,1,0,0.29999999999999999,-0.53333333333333333,0.17713685449450442,68.671331906864793,4.9065811246088007,38.329688097563448,0.034396699425656402,13.812046854131268,0.0030868572421081097,0.00085180979522370137,0.0033135891382035216,0.49999999999999994,-0.86602540378443871,-0.43388373911755801,-0.90096886790241915
2026-07-31 11:00:00,0.33333333333333331,0.39126587431997623,0.65365311358175582,1,0,0.14999999999999999,-0.53333333333333333,0.12688922192991886,69.56329371599881,4.8804149503139183,38.539734585671667,0.030296788145955888,10.293189629385779,0.0010233237813537244,0.00059065708800432049,0.0032776529530725122,0.25881904510252102,-0.9659258262890682,-0.43388373911755801,-0.90096886790241915
2026-07-31 12:00:00,0.33333333333333331,0.2935430385296442,0.09031109577687492,1,0,0.29999999999999999,-0.53333333333333333,0.33262079373201858,64.67715192648221,4.8686376001497313,38.891737571353133,0.025463507682596347,1.1785512299313154,-0.0025232765288727421,0.001586904494589092,0.0033833370712350211,1.2246467991473532e-16,-1,-0.43388373911755801,-0.90096886790241915
2026-07-31 13:00:00,0.33333333333333331,0.31765863258782845,-0.32579829127508958,1,0,-0.29999999999999999,-0.53333333333333333,-0.072192126492250014,65.882931629391422,4.8349575335732027,39.076424264907331,0.025082341981525751,-4.2546779184433774,0.0011797292217252675,-0.00032022352579375024,0.0021487506630831544,-0.25881904510252079,-0.96592582628906831,-0.43388373911755801,-0.90096886790241915
2026-07-31 14:00:00,0.33333333333333331,0.30264904168580498,-0.66223358939597154,1,0,-0.29999999999999999,-0.53333333333333333,-0.37324880501605034,65.13245208429025,4.8216815714697718,39.454281597373331,0.023254067267183147,-9.8939321554078958,-0.00036961614904207352,-0.0017131634561895481,0.0019952606759032088,-0.49999999999999972,-0.86602540378443882,-0.43388373911755801,-0.90096886790241915
2026-07-31 15:00:00,0.33333333333333331,0.18384049500165972,-0.92523303427433878,1,0,-0.29999999999999999,-0.53333333333333333,-0.46749619212401022,59.192024750082986,4.8210637423236014,38.582275526720316,0.020549831506488082,-20.156001480143345,-0.0030289536603778089,-0.0022188405876946149,0.0021752592659925437,-0.70710678118654713,-0.70710678118654791,-0.43388373911755801,-0.90096886790241915
2026-07-31 16:00:00,-0.33333333333333331,0.049869360616611971,-0.98217447308260486,1,0,-0.29999999999999999,-0.53333333333333333,-0.8907451191130582,52.493468030830599,4.9830004507978662,38.778085055031724,0.018162835446744779,-34.371781467416383,-0.0039489239558605504,-0.0073474937652804329,0.0023940948296587773,-0.86602540378443837,-0.50000000000000044,-0.43388373911755801,-0.90096886790241915
2026-07-31 17:00:00,-0.33333333333333331,-0.0034556841003249871,-0.99434090846032752,1,0,-0.14999999999999999,-0.53333333333333333,-0.91590327229806234,49.827215794983751,5.0607623584317292,36.857989314429531,0.016597573065154032,-46.247130026819605,-0.0017387852758794509,-0.0087166628921178102,0.0024155195112774502,-0.96592582628906831,-0.25881904510252063,-0.43388373911755801,-0.90096886790241915
2026-07-31 18:00:00,-0.33333333333333331,-0.039689409514699604,-0.99768704389080598,1,-0.5,-0.14999999999999999,-0.53333333333333333,-0.83237334585214207,48.01552952426502,5.0910907225915256,35.07504326958464,0.015243614639802207,-54.957581060167854,-0.0012011714641460003,-0.0068888806958860016,0.0024367744018400695,-1,-1.8369701987210297e-16,-0.43388373911755801,-0.90096886790241915
2026-07-31 19:00:00,-0.33333333333333331,0.061822341337263255,-0.99720467372471788,0.5,-0.5,0.14999999999999999,-0.53333333333333333,0.065639820002749649,53.091117066863163,5.0829878721901025,33.738477722522902,0.013636428256401456,-52.98485312031454,0.0033157046955576419,0.00037574795553219076,0.0025172880587400067,-0.96592582628906842,0.2588190451025203,-0.43388373911755801,-0.90096886790241915
2026-07-31 20:00:00,0.33333333333333331,0.12266349202918547,-0.99393370460982389,0.5,-0.5,0.14999999999999999,-0.53333333333333333,0.63991851066619532,56.133174601459274,5.0744668270107498,33.183012719346451,0.013036926096884267,-46.32816773741601,0.0021808020255100757,0.0042953352569217174,0.0024162554147011497,-0.8660254037844386,0.50000000000000011,-0.43388373911755801,-0.90096886790241915
2026-07-31 21:00:00,0.33333333333333331,0.12790379707997104,-0.99003935856809466,0.5,-0.5,0.14999999999999999,-0.53333333333333333,0.78043267487096324,56.395189853998552,5.0316183561507426,32.667223787825456,0.012866778314182236,-40.5719662274131,0.00018741193020233027,0.0056839186512700479,0.0023718635599356956,-0.70710678118654768,0.70710678118654735,-0.43388373911755801,-0.90096886790241915
2026-07-31 22:00:00,0.33333333333333331,0.085990453390168545,-0.98644627153795028,0.5,-0.5,0.14999999999999999,-0.53333333333333333,0.2265990009251839,54.299522669508427,5.0252654969640069,32.547175856824623,0.012959652384894653,-37.957083768240324,-0.0011249987920027849,0.0012432151637096212,0.0023746162685295402,-0.50000000000000044,0.86602540378443837,-0.43388373911755801,-0.90096886790241915
2026-07-31 23:00:00,-0.33333333333333331,0.012471954889136185,-0.98912828783955808,0.5,-0.5,-0.14999999999999999,-0.53333333333333333,-0.50955315998051243,50.623597744456809,5.0092241125739134,31.725938224778215,0.013380639084795861,-39.014561313096721,-0.0020445086217950603,-0.0029820954835955149,0.0022624531229130719,-0.25881904510252157,0.96592582628906809,-0.43388373911755801,-0.90096886790241915
2026-08-03 01:00:00,0.33333333333333331,0.23945132993251092,-0.89715183574971347,0.5,0.5,0.10000000000000001,-0.53333333333333333,0.7215335465153887,61.972566496625547,5.0817814619161252,32.120946400679792,0.013883120559336328,-23.473434769666014,0.008343036327726594,0.0051735289139287488,0.0029520782061911114,0.25881904510252074,0.96592582628906831,0,1
2026-08-03 02:00:00,0.33333333333333331,0.27209940578592678,-0.59236513553493164,1,0.5,0.10000000000000001,-0.53333333333333333,0.889197110025707,63.60497028929634,5.0502173946478237,32.434613586700181,0.014654427416500691,-10.632151762303863,0.0015043569427692915,0.0078028846487008252,0.0029360020320269549,0.49999999999999994,0.86602540378443871,0,1
2026-08-03 03:00:00,0.33333333333333331,0.27926145122799412,-0.14918909399984276,0.5,0.5,0.10000000000000001,-0.53333333333333333,0.95650105363189519,63.963072561399706,5.0201767842373792,32.655781969361065,0.015419023387491404,-2.2762803328923411,0.00032307114518381752,0.010170464415679703,0.0029328102979182223,0.70710678118654746,0.70710678118654757,0,1
2026-08-03 04:00:00,0.33333333333333331,0.29762500592785729,0.24682651926456275,0.5,0,0.10000000000000001,-0.53333333333333333,0.46936319988497871,64.881250296392864,4.9882898422043684,32.963129234131053,0.016194117031516655,3.6969199934298018,0.0007966967340937714,0.0026241248220468805,0.0028551690322077563,0.8660254037844386,0.50000000000000011,0,1
2026-08-03 05:00:00,0.33333333333333331,0.31152273693531074,0.48905771731460412,0.5,0,0.10000000000000001,-0.53333333333333333,0.33446837240124616,65.576136846765536,4.939604428444798,33.412199237239975,0.016908705926936128,7.4722511896118675,0.00058571112088046107,0.00170547900015805,0.0028452815737563214,0.96592582628906831,0.25881904510252074,0,1
2026-08-03 06:00:00,0.33333333333333331,0.31942516140381882,0.5949671512849336,0.5,0,0.10000000000000001,-0.53333333333333333,0.34738166866524073,65.971258070190942,4.8963966630030322,33.92248358751209,0.017861795479185785,9.1700464781295921,0.00031901561168368175,0.0017014234666579142,0.0027109234824130466,1,6.123233995736766e-17,0,1
2026-08-03 07:00:00,0.33333333333333331,0.28674030703437497,0.54013669448844337,0.5,0,0.29999999999999999,-0.53333333333333333,0.055800743534457853,64.337015351718748,4.8450235579740957,34.396319055621909,0.018410844429487667,7.6816498288112314,-0.00065566990247134527,0.00024905683009279755,0.0026398099187680637,0.96592582628906831,-0.25881904510252063,0,1
2026-08-03 08:00:00,0.33333333333333331,0.26846333856014681,0.37605226936624969,1,0,-0.29999999999999999,-0.53333333333333333,-0.16070770671769466,63.42316692800734,4.8000797941840565,34.417208518069749,0.018726567653348021,4.8055578865092343,-0.0003543107552843594,-0.00069096504607202291,0.0026339585131747744,0.86602540378443871,-0.49999999999999978,0,1
2026-08-03 09:00:00,0.33333333333333331,0.18266593079144244,-0.10166432939822437,1,0,-0.29999999999999999,-0.53333333333333333,-0.56841105245443257,59.133296539572122,4.7781395028449012,33.87527863540258,0.018942649222250526,-1.2128056199758817,-0.0016820566489048616,-0.0026920373066605663,0.0025965280388616273,0.70710678118654757,-0.70710678118654746,0,1
2026-08-03 10:00:00,0.33333333333333331,0.17250264580040053,-0.4888817058482674,1,0,-0.29999999999999999,-0.53333333333333333,-0.50066668985960738,58.625132290020026,4.7516662452917009,33.141680385269012,0.019062669590853076,-6.1893218646492159,-0.00020034973397642375,-0.0022367171381656448,0.0025854584279826486,0.49999999999999994,-0.86602540378443871,0,1
2026-08-03 11:00:00,0.33333333333333331,0.18035427954238756,-0.67351255167711821,1,0,-0.14999999999999999,-0.53333333333333333,-0.38881044406611603,59.017713977119378,4.7555596045431416,31.41005899432664,0.019227054306935342,-9.4975596079210334,0.00020737882033650124,-0.0016750275625447841,0.0025836270085367822,0.25881904510252102,-0.9659258262890682,0,1
2026-08-03 12:00:00,0.33333333333333331,0.11343947993900201,-0.84724617841607497,1,0,-0.29999999999999999,-0.53333333333333333,-0.29473200823038265,55.671973996950101,4.7325406400960892,29.856090873451411,0.019218134779866513,-14.156079708826184,-0.0012202864439547767,-0.0012132573575946992,0.0024990087382273977,1.2246467991473532e-16,-1,0,1
2026-08-03 13:00:00,0.33333333333333331,0.080550075273301894,-0.92865817822480545,0.5,0,-0.29999999999999999,-0.53333333333333333,-0.39345410027145217,54.027503763665095,4.7081708674631813,28.030536228848355,0.018456831344821824,-18.274031391083753,-0.00060894160442437339,-0.0016218492280426489,0.0023132924948503536,-0.25881904510252079,-0.96592582628906831,0,1
2026-08-03 14:00:00,-0.33333333333333331,-0.1155761721210959,-0.98684266873438342,0.5,0,-0.29999999999999999,-0.53333333333333333,-0.9096123807200277,44.221191393945205,4.7288026289203611,26.634374827629212,0.017305980177307553,-28.388009887677782,-0.0042553255701367476,-0.0060845536185158977,0.002494070719492513,-0.49999999999999972,-0.86602540378443882,0,1
2026-08-03 15:00:00,-0.33333333333333331,-0.05005225705509446,-0.99256125081751323,0.5,-0.5,-0.29999999999999999,-0.53333333333333333,-0.70727966369946182,47.497387147245277,4.7250334863159127,25.536559553189637,0.015241680997124064,-31.511898033581232,0.0013604266416660238,-0.0035038405328950972,0.0024829540379599072,-0.70710678118654713,-0.70710678118654791,0,1
2026-08-03 16:00:00,0.33333333333333331,0.087160543680550623,-0.93849798436184428,0.5,0.5,0.29999999999999999,-0.53333333333333333,0.57544824198088951,58.716054368055062,4.8446063201441474,24.342903311438821,0.014264268053129201,-21.920490061350748,0.0058235705163163232,0.0029286715878455993,0.0026949463584806988,-0.86602540378443837,-0.50000000000000044,0,1
2026-08-03 17:00:00,0.33333333333333331,0.16862464671467564,-0.289167716724686,0.5,0,0.14999999999999999,-0.53333333333333333,0.99216458951667785,66.862464671467563,4.9232042446005604,24.537299848721034,0.015509514573860014,-4.0910774413986672,0.0061841904019583893,0.013368187559940736,0.0029636545129703763,-0.96592582628906831,-0.25881904510252063,0,1
2026-08-03 18:00:00,0.33333333333333331,0.16130778779989996,0.4272292980751165,0.5,0,0.14999999999999999,-0.53333333333333333,0.98624002713361125,66.130778779989996,4.8971199208495415,24.775890695671748,0.016153659728334976,6.112730313149271,-0.00032104185335413149,0.011686719064920581,0.0029702255405501293,-1,-1.8369701987210297e-16,0,1
2026-08-03 19:00:00,1,0.34768352211691306,0.78212197531378702,0.5,0,0.14999999999999999,-0.53333333333333333,0.91186200467283418,67.384176105845654,4.854953677356157,25.221230963832216,0.016336134496029046,13.489776479882465,0.001046495904290623,0.0069096444528948808,0.0029415152292692911,-0.96592582628906842,0.2588190451025203,0,1
2026-08-03 20:00:00,1,0.42091925838301619,0.94684347447382644,0.5,0,0.14999999999999999,-0.53333333333333333,0.72325125048895911,71.04596291915081,4.8430456464293332,26.083366310643676,0.016347222837785429,22.838512048409001,0.0033136471007360058,0.0040391011516724973,0.002916776224304511,-0.8660254037844386,0.50000000000000011,0,1
2026-08-03 21:00:00,1,0.4027476999533286,0.97145441854415859,0.5,0,0.14999999999999999,-0.53333333333333333,0.73108654406898743,70.13738499766643,4.8163663984472258,27.118519138248665,0.018089424374968681,26.154552814355682,-0.00035450886990950892,0.0040056341351171199,0.0023644235326408937,-0.70710678118654768,0.70710678118654735,0,1
2026-08-03 22:00:00,1,0.38961362801703958,0.97241058681221737,0.5,0,0.14999999999999999,-0.53333333333333333,0.57094115338709206,69.480681400851978,4.7891576693744771,27.855609276025351,0.019481845211637441,25.660190022150033,-0.00024336314072570531,0.0027157750901007915,0.0023611694565041719,-0.50000000000000044,0.86602540378443837,0,1
2026-08-03 23:00:00,1,0.40918781568908857,0.97181648774702722,0.5,0,0.14999999999999999,-0.53333333333333333,0.04991538502096958,70.459390784454428,4.7544525109687523,28.540050118246562,0.020857939382967979,24.659500564884837,0.00079939945032059256,0.00020152743968537834,0.0023616589784025603,-0.25881904510252157,0.96592582628906809,0,1
2026-08-04 01:00:00,1,0.43105757733080369,0.97163429222237441,0.5,0,0.10000000000000001,0,0.35866611251894365,71.552878866540183,4.7079852112511693,29.335056613189984,0.022278929331243452,23.503635094084686,0.00088901550866893331,0.0014450518182638206,0.0023623039153410131,0.25881904510252074,0.96592582628906831,0.7818314824680298,0.62348980185873359
2026-08-04 02:00:00,1,0.4528683537138275,0.97064633526600108,0.5,0,0.10000000000000001,0,0.60512532820620557,72.643417685691375,4.6617343404105638,30.137056638221246,0.023723389098712137,22.25753114354022,0.00088822586205061782,0.0025766408210401437,0.0023636364052329059,0.49999999999999994,0.86602540378443871,0.7818314824680298,0.62348980185873359
2026-08-04 03:00:00,1,0.26232471307219302,0.85056284640105217,0.5,0,-0.10000000000000001,0,-0.37929207917918356,63.11623565360965,4.6653596547348322,29.880812307210132,0.024177351738806741,13.362395347498321,-0.0032514140671899838,-0.0014741726964704327,0.002511926661957751,0.70710678118654746,0.70710678118654757,0.7818314824680298,0.62348980185873359
2026-08-04 04:00:00,1,0.40844778497632689,0.89556100895873758,0.5,0,0.10000000000000001,0,0.68534926030723919,70.422389248816344,4.7366050546782414,30.190194877620812,0.025867847927995544,16.52912159236898,0.0056795960125004541,0.0033164078073610881,0.0027629207336409096,0.8660254037844386,0.50000000000000011,0.7818314824680298,0.62348980185873359
2026-08-04 05:00:00,1,0.29364515395330215,0.79450408010397366,0.5,0,0.10000000000000001,0,0.017674896497924631,64.682257697665108,4.7286529555339483,30.477478693002158,0.026524635252533704,12.259376580321288,-0.0023588225143083008,6.9359431002169458e-05,0.0028379453610446769,0.96592582628906831,0.25881904510252074,0.7818314824680298,0.62348980185873359
2026-08-04 06:00:00,1,0.3135536199993868,0.68784979555865888,1,0,0.10000000000000001,0,0.7897936225132316,65.67768099996934,4.7030482750494302,30.573987154604787,0.02683988249388947,9.3063612846133879,0.00077996228936783041,0.0041007357875599837,0.0027873884815678559,1,6.123233995736766e-17,0.7818314824680298,0.62348980185873359
2026-08-04 07:00:00,1,0.33176315363671166,0.58754474132556611,1,0,-0.29999999999999999,0,-0.23444314997990748,66.588157681835582,4.6665184646236444,30.813753322456623,0.026957824619091492,7.165456900612341,0.00069971494667875334,-0.00087914527826171707,0.0027792067503984532,0.96592582628906831,-0.25881904510252063,0.7818314824680298,0.62348980185873359
2026-08-04 08:00:00,1,0.38185536925852231,0.63968147479121507,1,0,0.29999999999999999,0,0.73859747780952023,69.092768462926117,4.6592185510363375,31.446398225521005,0.027239728517641778,7.9971014502858679,0.0019821749177477699,0.0034618521537943536,0.002789188297136615,0.86602540378443871,-0.49999999999999978,0.7818314824680298,0.62348980185873359
2026-08-04 09:00:00,1,0.38146610895713368,0.59317552893629111,1,0,0.29999999999999999,0,0.63989996119936055,69.073305447856683,4.6247601488935839,32.216310821159382,0.02675210080153417,6.9605432208522728,-6.9117575911548101e-06,0.0026749781068353684,0.0027549644333723371,0.70710678118654757,-0.70710678118654746,0.7818314824680298,0.62348980185873359
2026-08-04 10:00:00,1,0.37874741529029538,0.43842310697288278,1,0,0.29999999999999999,0,0.50486149267239511,68.937370764514768,4.6091038938049822,33.078067578015187,0.025531772407495015,4.7213058616271013,-4.4927588829679621e-05,0.0019303355713269355,0.0027415346239826194,0.49999999999999994,-0.86602540378443871,0.7818314824680298,0.62348980185873359
2026-08-04 11:00:00,1,0.37359692565263514,0.17551970713582529,1,0,-0.14999999999999999,0,-0.038035355342322136,68.679846282631758,4.6037576828040727,33.9818652104045,0.021436297276967713,1.7710585712469538,-7.949221758174474e-05,-0.00013133156400257917,0.0024715178003721977,0.25881904510252102,-0.9659258262890682,0.7818314824680298,0.62348980185873359
2026-08-04 12:00:00,1,0.3825607427217298,-0.081008133013090483,1,0,0.29999999999999999,0,0.047794967397055563,69.12803713608649,4.5876352305437251,34.201629450975133,0.016333077550214601,-0.79774849567739636,0.00028683348130975617,0.00016241367489833181,0.0024781122895032111,1.2246467991473532e-16,-1,0.7818314824680298,0.62348980185873359
2026-08-04 13:00:00,1,0.4239525970958371,-0.10827811389221548,1,0.5,0.29999999999999999,0,0.43200225861857655,71.197629854791856,4.5713941831198524,34.888270721300735,0.013584275665968398,-1.0509398988230743,0.0013363192441691041,0.0015436605078971155,0.0022158240563864367,-0.25881904510252079,-0.96592582628906831,0.7818314824680298,0.62348980185873359
2026-08-04 14:00:00,1,0.5300353787211054,0.49821731698916916,1,0.5,0.29999999999999999,0,0.93501001989652732,76.501768936055271,4.5952096365600461,36.210006264069875,0.01475556950359945,5.4151134837027968,0.0041666726948452748,0.0057898254203241351,0.0019957358924703908,-0.49999999999999972,-0.86602540378443882,0.7818314824680298,0.62348980185873359
2026-08-04 15:00:00,1,0.44882207998466411,0.54528002326130709,1,0.5,0.29999999999999999,0,0.86556129601055198,72.441103999233206,4.5583896713576388,37.437332125212649,0.014653587203081637,5.8368545580261184,-0.001175928672060067,0.0043270632669543119,0.0020289944057092866,-0.70710678118654713,-0.70710678118654791,0.7818314824680298,0.62348980185873359
2026-08-04 16:00:00,1,0.61610128208065162,0.95771553617090033,1,0,0.29999999999999999,0,0.99622342535875286,80.805064104032581,4.7081043960411915,39.705188837771317,0.018891270229200445,21.25455509896787,0.0089291659191061967,0.011919909941891405,0.0027379768066470348,-0.86602540378443837,-0.50000000000000044,0.7818314824680298,0.62348980185873359
