dt,ema_stack,rsi_momentum,macd_hist,market_structure,bb_squeeze,session_filter,mtf_daily_trend,candle_momentum,rsi14,log_atr14,adx14,bb_bandwidth,macd_hist_raw,ret1,ret3,rv20,hour_sin,hour_cos,dow_sin,dow_cos
2026-04-01 04:00:00,,,,,,,-0.53333333333333333,,,,,,0,,,,0.8660254037844386,0.50000000000000011,0.97492791218182362,-0.22252093395631434
2026-04-01 08:00:00,,,,,,,-0.53333333333333333,,,,,,3.338940170940623,0.011125898643978616,,,0.86602540378443871,-0.49999999999999978,0.97492791218182362,-0.22252093395631434
2026-04-01 12:00:00,,,,,,,-0.53333333333333333,,,,,,4.9887042345439845,-0.00086317972825256106,,,1.2246467991473532e-16,-1,0.97492791218182362,-0.22252093395631434
2026-04-01 16:00:00,,,,,,0.29999999999999999,-0.53333333333333333,,,,,,9.7270228116172657,0.013129171810701834,0.023391890726427889,,-0.86602540378443837,-0.50000000000000044,0.97492791218182362,-0.22252093395631434
2026-04-01 20:00:00,,,,,,0.14999999999999999,-0.53333333333333333,,,,,,10.292587294376851,-0.0060847652111135631,0.0061812268713357099,,-0.8660254037844386,0.50000000000000011,0.97492791218182362,-0.22252093395631434
2026-04-02 00:00:00,,,,,,0.10000000000000001,0,,,,,,11.72960944930955,0.0055394024007426879,0.012583809000330959,,0,1,0.43388373911755823,-0.90096886790241903
2026-04-02 04:00:00,,,,,,-0.10000000000000001,0,,,,,,4.7892634921853414,-0.023644463167340035,-0.02418982597771091,,0.8660254037844386,0.50000000000000011,0.43388373911755823,-0.90096886790241903
2026-04-02 08:00:00,,,,,,-0.29999999999999999,0,,,,,,-3.2358403846978945,-0.011201675231781394,-0.029306735998378741,,0.86602540378443871,-0.49999999999999978,0.43388373911755823,-0.90096886790241903
2026-04-02 12:00:00,,,,,,-0.29999999999999999,0,,,,,,-9.3978677906528905,-0.0041008949960517072,-0.038947033395173136,,1.2246467991473532e-16,-1,0.43388373911755823,-0.90096886790241903
2026-04-02 16:00:00,,,,,,-0.29999999999999999,0,,,,,,-9.1650221991559384,0.012439314363657417,-0.0028632558641756845,,-0.86602540378443837,-0.50000000000000044,0.43388373911755823,-0.90096886790241903
2026-04-02 20:00:00,,,,0,,0.14999999999999999,0,,,,,,-7.5203483503487369,0.003594899034663257,0.011933318402268966,,-0.8660254037844386,0.50000000000000011,0.43388373911755823,-0.90096886790241903
2026-04-06 00:00:00,,,,0,,0.10000000000000001,-0.53333333333333333,,,,,,-9.575581919005705,-0.011610904929083787,0.0044233084692368863,,0,1,0,1
2026-04-06 04:00:00,,,,0,,-0.10000000000000001,-0.53333333333333333,,,,,,-8.030743888356227,0.0079172745915805365,-9.8731302839993873e-05,,0.8660254037844386,0.50000000000000011,0,1
2026-04-06 08:00:00,,,,0,,0.29999999999999999,-0.53333333333333333,,,,,,-4.2812809939064884,0.0078912867133400511,0.0041976563758368002,,0.86602540378443871,-0.49999999999999978,0,1
2026-04-06 12:00:00,,,-0.43045798040792072,0,,0.29999999999999999,-0.53333333333333333,0.68091169445967881,70.497105654127751,4.1670875318575415,,,-2.971213035144737,-0.0042767849351914577,0.01153177636972913,,1.2246467991473532e-16,-1,0,1
2026-04-06 16:00:00,,,-0.4373436822774166,0,,0.29999999999999999,-0.53333333333333333,0.021521400567055107,68.655164890135282,4.1460377422182946,,,-2.9629204777063998,-0.0033226287236853835,0.00029187305446320977,,-0.86602540378443837,-0.50000000000000044,0,1
2026-04-06 20:00:00,,,-0.51033125644488375,0,,-0.14999999999999999,-0.53333333333333333,-0.63557865041652728,67.479934153770614,4.0967120246719766,,,-3.3870747435319983,-0.0020621044201671879,-0.0096615180790440292,,-0.8660254037844386,0.50000000000000011,0,1
2026-04-07 00:00:00,,,-0.50237808001718376,0,,-0.10000000000000001,-0.53333333333333333,-0.34734178832977775,67.751172703754975,4.0465399226881109,,,-3.1601526641504059,0.00094136263810540299,-0.0044433705057471684,,0,1,0.7818314824680298,0.62348980185873359
2026-04-07 04:00:00,,,-0.41850641758610729,0,,-0.10000000000000001,-0.53333333333333333,-0.012554131712243288,68.046703525548082,4.0351625995436091,,,-2.5215452519585053,0.00096837750668221645,-0.00015236427537956843,,0.8660254037844386,0.50000000000000011,0.7818314824680298,0.62348980185873359
2026-04-07 08:00:00,,,-0.07660276388658846,0,,0.29999999999999999,-0.53333333333333333,0.51172162974624857,69.610133444405761,4.0489828802165162,,0.042390177242394245,-0.44009558040688024,0.0050328870162239525,0.006942627161011572,,0.86602540378443871,-0.49999999999999978,0.7818314824680298,0.62348980185873359
2026-04-07 12:00:00,,,-0.18353479123034747,1,,-0.29999999999999999,-0.53333333333333333,-0.060678736273985616,65.014289102074684,4.0593936748031041,,0.042785363392926865,-1.0755726907156298,-0.0067577234716562629,-0.0007564589487500939,0.009171966556887047,1.2246467991473532e-16,-1,0.7818314824680298,0.62348980185873359
2026-04-07 16:00:00,,,-0.17070588131164657,1,,-0.29999999999999999,-0.53333333333333333,-0.040226986086974989,65.457370482568948,4.0628283601606947,,0.041988212461675369,-1.0022710404170745,0.001222513739024933,-0.00050232271640737736,0.0087836148312148664,-0.86602540378443837,-0.50000000000000044,0.7818314824680298,0.62348980185873359
2026-04-07 20:00:00,,,0.36468224670694993,1,,0.14999999999999999,-0.53333333333333333,0.36699275796349229,69.048212592244681,4.0703941954271174,,0.041362594339367904,2.2393736121617822,0.010338901722327876,0.0048036919896965458,0.0091272899760368835,-0.8660254037844386,0.50000000000000011,0.7818314824680298,0.62348980185873359
2026-04-08 00:00:00,,,0.94045128549639401,0.5,,0.10000000000000001,-0.53333333333333333,0.98785780940338574,75.423046058685088,4.1776464041063823,,0.044601308861050161,11.35957581461016,0.023551699083999011,0.03511311454535182,0.010166856572809559,0,1,0.97492791218182362,-0.22252093395631434
2026-04-08 04:00:00,,,0.98574630506623517,0.5,,0.10000000000000001,-0.53333333333333333,0.98072674275263771,73.371027647076346,4.1463929738304541,,0.048211932671986854,15.601462574877877,-0.0029393077416077773,0.03095129306471911,0.010086597179693905,0.8660254037844386,0.50000000000000011,0.97492791218182362,-0.22252093395631434
2026-04-08 08:00:00,,,0.99084512008524894,0.5,,0.29999999999999999,-0.53333333333333333,0.888246276891418,71.926828294150354,4.1347468763484043,,0.048972579742128992,16.811778726233257,-0.0020192786431803,0.018593112699210934,0.010028334019996017,0.86602540378443871,-0.49999999999999978,0.97492791218182362,-0.22252093395631434
2026-04-08 12:00:00,,,0.99261743762423793,0.5,,-0.29999999999999999,-0.53333333333333333,-0.28652718852419212,72.285142137216283,4.1074477220476604,,0.053603668771836699,17.015756489763337,0.0012320574100321835,-0.0037265289747558938,0.0083269214784417386,1.2246467991473532e-16,-1,0.97492791218182362,-0.22252093395631434
2026-04-08 16:00:00,,,0.97634441462471266,0.5,,-0.29999999999999999,-0.53333333333333333,-0.60143634186489481,66.251141443402901,4.1230797686736294,,0.053499092414123435,13.663243537160977,-0.0081921202546286764,-0.008979341487776793,0.0081127508929964877,-0.86602540378443837,-0.50000000000000044,0.97492791218182362,-0.22252093395631434
2026-04-08 20:00:00,,0.10478388005147871,0.8622610325685901,0.5,,-0.14999999999999999,-0.53333333333333333,-0.83581296401943939,60.47838800514787,4.1269829859634584,24.389503403290561,0.05040972720056705,8.0717553308515733,-0.0087724672570121953,-0.015732530101608688,0.0083461607033603561,-0.8660254037844386,0.50000000000000011,0.97492791218182362,-0.22252093395631434
2026-04-09 00:00:00,,0.088371927378471604,0.49009193271873774,0.5,,-0.10000000000000001,-0.53333333333333333,-0.91411536777409019,58.837192737847161,4.0941278501431331,23.153262284286527,0.04975339488372283,3.2163908365540692,-0.0026225961319603641,-0.019587183643601236,0.0079545741103819907,0,1,0.43388373911755823,-0.90096886790241903
2026-04-09 04:00:00,,0.10157017398096073,0.12879855087491032,0.5,,-0.10000000000000001,-0.53333333333333333,-0.59623140052588153,60.157017398096073,4.0621422838121068,22.018305983006467,0.049556444437735978,0.7524816433065098,0.0029721801834696748,-0.0084228832055028846,0.0079430565665962998,0.8660254037844386,0.50000000000000011,0.43388373911755823,-0.90096886790241903
2026-04-09 08:00:00,,0.1071091029611194,-0.1090689102225116,1,,0.29999999999999999,-0.53333333333333333,0.13066597683076556,60.71091029611194,4.0267949615475036,20.969950325306357,0.046911922796028377,-0.6141109970300036,0.0012109460830522778,0.0015605301345615885,0.0074162438626291004,0.86602540378443871,-0.49999999999999978,0.43388373911755823,-0.90096886790241903
2026-04-09 12:00:00,,0.12629955595384984,-0.060769205528777896,1,,0.29999999999999999,-0.53333333333333333,0.61651746597597645,62.629955595384985,4.0018786737184913,20.568988289784791,0.046207827982910732,-0.33282262591208855,0.0041425237386985003,0.008325650005220453,0.0072808356039083715,1.2246467991473532e-16,-1,0.43388373911755823,-0.90096886790241903
2026-04-09 16:00:00,,0.16474250420860898,0.41576627744513883,1,,0.29999999999999999,-0.53333333333333333,0.84344220770312373,66.474250420860898,4.0116881576328041,20.971146708706744,0.047975501975201951,2.4447175246697697,0.0089713225554248766,0.014324792377175655,0.0073389814171784225,-0.86602540378443837,-0.50000000000000044,0.43388373911755823,-0.90096886790241903
2026-04-09 20:00:00,,0.12686122369350969,0.4188308806315153,1,,0.14999999999999999,-0.53333333333333333,0.61759069244812781,62.686122369350969,3.9920752893911104,21.345980674868862,0.047881610375910835,2.4173371017249679,-0.0048836593185725974,0.0082301869755507795,0.0073630793533305391,-0.8660254037844386,0.50000000000000011,0.43388373911755823,-0.90096886790241903
2026-04-10 00:00:00,,0.12263556151363034,0.35652043193047267,1,,0.10000000000000001,0,0.31138168989103099,62.263556151363034,3.9579156561327542,21.377492290539038,0.046696771576600578,1.9520290546329768,-0.00054153785476529492,0.0035461253820869842,0.0073041546782483605,0,1,-0.43388373911755801,-0.90096886790241915
2026-04-10 04:00:00,,0.1148845225301784,0.21283107172530885,0.5,,-0.10000000000000001,0,-0.53079330001506009,61.48845225301784,3.939631653941094,21.008328069075997,0.044370960320530964,1.1109260431836816,-0.00094104210545786771,-0.00636623927879576,0.0072829651339241033,0.8660254037844386,0.50000000000000011,-0.43388373911755801,-0.90096886790241915
2026-04-10 08:00:00,,0.084070374837287076,-0.15010830213125279,0.5,,-0.29999999999999999,0,-0.45358484333034332,58.407037483728708,3.9213729359060929,20.447516120541351,0.04160306819380314,-0.76336026622110609,-0.0037118762517476256,-0.0051944562119707882,0.007363716834649303,0.86602540378443871,-0.49999999999999978,-0.43388373911755801,-0.90096886790241915
2026-04-10 12:00:00,,0.12036384691239924,-0.01345903485652418,0.5,,0.29999999999999999,0,0.18092303985215624,62.036384691239924,3.9090843424384745,20.241246184295186,0.039029644754215331,-0.067101758657585719,0.0065658792466400939,0.0019129608894346006,0.0074715127583462135,1.2246467991473532e-16,-1,-0.43388373911755801,-0.90096886790241915
2026-04-10 16:00:00,,0.10528352704027114,-0.063796013776795044,0.5,,0.29999999999999999,0,0.10664857034617249,60.528352704027114,3.9058794192258355,20.338912135246368,0.037296038863494509,-0.31745753998128379,-0.0017366140399168728,0.0011173889549755955,0.0074416773762830402,-0.86602540378443837,-0.50000000000000044,-0.43388373911755801,-0.90096886790241915
2026-04-10 20:00:00,,0.077703155838187501,-0.31544643026379426,0.5,,0.14999999999999999,0,0.16059664918831346,57.77031558381875,3.8806781489844711,20.194930745319802,0.032268246829599709,-1.5825216721507509,-0.0031747994060786766,0.0016544658006445445,0.0072903692526866707,-0.8660254037844386,0.50000000000000011,-0.43388373911755801,-0.90096886790241915
2026-04-13 00:00:00,,0.014056558554561321,-0.80431052675357284,0.5,,-0.10000000000000001,0,-0.89652463019112416,49.297172072271934,3.9598083731659108,19.962061519709579,0.028793327755946962,-5.8253312169023204,-0.011200369511367825,-0.016111782957363374,0.0077858137306513605,0,1,0,1
2026-04-13 04:00:00,,-0.062489949089843295,-0.85813172453841746,0.5,,-0.10000000000000001,0,-0.6610912814004517,53.124497454492165,3.9347269811560825,18.998143133070396,0.027892843650384271,-6.578750534220756,0.0058053774515176571,-0.0085697914659288443,0.0075438402045534718,0.8660254037844386,0.50000000000000011,0,1
2026-04-13 08:00:00,,-0.062935747719581631,-0.88259231444003949,-1,,-0.29999999999999999,0,-0.47469372744646099,53.146787385979081,3.8957867467348661,17.818098977626242,0.025784177856543942,-6.8251619714787335,3.387541047672471e-05,-0.005361116649373443,0.0051691654688187675,0.86602540378443871,-0.49999999999999978,0,1
2026-04-13 12:00:00,,-0.063505238176649784,-0.88859658557045007,-1,,0.29999999999999999,0,0.52473343117807425,53.175261908832489,3.8608975845805671,17.008382530905326,0.02415169796963644,-6.7234029425376765,4.022555953930862e-05,0.0058794784215336904,0.0051529413837446613,1.2246467991473532e-16,-1,0,1
2026-04-13 16:00:00,,-0.093180371599614065,-0.84062645757766108,-1,,0.29999999999999999,0,0.20483734243419011,54.659018579980703,3.8587633739723373,15.827501217547709,0.022500104115970736,-5.7992853415580967,0.0020092176946278073,0.0020833186646438406,0.0051831104726770497,-0.86602540378443837,-0.50000000000000044,0,1
2026-04-13 20:00:00,,-0.11703163509666439,-0.75476557148571466,-1,,0.14999999999999999,0,0.35794564239455012,55.851581754833219,3.8275802433770809,14.761793236001127,0.019748196170384404,-4.5213143210232669,0.0015875968137226693,0.0036370400678897852,0.0051904724739136677,-0.8660254037844386,0.50000000000000011,0,1
2026-04-14 00:00:00,,-0.20527858728094628,-0.35479010812628642,0.5,,0.10000000000000001,0,0.77334187480842742,60.263929364047314,3.8112642141606501,14.39716847948098,0.020146366307353343,-1.6768072976943458,0.0061995227181217416,0.0097963372264722182,0.005082201135592739,0,1,0.7818314824680298,0.62348980185873359
2026-04-14 04:00:00,,-0.21736538338203501,0.090962462321941356,0.5,,0.10000000000000001,0,0.74303346320375729,60.868269169101751,3.7628900693447638,14.084005196672097,0.020501416179715518,0.39288615647049596,0.00088640691459396237,0.0086735264464383732,0.0046341091380539112,0.8660254037844386,0.50000000000000011,0.7818314824680298,0.62348980185873359
2026-04-14 08:00:00,,-0.25346901375133596,0.50827970775455611,0.5,,0.29999999999999999,0,0.79363612518073767,62.673450687566799,3.7549271307309264,14.245192851127804,0.020552091450993629,2.3946831613550099,0.0026127344279593956,0.0096986640606750996,0.0045913118731619063,0.86602540378443871,-0.49999999999999978,0.7818314824680298,0.62348980185873359
2026-04-14 12:00:00,,-0.18191795745367215,0.52586693885242175,0.5,,0.29999999999999999,0,0.035402271548297122,59.095897872683608,3.7460264002983159,14.204095315767457,0.020242875015567624,2.4751410486869467,-0.0031847227314134585,0.00031441861113989944,0.0046470651495756693,1.2246467991473532e-16,-1,0.7818314824680298,0.62348980185873359
2026-04-14 16:00:00,,-0.2931228474388331,0.80760051422909129,0.5,,0.29999999999999999,0,0.68869485426661703,64.656142371941655,3.7574754491459759,14.873141302850321,0.022397897587284266,4.7984845661405267,0.0081299818382696287,0.0075579935348155658,0.0049478782843945602,-0.86602540378443837,-0.50000000000000044,0.7818314824680298,0.62348980185873359
2026-04-14 20:00:00,,-0.36797232063470658,0.95335548459336894,0.5,,0.14999999999999999,0,0.86234775502802086,68.39861603173533,3.7474545554723409,16.005813724787611,0.02736443894442003,7.9200917025483673,0.0065290167108038588,0.011474275817660029,0.0050582327642733618,-0.8660254037844386,0.50000000000000011,0.7818314824680298,0.62348980185873359
2026-04-15 00:00:00,,-0.33591887670588477,0.97447529925910237,0.5,,0.10000000000000001,0,0.91456089425586962,66.795943835294239,3.7149279407363736,17.139646711561003,0.030262322200513361,8.9263380170124194,-0.001370229857021954,0.013288768692051534,0.0047175690330158249,0,1,0.97492791218182362,-0.22252093395631434
2026-04-15 04:00:00,,-0.28542989220457909,0.96217304026964501,0.5,,0.10000000000000001,0,0.33320492009299219,64.271494610228956,3.7383550483101131,18.572783753659301,0.032364867636654499,8.2981359456433808,-0.0021365892690070609,0.0030221975847748439,0.0045914048306417198,0.8660254037844386,0.50000000000000011,0.97492791218182362,-0.22252093395631434
2026-04-15 08:00:00,,-0.2538799780712131,0.93394053736632654,0.5,,-0.29999999999999999,0,-0.51533237410356225,62.693998903560654,3.7119232745403212,19.420461543663926,0.033787807514550794,6.9109531462795637,-0.0013231630084362678,-0.0048299821344652827,0.004605118970862924,0.86602540378443871,-0.49999999999999978,0.97492791218182362,-0.22252093395631434
2026-04-15 12:00:00,,-0.21917928855227559,0.8499598779363583,1,,-0.29999999999999999,0,-0.52518709292793875,60.958964427613779,3.6987270885041021,19.563582914654351,0.034641570907490246,5.0737522296276509,-0.0014267455908250071,-0.0048864978682683358,0.0046148384791867472,1.2246467991473532e-16,-1,0.97492791218182362,-0.22252093395631434
2026-04-15 16:00:00,,-0.17937395984095914,0.62528446764691625,1,,-0.29999999999999999,0,-0.47579034887089589,58.968697992047957,3.7046404280500544,19.9416068659107,0.034639225044849453,2.9811596015206341,-0.0016181940080439716,-0.0043681026073052465,0.0045359850275665439,-0.86602540378443837,-0.50000000000000044,0.97492791218182362,-0.22252093395631434
2026-04-15 20:00:00,,0.056323086116459253,0.1220215867252553,1,,-0.14999999999999999,0,-0.6117900386482199,55.632308611645925,3.6693336615553998,20.292629106363027,0.034769198275838728,0.48103591972831339,-0.002766138167430654,-0.0058110777662996327,0.0043737207973674024,-0.8660254037844386,0.50000000000000011,0.97492791218182362,-0.22252093395631434
2026-04-16 00:00:00,,0.12888142070673347,0.3424866044966462,1,,0.10000000000000001,0,0.49394916511666415,62.888142070673346,3.6832832418818628,21.253029229208622,0.036266759298237562,1.4196604293830788,0.008848842850170513,0.0044645106746958874,0.0047518324911419588,0,1,0.43388373911755823,-0.90096886790241903
2026-04-16 04:00:00,,0.12872538939853279,0.42139078341388486,1,,0.10000000000000001,0,0.63837499958371346,62.872538939853278,3.6563527519334791,22.144829343279529,0.037103468513461732,1.740000559542505,-1.2414084192613473e-05,0.0060702905985472455,0.004667126802715609,0.8660254037844386,0.50000000000000011,0.43388373911755823,-0.90096886790241903
2026-04-16 08:00:00,,0.078537717651076158,0.10760438519915583,1,,0.29999999999999999,0,0.53921055677902718,57.853771765107616,3.6430004851203517,22.766207867986978,0.033503141538217061,0.41271441525366726,-0.0040386085638157709,0.0047978202021621286,0.0039035782702148288,0.86602540378443871,-0.49999999999999978,0.43388373911755823,-0.90096886790241903
2026-04-16 12:00:00,,0.082918280279226333,-0.13073870494573547,1,,-0.29999999999999999,0,-0.43544928157773943,58.291828027922634,3.6048608617062241,23.261945011543858,0.031385017884383651,-0.4835799536957488,0.00049429895708286153,-0.0035567236909255229,0.0037544832634963782,1.2246467991473532e-16,-1,0.43388373911755823,-0.90096886790241903
2026-04-16 16:00:00,,0.023906561903039289,-0.62044238415080377,0.5,,-0.29999999999999999,0,-0.79559018734230391,52.390656190303929,3.6318467208813248,22.365032741619412,0.028411243935704641,-2.7419687074702637,-0.0049853197942297811,-0.0085296294009626905,0.0039815645894484024,-0.86602540378443837,-0.50000000000000044,0.43388373911755823,-0.90096886790241903
2026-04-16 20:00:00,,0.02113105337304063,-0.82643369936960187,0.5,,-0.14999999999999999,0,-0.55519766247261826,52.113105337304063,3.5927477261205061,21.532185633832427,0.024801197552699737,-4.2756874801230786,-0.00024417960470302091,-0.0047352004418499405,0.0039846411264380316,-0.8660254037844386,0.50000000000000011,0.43388373911755823,-0.90096886790241903
2026-04-17 00:00:00,,0.030270260142628017,-0.88885237980134846,-1,,-0.10000000000000001,0,-0.54157109509715085,53.027026014262802,3.5509487332740606,20.841844329804779,0.021312838286361664,-4.9357527734381357,0.00083247013705012307,-0.004397029261882679,0.0039731116448426052,0,1,-0.43388373911755801,-0.90096886790241915
2026-04-17 04:00:00,,-0.098792644306229527,-0.87443335636670183,-1,,0.10000000000000001,0,0.30585483090248694,54.939632215311477,3.5554556113536187,19.459720077842647,0.017681031756064027,-4.7311526278069316,0.001716996179339958,0.0023052867116870601,0.0039748225651567029,0.8660254037844386,0.50000000000000011,-0.43388373911755801,-0.90096886790241915
2026-04-17 08:00:00,,-0.058680143842404678,-0.89370244662023257,-1,,0.29999999999999999,0,0.14713861464035657,52.934007192120234,3.540294377998912,18.241119372759805,0.016430229942589109,-4.9647784765036338,-0.0014834448637177644,0.0010660214526723166,0.003777347076303267,0.86602540378443871,-0.49999999999999978,-0.43388373911755801,-0.90096886790241915
2026-04-17 12:00:00,,-0.26389685578643052,-0.44887179122550103,-1,,0.29999999999999999,0,0.88681469903555765,63.194842789321527,3.6023910653408246,18.473322888547639,0.01662969826894543,-1.7729774886042016,0.010472320665703805,0.010705871981325998,0.0044138126347089603,1.2246467991473532e-16,-1,-0.43388373911755801,-0.90096886790241915
2026-04-17 16:00:00,,-0.32818756632452678,0.37433062524771016,-1,,0.29999999999999999,0,0.93343369029511236,66.409378316226338,3.6366760143088568,19.670564519892938,0.01882724375236091,1.4937498464871819,0.0042373119242675727,0.013226187726253613,0.0044645096304291839,-0.86602540378443837,-0.50000000000000044,-0.43388373911755801,-0.90096886790241915
2026-04-17 20:00:00,,0.076854529764040863,0.30770198273500154,-1,,0.14999999999999999,0,0.76162528200709623,57.685452976404086,3.6369855897732761,20.633240407212906,0.017182551104134094,1.2076937443695144,-0.0068218558979058486,0.007887776692065529,0.0047044354407945119,-0.8660254037844386,0.50000000000000011,-0.43388373911755801,-0.90096886790241915
2026-04-20 00:00:00,,0.08694818805719734,-0.62821196252583533,0.5,,-0.10000000000000001,0,-0.94225144133391658,45.652590597140133,3.7421889951141996,19.749767663676586,0.019040412835978734,-3.1155677107478432,-0.01283527588626221,-0.015419819859900485,0.005254071147165155,0,1,0,1
2026-04-20 04:00:00,,0.025797788030038901,-0.80950054685370432,0.5,,-0.10000000000000001,0,-0.9521719047267948,48.710110598498055,3.7439308670523093,18.434330978368415,0.018990162468391254,-4.7571217946880697,0.0034221750801428641,-0.016234956704025194,0.0050816315407375889,0.8660254037844386,0.50000000000000011,0,1
2026-04-20 08:00:00,,-0.0014559794761808576,-0.85198772581304205,0.5,,-0.29999999999999999,0,-0.72694974711301341,50.072798973809043,3.7164414073271184,17.212854056296543,0.018760886111318844,-5.1946590289438372,0.0015378342524794419,-0.0078752665536399036,0.0050985602304837044,0.86602540378443871,-0.49999999999999978,0,1
2026-04-20 12:00:00,,-0.029304955728317737,-0.82802971698736894,0.5,,0.29999999999999999,0,0.64087522828662236,51.465247786415887,3.7127381908639916,16.323889618008902,0.018631989695730249,-4.8414893707102848,0.0015396365624678054,0.0064996458950901115,0.0050991712471962006,1.2246467991473532e-16,-1,0,1
2026-04-20 16:00:00,,-0.03771358257759104,-0.78883491708008147,0.5,,0.29999999999999999,0,0.39421167081878083,51.885679128879552,3.7031093863829474,15.640887874517247,0.018584091157224876,-4.3346035126675773,0.00044748736594968364,0.003524958180896931,0.0050944276885959592,-0.86602540378443837,-0.50000000000000044,0,1
2026-04-20 20:00:00,,-0.096406207158818938,-0.63617786985849967,0.5,,0.14999999999999999,0,0.55726004531939777,54.820310357940947,3.6629432554193744,15.006671969846424,0.018685930526346914,-2.929921224482456,0.0031102220820748983,0.0050973460104923873,0.0051346938076258872,-0.8660254037844386,0.50000000000000011,0,1
2026-04-21 00:00:00,,-0.11014984185381749,-0.43927704520479427,0.5,,0.10000000000000001,0,0.5025321392631511,55.507492092690875,3.6201924787507376,14.72495686119758,0.01880849112699283,-1.7601876613452312,0.0007299255260928561,0.004287634974117438,0.005120339757809185,0,1,0.7818314824680298,0.62348980185873359
2026-04-21 04:00:00,,0.046594438577358094,-0.70575600989910003,0.5,,-0.10000000000000001,0,-0.42346419317201373,47.670278071132095,3.6180388644552353,13.785396009977534,0.018880569775544649,-3.2743391892130056,-0.0073504883636310581,-0.0035103407554633037,0.0053576974897285917,0.8660254037844386,0.50000000000000011,0.7818314824680298,0.62348980185873359
2026-04-21 08:00:00,,0.058587302601979162,-0.8299993949872948,-1,,-0.29999999999999999,0,-0.74280476433576226,47.070634869901042,3.5930122304241321,13.368139176587956,0.018918369331522134,-4.3180829124011071,-0.00061829486278419665,-0.0072388577003223986,0.0049344692708625298,0.86602540378443871,-0.49999999999999978,0.7818314824680298,0.62348980185873359
2026-04-21 12:00:00,,0.087688712319970108,-0.89782691300149187,-1,,-0.29999999999999999,0,-0.85035590262978644,45.615564384001495,3.5833483211637556,13.153863955712692,0.019057977259972332,-5.2583364137476547,-0.0014574290149074187,-0.0094262122413226734,0.0049376484386312652,1.2246467991473532e-16,-1,0.7818314824680298,0.62348980185873359
2026-04-21 16:00:00,,0.31132615273030295,-0.98708337101053178,-1,,-0.29999999999999999,0,-0.96173796084820418,34.433692363484852,3.6783783635808138,14.306326575665306,0.025638573585149774,-9.9666036405618783,-0.014329268985843413,-0.016404992863535028,0.0057825840133969384,-0.86602540378443837,-0.50000000000000044,0.7818314824680298,0.62348980185873359
2026-04-21 20:00:00,,0.26548253255360166,-0.99415155271299294,-1,,-0.14999999999999999,0,-0.92423225686736699,36.725873372319917,3.7032718206647286,16.052491535602073,0.029335617842671271,-11.832676051755261,0.0019785462553709721,-0.01380815174537986,0.0058132841232605642,-0.8660254037844386,0.50000000000000011,0.7818314824680298,0.62348980185873359
2026-04-22 00:00:00,,0.17347608424292729,-0.99248830371218855,-1,,-0.10000000000000001,-0.53333333333333333,-0.75389933370010065,41.326195787853635,3.6876789952238735,16.840298155243467,0.031094744567250119,-11.147965748863149,0.0041078585830192083,-0.0082428641474532327,0.0058411238565043745,0,1,0.97492791218182362,-0.22252093395631434
2026-04-22 04:00:00,,0.10667175132406129,-0.98150272916031533,-1,,0.10000000000000001,-0.53333333333333333,0.80619696784835904,44.666412433796935,3.6684510214566308,17.028709675578398,0.031898432970049392,-9.158948038208921,0.0031555668809843951,0.0092419717193745754,0.0058996795185296989,0.8660254037844386,0.50000000000000011,0.97492791218182362,-0.22252093395631434
2026-04-22 08:00:00,,0.096396173514877143,-0.95737799380537214,-1,,0.29999999999999999,-0.53333333333333333,0.74835490153296902,45.180191324256143,3.6340554667688285,16.982340145775911,0.032516762861289732,-7.2456543666928273,0.00048151680824659593,0.0077449422722501993,0.0058964032235250957,0.86602540378443871,-0.49999999999999978,0.97492791218182362,-0.22252093395631434
2026-04-22 12:00:00,,0.14351833921835622,-0.94180549966820826,-1,,0.29999999999999999,-0.53333333333333333,0.12700600601262196,42.82408303908219,3.5992651725884941,17.136248970159517,0.033438589268298034,-6.4138517740173207,-0.0026522701917137681,0.00098481349751722291,0.0058948614329055538,1.2246467991473532e-16,-1,0.97492791218182362,-0.22252093395631434
2026-04-22 16:00:00,,0.19919973646722028,-0.94367835212048068,-1,,-0.29999999999999999,-0.53333333333333333,-0.6093838639989877,40.040013176638986,3.6000239664454039,17.683299076601028,0.035021636328414082,-6.4803458298634862,-0.0032935394119384398,-0.005464292795405612,0.0059227035738570128,-0.86602540378443837,-0.50000000000000044,0.97492791218182362,-0.22252093395631434
2026-04-22 20:00:00,,0.14102612052027638,-0.90759701298059647,-1,,-0.14999999999999999,-0.53333333333333333,-0.44190599805302666,42.948693973986181,3.5690465634265665,18.191274175439574,0.033694938097080594,-5.3710948583106912,0.0023994452236664188,-0.0035463643799857891,0.0053700228278446473,-0.8660254037844386,0.50000000000000011,0.97492791218182362,-0.22252093395631434
2026-04-23 00:00:00,,0.10092791366719112,-0.76952986248245414,-1,,0.10000000000000001,-0.53333333333333333,0.098628561143910776,44.953604316640444,3.6160508634303925,19.352701475892477,0.029434640178509289,-3.790349402321219,0.0016694529885654674,0.00077535880029344639,0.0052651029850841538,0,1,0.43388373911755823,-0.90096886790241903
2026-04-23 04:00:00,,-0.12820786650475044,-0.88143885888657303,-1,,-0.10000000000000001,-0.53333333333333333,-0.56493593257080743,37.179213349524957,3.644060077201404,20.431169683455892,0.029432385605165316,-5.2864035198130228,-0.0092591882690236105,-0.0051902900567917243,0.0054268498825802876,0.8660254037844386,0.50000000000000011,0.43388373911755823,-0.90096886790241903
2026-04-23 08:00:00,,-0.12954803700706741,-0.91449855598711161,-1,,-0.29999999999999999,-0.53333333333333333,-0.74850138699659785,37.045196299293259,3.6334393966629666,21.547600243227258,0.031529496760380971,-5.8820456361313624,-0.00018070323369734353,-0.0077704385141554866,0.0047088132651084205,0.86602540378443871,-0.49999999999999978,0.43388373911755823,-0.90096886790241903
2026-04-23 12:00:00,,-0.039494634433750946,-0.70863226692024406,-1,,-0.29999999999999999,-0.53333333333333333,-0.20191649779331658,46.050536556624905,3.6729782337728358,21.830915588551086,0.031359820521114419,-3.481915411403687,0.0077409028984192219,-0.0016989886043017322,0.0049992208431042465,1.2246467991473532e-16,-1,0.43388373911755823,-0.90096886790241903
2026-04-23 16:00:00,,-0.052783131001081361,-0.4990965682958578,-1,,0.29999999999999999,-0.53333333333333333,0.63287370047316394,44.721686899891864,3.6479212134100738,22.093994123494642,0.03092483367064805,-2.1044260663786609,-0.0014884583905452331,0.0060717412741766452,0.0049796684337562709,-0.86602540378443837,-0.50000000000000044,0.43388373911755823,-0.90096886790241903
2026-04-23 20:00:00,,-0.11782574022192463,-0.68987940491262467,-1,,-0.14999999999999999,-0.53333333333333333,-0.22021984820976903,38.217425977807537,3.7059858562641801,23.401591195603984,0.031572750616994064,-3.4494075379634488,-0.0081912111788824404,-0.0019387666710084517,0.0052225417645201059,-0.8660254037844386,0.50000000000000011,0.43388373911755823,-0.90096886790241903
2026-04-24 00:00:00,,-0.092953998417943634,-0.68544058012266262,-1,,-0.10000000000000001,-0.53333333333333333,-0.71566837692952034,40.704600158205636,3.6712460532797704,24.615788476848373,0.030853248756213762,-3.2985382817605533,0.002200244318816047,-0.0074794252506116266,0.0052652908035918204,0,1,-0.43388373911755801,-0.90096886790241915
2026-04-24 04:00:00,,-0.27770057210271615,-0.83115030036382398,-1,,-0.10000000000000001,-0.53333333333333333,-0.89631041026082126,36.114971394864192,3.6966722293534806,26.237795008761665,0.030033804172563825,-4.8046775827526247,-0.006463405018694246,-0.012454371878760639,0.0053010456532949753,0.8660254037844386,0.50000000000000011,-0.43388373911755801,-0.90096886790241915
2026-04-24 08:00:00,,-0.19829824323782078,-0.79218143850935441,-1,,-0.29999999999999999,-0.53333333333333333,-0.086326130781318317,40.085087838108961,3.6796910722993532,27.743943931252581,0.026347837327780753,-4.2696350529136495,0.0035322218158029273,-0.00073093888407527174,0.0054003346506267327,0.86602540378443871,-0.49999999999999978,-0.43388373911755801,-0.90096886790241915
2026-04-24 12:00:00,,-0.15174240251848828,-0.62031088088373787,-1,,-0.29999999999999999,-0.53333333333333333,-0.094559782750810631,42.412879874075585,3.6852549027016832,28.259696762040392,0.024522601158615324,-2.8915414453662791,0.0021273998493906987,-0.00080378335350062002,0.0052649232877965526,1.2246467991473532e-16,-1,-0.43388373911755801,-0.90096886790241915
2026-04-24 16:00:00,,-0.038327437414096582,-0.0058716403789212286,-1,,0.29999999999999999,-0.53333333333333333,0.8602755932605004,48.083628129295171,3.7048558717413833,27.813260358324463,0.021785920293967274,-0.023865080343561829,0.0055325762529179201,0.011192197918111546,0.0054599425003795379,-0.86602540378443837,-0.50000000000000044,-0.43388373911755801,-0.90096886790241915
2026-04-24 20:00:00,,-0.10709407405426973,0.1885225701652159,-1,,0.14999999999999999,-0.53333333333333333,0.40817917305428675,44.645296297286514,3.6768691467159496,27.39871226915967,0.019265148459537831,0.75410773365980077,-0.0040148607818828452,0.0036451153204257736,0.0055103150306938164,-0.8660254037844386,0.50000000000000011,-0.43388373911755801,-0.90096886790241915
2026-04-27 00:00:00,,-0.14301814606829766,0.18394210416887083,-1,,-0.10000000000000001,-0.53333333333333333,-0.080561156928730671,42.849092696585117,3.6703007822971054,27.774911258366863,0.019671863615502973,0.73053990040044425,-0.0021922862025842704,-0.00067457073154919556,0.0045140836537735816,0,1,0,1
2026-04-27 04:00:00,,-0.026578489535641979,0.57726739744773603,-1,,-0.10000000000000001,-0.53333333333333333,-0.057504762207917892,48.671075523217901,3.6701484782970692,27.000413007665589,0.01968556222317757,2.5845511948177702,0.0057289230903982968,-0.00047822389406881882,0.0046815351117708102,0.8660254037844386,0.50000000000000011,0,1
2026-04-27 08:00:00,,-0.092977465172968288,0.60227250089999174,0.5,,-0.29999999999999999,-0.53333333333333333,-0.035077914183173027,45.351126741351585,3.6349521421269588,26.281236060585833,0.019497066814574963,2.6405167892782586,-0.0038191740736053248,-0.00028253718579129838,0.0046551252666670899,0.86602540378443871,-0.49999999999999978,0,1
2026-04-27 12:00:00,,-0.12000500942516737,0.54676946676366689,0.5,,0.29999999999999999,-0.53333333333333333,0.039898535681321651,43.999749528741631,3.5924482144608727,25.832212491769386,0.018546698449761544,2.2293592089250147,-0.0016011349575055789,0.00030861405928739316,0.004587654596809051,1.2246467991473532e-16,-1,0,1
2026-04-27 16:00:00,,-0.19722076192173874,0.15896637528816376,0.5,,-0.29999999999999999,-0.53333333333333333,-0.86805697823209882,40.138961903913064,3.5919704531583392,26.117565764006372,0.018180442048551782,0.5820726076385192,-0.0048145677398601094,-0.010234876770971013,0.0046747429720785079,-0.86602540378443837,-0.50000000000000044,0,1
2026-04-27 20:00:00,,-0.1721434773729868,0.0032861729908246792,0.5,,-0.14999999999999999,-0.53333333333333333,-0.6130862036859055,41.39282613135066,3.55555634641411,26.382536659655003,0.017910164346542516,0.011504042738998521,0.001092082298944419,-0.0053236203984212693,0.0046738271947137601,-0.8660254037844386,0.50000000000000011,0,1
2026-04-28 00:00:00,,-0.12860015240950987,0.11081979742753874,-1,,-0.10000000000000001,-0.53333333333333333,-0.25162668185058085,43.569992379524507,3.523720023725927,26.002192953900508,0.017812948611873488,0.37734353016273303,0.0018651068346535737,-0.0018573786062621167,0.0046634511574614144,0,1,0.7818314824680298,0.62348980185873359
2026-04-28 04:00:00,,-0.2112753015911383,-0.20989128769242893,-1,,-0.10000000000000001,-0.53333333333333333,-0.26540041883480692,39.436234920443084,3.5050519885454499,26.051368281274662,0.018067680757599382,-0.70912339233402477,-0.0048942388536374892,-0.0019370497200394965,0.0047173224925821759,0.8660254037844386,0.50000000000000011,0.7818314824680298,0.62348980185873359
2026-04-28 08:00:00,,-0.3249714619620559,-0.77598852242071581,-1,,-0.29999999999999999,-0.53333333333333333,-0.90420273564980369,33.751426901897204,3.5475241958724339,27.1429996867261,0.020696875090642969,-3.5949895173785791,-0.0081206730662497506,-0.011149805085233666,0.0049527714286661728,0.86602540378443871,-0.49999999999999978,0.7818314824680298,0.62348980185873359
2026-04-28 12:00:00,,-0.41185000179662157,-0.96020298639957324,-1,,-0.29999999999999999,-0.53333333333333333,-0.98826533155117124,29.407499910168923,3.6278282373049686,28.990036765513654,0.028245012720399885,-7.3324222983942136,-0.0077887214999581289,-0.020803633419845369,0.0048373602837677391,1.2246467991473532e-16,-1,0.7818314824680298,0.62348980185873359
2026-04-28 16:00:00,,-0.41559336494659505,-0.98508707191943023,-1,,-0.29999999999999999,-0.53333333333333333,-0.96413120496381499,29.220331752670248,3.627997152516651,30.705142624387815,0.033718671356968301,-9.2045729235814804,-0.00036141719476390222,-0.016270811760971782,0.0048355491517689591,-0.86602540378443837,-0.50000000000000044,0.7818314824680298,0.62348980185873359
2026-04-28 20:00:00,,-0.38639835242884657,-0.98903041223742172,-1,,-0.14999999999999999,-0.53333333333333333,-0.71753836726509268,30.680082378557671,3.5831531363134368,32.021588671440398,0.035932303105594858,-9.357073109667521,0.0011099625711086247,-0.0070401761236134064,0.0043980369324894131,-0.8660254037844386,0.50000000000000011,0.7818314824680298,0.62348980185873359
2026-04-29 00:00:00,,-0.3681659101919621,-0.98480337221469683,-1,,0.10000000000000001,-0.53333333333333333,0.18347692884298239,31.591704490401895,3.5560801116492455,32.885107298663115,0.037252783602272431,-8.5325967757712178,0.00066538665549664699,0.0014139320318413695,0.0044253434531023091,0,1,0.97492791218182362,-0.22252093395631434
2026-04-29 04:00:00,,-0.34006983205672497,-0.96597789883820595,-1,,0.10000000000000001,-0.53333333333333333,0.35081013979957526,32.996508397163751,3.5449332081028397,33.874676384466113,0.039098566162751161,-7.0257314183046837,0.00098422104031570257,0.0027595702669209743,0.004153744815418239,0.8660254037844386,0.50000000000000011,0.97492791218182362,-0.22252093395631434
2026-04-29 08:00:00,,-0.42819781156869541,-0.96960769921306289,-1,,-0.29999999999999999,-0.53333333333333333,-0.58539244969669857,28.590109421565231,3.5767617013319497,35.079056205841241,0.042260229034753377,-7.4579548137074489,-0.0068793641692224128,-0.0052297564734100632,0.0042841120837330028,0.86602540378443871,-0.49999999999999978,0.97492791218182362,-0.22252093395631434
2026-04-29 12:00:00,,-0.49345433606190398,-0.98557184960458399,-1,,-0.29999999999999999,-0.53333333333333333,-0.91179645442172574,25.327283196904801,3.5826023945499559,36.413531425099926,0.047518791223207818,-8.8559453068449017,-0.0062028897026831231,-0.012098032831589833,0.0042683234930978907,1.2246467991473532e-16,-1,0.97492791218182362,-0.22252093395631434
2026-04-29 16:00:00,,-0.49157447243495367,-0.98358617971397022,-1,,-0.29999999999999999,-0.53333333333333333,-0.92116374440749005,25.421276378252315,3.6190723238438798,38.054833610166682,0.051262496508542511,-8.9425197891070738,6.380378358628036e-05,-0.013018450088319256,0.0041253369395276886,-0.86602540378443837,-0.50000000000000044,0.97492791218182362,-0.22252093395631434
2026-04-29 20:00:00,,-0.49551258288103156,-0.97728918111839302,-1,,-0.14999999999999999,-0.53333333333333333,-0.66256706273858568,25.224370855948422,3.6162287028757554,39.578899924871529,0.053785267160165566,-8.3072865542818946,-0.00036747757865107644,-0.0065065634977479192,0.004044384418857138,-0.8660254037844386,0.50000000000000011,0.97492791218182362,-0.22252093395631434
2026-04-30 00:00:00,,-0.32122234329054122,-0.89943396046266888,-1,,0.10000000000000001,-0.53333333333333333,0.58876080405474707,33.938882835472938,3.6119816040711217,40.081426013979957,0.052538133813948742,-5.4420042155195318,0.0057956673997203723,0.0054919936046555762,0.0040694992500097393,0,1,0.43388373911755823,-0.90096886790241903
2026-04-30 04:00:00,,-0.4011867954212926,-0.85727972939641817,-1,,-0.10000000000000001,-0.53333333333333333,-0.089652820059220747,29.940660228935371,3.6210630098497973,40.177042534757554,0.053017305531445368,-4.7954705627815031,-0.0061676834337198727,-0.00073949361265057689,0.0041617241253518083,0.8660254037844386,0.50000000000000011,0.43388373911755823,-0.90096886790241903
2026-04-30 08:00:00,,-0.049431981463657453,0.23212600802917671,-1,,0.29999999999999999,-0.53333333333333333,0.94372674462513328,47.528400926817127,3.7126912410107455,38.48741222368055,0.051016921222524159,0.9685315979748097,0.016213183463385406,0.015841167429385905,0.0057869454352215176,0.86602540378443871,-0.49999999999999978,0.43388373911755823,-0.90096886790241903
2026-04-30 12:00:00,,0.032614471226340667,0.91882722901380487,-1,,0.29999999999999999,-0.53333333333333333,0.93784733824812871,51.630723561317033,3.6980705268773448,36.37208937448225,0.046870917303767343,6.3841879089521427,0.0050325797059738164,0.015078079735639349,0.005747079506856349,1.2246467991473532e-16,-1,0.43388373911755823,-0.90096886790241903
2026-04-30 16:00:00,,-0.074335591749640884,0.95799640104565442,-1,,0.29999999999999999,-0.53333333333333333,0.92516811271433486,46.283220412517956,3.6983724473680004,34.632687651034928,0.043298078420398324,7.757133355540887,-0.0069125097893820708,0.014333253379977151,0.0058698129032002753,-0.86602540378443837,-0.50000000000000044,0.43388373911755823,-0.90096886790241903
2026-04-30 20:00:00,,-0.023744329750060869,0.98459007237286189,0.5,,0.14999999999999999,-0.53333333333333333,0.14019136904080484,48.812783512496956,3.6610674414996573,33.017528907833842,0.039710786949752906,9.4498044629066626,0.0030685107572452353,0.0011885806738369808,0.0059397956447345586,-0.8660254037844386,0.50000000000000011,0.43388373911755823,-0.90096886790241903
2026-05-01 00:00:00,,-0.030308087693398419,0.99171388777650449,0.5,,-0.10000000000000001,-0.53333333333333333,-0.48439067945025294,48.484595615330079,3.6174352655136524,31.271472308680163,0.037363994724850622,10.208329283734507,-0.00040902407211618197,-0.0042530231042530176,0.0058655132190446246,0,1,-0.43388373911755801,-0.90096886790241915
2026-05-01 04:00:00,,-0.067840361610713412,0.99056710900099909,0.5,,0.10000000000000001,-0.53333333333333333,0.048177597487883833,46.607981919464329,3.5974004845050822,29.931371423024217,0.034086319910446687,9.768211075591779,-0.0022775770455130129,0.00038190963961604041,0.0058624232131597436,0.8660254037844386,0.50000000000000011,-0.43388373911755801,-0.90096886790241915
2026-05-01 08:00:00,,-0.19679065322775585,0.94416886202939487,0.5,,-0.29999999999999999,-0.53333333333333333,-0.88715060764089426,40.160467338612207,3.6255818086670559,29.797218423495622,0.029468081729845042,6.6649992486341745,-0.0088210357853242272,-0.011507636902953422,0.0060912452208550716,0.86602540378443871,-0.49999999999999978,-0.43388373911755801,-0.90096886790241915
2026-05-01 12:00:00,,-0.10632128907984324,0.91837792264365314,-1,,-0.29999999999999999,-0.53333333333333333,-0.63617888991901328,44.683935546007838,3.6447135236277748,29.781522980824747,0.025615831181395238,6.0414640657724377,0.0048516120518815598,-0.0062470007789556803,0.0061789083030719958,1.2246467991473532e-16,-1,-0.43388373911755801,-0.90096886790241915
2026-05-01 16:00:00,,0.05893274470134699,0.97133139045124528,-1,,0.29999999999999999,-0.53333333333333333,0.62128770684048573,52.94663723506735,3.7088282455553685,27.97267116116123,0.026199761791018399,8.6318113268234207,0.010385780909835773,0.006416357176393106,0.0064104066698377248,-0.86602540378443837,-0.50000000000000044,-0.43388373911755801,-0.90096886790241915
2026-05-01 20:00:00,,-0.016277077990885687,0.97145960680947141,0.5,,0.14999999999999999,-0.53333333333333333,0.82449251364247966,49.186146100455716,3.7003977402462982,26.293023042902249,0.026623941553278584,8.5685469041025009,-0.0049226693005142153,0.010314723661203118,0.0062549449784944349,-0.8660254037844386,0.50000000000000011,-0.43388373911755801,-0.90096886790241915
2026-05-04 00:00:00,,-0.013092202571517291,0.96701928605003185,1,,0.10000000000000001,-0.53333333333333333,0.50737387275022683,48.690779742848271,3.6777537495805741,24.881481544245908,0.026914653328938016,8.0862359213378987,-0.00065660097598652101,0.0048065106333350371,0.0062567928524466061,0,1,0,1
2026-05-04 04:00:00,,-0.025276094153131083,0.94987652955251733,1,,-0.10000000000000001,-0.53333333333333333,-0.69222606730322467,47.472390584686892,3.6558150477942779,23.876092632805847,0.027012532975389612,7.0839229161698292,-0.001555458246285113,-0.0071347285227858492,0.0062653923678053138,0.8660254037844386,0.50000000000000011,0,1
2026-05-04 08:00:00,,-0.072092389095098006,0.81211696948602818,1,,-0.29999999999999999,-0.53333333333333333,-0.767529650077028,42.7907610904902,3.6572923057337183,23.418228752671432,0.027165282546937605,4.3919203840309642,-0.0063400870338874427,-0.0085521462561590766,0.006425568877921832,0.86602540378443871,-0.49999999999999978,0,1
2026-05-04 12:00:00,,-0.084801527922632125,0.47884775407021746,1,,-0.29999999999999999,-0.53333333333333333,-0.80488018294184493,41.519847207736788,3.6928561568137392,24.057529384096618,0.027422529274890247,2.0942643315236502,-0.0018348087291730764,-0.009730354009345632,0.0064278536798206935,1.2246467991473532e-16,-1,0,1
2026-05-04 16:00:00,,-0.31958551582439781,-0.60008905593157569,1,,-0.29999999999999999,-0.53333333333333333,-0.9760497285718166,34.020724208780109,3.7658603405266389,25.10428366287482,0.03126190020123612,-2.9950564348868021,-0.012737033312735235,-0.020911929075795754,0.0068578454237891431,-0.86602540378443837,-0.50000000000000044,0,1
2026-05-04 20:00:00,,-0.26433545090180371,-0.83673775829976471,1,,-0.14999999999999999,-0.53333333333333333,-0.8558184184221691,36.783227454909813,3.7295262536620148,26.076269778883152,0.032609096269002089,-5.0415928417790354,0.0028756994601462083,-0.011696142581762103,0.0067736577611738928,-0.8660254037844386,0.50000000000000011,0,1
2026-05-05 00:00:00,,-0.23635456771336052,-0.87919272995515962,0.5,,-0.10000000000000001,-0.53333333333333333,-0.74434257268265036,38.182271614331974,3.6863795063152942,26.978828315176603,0.033457393919050185,-5.4750976154684707,0.0014402731055742635,-0.0084210607470147636,0.0067838467391432714,0,1,0.7818314824680298,0.62348980185873359
2026-05-05 04:00:00,,-0.22148600734335716,-0.86500293240322168,0.5,,0.10000000000000001,-0.53333333333333333,0.53127232281900461,38.925699632832142,3.6529036789368368,27.12440923652499,0.033997585842854561,-5.0659598671265371,0.00073480009793591705,0.0050507726636563888,0.0067866087512203702,0.8660254037844386,0.50000000000000011,0.7818314824680298,0.62348980185873359
2026-05-05 08:00:00,,-0.11438932411271181,-0.62487717998543735,0.5,0,0.29999999999999999,-0.53333333333333333,0.72262678964270333,44.280533794364409,3.6335839967894894,26.742407013998527,0.034276011983247118,-2.7741497878132115,0.0054357225395680331,0.0076107957430782136,0.0067705766372945231,0.86602540378443871,-0.49999999999999978,0.7818314824680298,0.62348980185873359
2026-05-05 12:00:00,,-0.088233277047617242,-0.15593039430481093,0.5,0,0.29999999999999999,-0.53333333333333333,0.72218915048843202,45.588336147619138,3.6279095721103878,25.811313291116662,0.033459463523998478,-0.59165615526577042,0.0013789733986939723,0.0075494960361979224,0.0066250976442230871,1.2246467991473532e-16,-1,0.7818314824680298,0.62348980185873359
2026-05-05 16:00:00,,-0.050243615390428008,0.20907737258498585,0.5,0,0.29999999999999999,-0.53333333333333333,0.62928943594426634,44.9756384609572,3.6189604258311272,24.510848681206397,0.033207416405349646,0.79150364194359568,-0.00074296243786697858,0.0060717335003950268,0.00545628291584597,-0.86602540378443837,-0.50000000000000044,0.7818314824680298,0.62348980185873359
2026-05-05 20:00:00,,-0.056902771270666223,0.4188399958469593,0.5,0,-0.14999999999999999,-0.53333333333333333,-0.01738906188473403,44.309722872933378,3.5737772904343776,23.374958298519253,0.03153550747945788,1.5910486614986716,-0.00077203821914473281,-0.0001360272583177391,0.0052928205107776469,-0.8660254037844386,0.50000000000000011,0.7818314824680298,0.62348980185873359
2026-05-06 00:00:00,,0.063727483221709,0.92014222229232123,0.5,0,0.10000000000000001,-0.53333333333333333,0.88771578912316917,56.372748322170899,3.6470581571145018,22.775591830801599,0.03198427868787914,6.0993238281402107,0.013304120279197917,0.011789119622186206,0.00596945268254475,0,1,0.97492791218182362,-0.22252093395631434
2026-05-06 04:00:00,,0.10923049495120686,0.99212187410551822,0.5,0,0.10000000000000001,-0.53333333333333333,0.9788100636923005,60.923049495120686,3.6581650545920632,22.996913510582644,0.033733553062007871,10.731020391448247,0.0065755139676504371,0.019107596027703622,0.0061104559186175127,0.8660254037844386,0.50000000000000011,0.97492791218182362,-0.22252093395631434
2026-05-06 08:00:00,,0.17109067229015182,0.99945551673234789,1,0,0.29999999999999999,-0.53333333333333333,0.99834696071358697,67.109067229015182,3.6929627090542807,24.077852766865995,0.040096654377941188,16.484268733073051,0.010914364477065064,0.030793998723913418,0.0065504724904461142,0.86602540378443871,-0.49999999999999978,0.97492791218182362,-0.22252093395631434
2026-05-06 12:00:00,,0.27100184657701321,0.99968363251067038,1,0,0.29999999999999999,-0.53333333333333333,0.91375943208624344,63.55009232885066,3.7320717232229739,25.388554603095024,0.044057247325756742,18.275756979987761,-0.0035722316454709357,0.013917646799244565,0.006589410664756842,1.2246467991473532e-16,-1,0.97492791218182362,-0.22252093395631434
2026-05-06 16:00:00,,0.27065545112392769,0.99968858459822374,1,0,0.29999999999999999,-0.53333333333333333,0.66922986569902598,63.532772556196385,3.7431682286238783,26.605634879593413,0.04729840311576889,18.513002462904797,-1.7081862692336358e-05,0.0073250509689017917,0.0061953516476861443,-0.86602540378443837,-0.50000000000000044,0.97492791218182362,-0.22252093395631434
2026-05-06 20:00:00,,0.29076896380627859,0.99973870656947372,1,0,-0.14999999999999999,-0.53333333333333333,-0.21992163315283736,64.538448190313929,3.7073866181373369,27.735780850627627,0.050668027610778196,18.219862968797351,0.001649188420699943,-0.0019401250874633291,0.0061381415310075302,-0.8660254037844386,0.50000000000000011,0.97492791218182362,-0.22252093395631434
2026-05-07 00:00:00,,0.27819714307422416,0.99965986977973154,1,0,0.10000000000000001,0,0.12987479499644175,63.909857153711208,3.6627982250420237,28.802920295388926,0.05292424031599538,16.911444789138507,-0.00054587249262638693,0.0010862340653812197,0.0057393741458447965,0,1,0.43388373911755823,-0.90096886790241903
2026-05-07 04:00:00,,0.30127192568845118,0.99938343464811052,1,0,0.10000000000000001,0,0.32852343344734203,65.063596284422559,3.6578550891923198,30.137799069249994,0.055812350877498522,15.674458027864334,0.0017176386058590509,0.002820954533932607,0.0055976228575101627,0.8660254037844386,0.50000000000000011,0.43388373911755823,-0.90096886790241903
2026-05-07 08:00:00,,0.39126309489412509,0.99936665288163873,1,0,0.29999999999999999,0,0.7603796525449521,69.563154744706253,3.6945153552719492,31.849696621471843,0.060583532620925584,16.205721699722709,0.0073422656721469082,0.0085140317853795722,0.0057665695274091329,0.86602540378443871,-0.49999999999999978,0.43388373911755823,-0.90096886790241903
2026-05-07 12:00:00,,0.43456603319981241,0.99958974252378574,1,0,0.29999999999999999,0,0.91576984974863829,71.72830165999062,3.6775096020102063,33.439315777106415,0.065872784136726106,16.791330859807175,0.0040310684800495267,0.013090972758055486,0.0057581805698531888,1.2246467991473532e-16,-1,0.43388373911755823,-0.90096886790241903
2026-05-07 16:00:00,,0.2565503837983425,0.99767436502063978,1,0,0.29999999999999999,0,0.42001858090731092,62.827519189917126,3.7148624550536158,34.096450141163636,0.06760081490763202,13.867161484780787,-0.0074674361331599215,0.0039058980190365133,0.0058442731449201042,-0.86602540378443837,-0.50000000000000044,0.43388373911755823,-0.90096886790241903
2026-05-07 20:00:00,,0.13768418285158687,0.98046360283820888,1,0,-0.14999999999999999,0,-0.79413440939614022,56.884209142579344,3.7017043991794925,33.930726540953984,0.06745978735661258,9.3568488322292787,-0.0058773835267142971,-0.0093137511798246919,0.0060320442229419517,-0.8660254037844386,0.50000000000000011,0.43388373911755823,-0.90096886790241903
2026-05-08 00:00:00,,0.17989623794393864,0.93499651079648616,1,0,-0.10000000000000001,0,-0.84463537131795841,58.994811897196932,3.6792293257492759,33.593233262524542,0.064035690230065501,6.7216608312027368,0.0029738531795899803,-0.010370966480284238,0.0050537621344214486,0,1,-0.43388373911755801,-0.90096886790241915
2026-05-08 04:00:00,,0.20950894045047577,0.86451264948474349,1,0,-0.10000000000000001,0,-0.09559653169559891,60.475447022523788,3.6663162152057467,33.783850178855083,0.060736503494252407,5.126762157496632,0.002107862978959929,-0.00079566736816438777,0.0050502260143120434,0.8660254037844386,0.50000000000000011,-0.43388373911755801,-0.90096886790241915
2026-05-08 08:00:00,,0.22389896887908109,0.76406360554925112,1,0,0.29999999999999999,0,0.62507785206507549,61.194948443954054,3.6639617341394155,33.807760592337843,0.056866008088496345,3.9246053011153101,0.0010034974741621738,0.0060852136327120832,0.0050538558951794717,0.86602540378443871,-0.49999999999999978,-0.43388373911755801,-0.90096886790241915
2026-05-08 12:00:00,,0.25022015196604402,0.69147707041147466,1,0,0.29999999999999999,0,0.5392684126399524,62.5110075983022,3.6463314269650557,33.829963119143258,0.052158386042925706,3.2613635493708806,0.0017944482862848332,0.0049058087394069361,0.0050453453451673683,1.2246467991473532e-16,-1,-0.43388373911755801,-0.90096886790241915
2026-05-08 16:00:00,,0.18851525033177666,0.40049999953131832,1,0,0.29999999999999999,0,0.029738680624659612,59.425762516588833,3.6634317983034967,34.244337411282245,0.047784220497649042,1.6543379811388803,-0.0025517516861128797,0.00024619407433412732,0.0050802207488873504,-0.86602540378443837,-0.50000000000000044,-0.43388373911755801,-0.90096886790241915
2026-05-08 20:00:00,,0.19873790771300251,0.12993887432813037,1,0,-0.14999999999999999,0,-0.018168568887343087,59.936895385650125,3.6222896332152099,34.629113539697016,0.042723462926330238,0.48903708653500644,0.0006130993423543174,-0.00014420405747372911,0.0050853527386059512,-0.8660254037844386,0.50000000000000011,-0.43388373911755801,-0.90096886790241915
2026-05-11 00:00:00,,0.043290819392791918,-0.58585479262764639,0.5,0,-0.10000000000000001,0,-0.79198656582437388,52.164540969639596,3.6369487692757567,33.085372080798493,0.03519375593350136,-2.5494326542524988,-0.006754179992045195,-0.0086928323358037574,0.0054004882191418533,0,1,0,1
2026-05-11 04:00:00,,-0.0072047903171564088,-0.88533359675894596,0.5,0,-0.10000000000000001,0,-0.78778018469122668,49.63976048414218,3.6355827057383414,31.772697961427344,0.02411742920198548,-5.3090356053140226,-0.0024713118219814589,-0.0086123924716723366,0.0054483457060682675,0.8660254037844386,0.50000000000000011,0,1
2026-05-11 08:00:00,,-0.025699608108908194,-0.95911229225374273,0.5,-0.5,-0.29999999999999999,0,-0.85235192657314751,48.71501959455459,3.626113236724779,29.771755712135199,0.019677181423391719,-7.2680271132896941,-0.00090153856542940503,-0.010127030379456059,0.0046617989353671388,0.86602540378443871,-0.49999999999999978,0,1
2026-05-11 12:00:00,,0.11052963047827064,-0.92659515777718426,0.5,-0.5,0.29999999999999999,0,0.40151308717307621,55.526481523913532,3.6500546531662081,28.545945279449004,0.01709719505099629,-6.286179923497734,0.0068620352272521501,0.0034891848398412861,0.0046817584096824931,1.2246467991473532e-16,-1,0,1
2026-05-11 16:00:00,,0.17243903959843565,-0.81408066077406216,-1,0.5,0.29999999999999999,0,0.81386262805723841,58.621951979921782,3.6712753996137875,28.592550348510382,0.017320036873799394,-4.4765393742889934,0.0035703438458192238,0.0095308405076419689,0.004074014575564301,-0.86602540378443837,-0.50000000000000044,0,1
2026-05-11 20:00:00,,0.23443191864163451,-0.5103832012453301,-1,0.5,0.14999999999999999,0,0.9426073825952852,61.721595932081726,3.6404879522756208,28.63582648406738,0.017892139264539815,-2.146561547400669,0.003842805402694438,0.014275184475765812,0.0040523637236418294,-0.8660254037844386,0.50000000000000011,0,1
2026-05-12 00:00:00,,0.2803102753278881,0.039072723022444862,-1,0.5,0.10000000000000001,0,0.85980823851003418,64.015513766394406,3.6416672331582856,29.380817915676911,0.019126951834120599,0.14915946556438797,0.003026167567535154,0.010439316816048816,0.0040870914435541788,0,1,0.7818314824680298,0.62348980185873359
2026-05-12 04:00:00,,0.10588738197293225,-0.21700608935494767,-1,0.5,-0.10000000000000001,0,-0.066226599254032223,55.294369098646612,3.6532155802052482,29.072401089047013,0.018851385954917862,-0.85114542823365014,-0.0074118795697000195,-0.00054290659947042741,0.0044612165086949417,0.8660254037844386,0.50000000000000011,0.7818314824680298,0.62348980185873359
2026-05-12 08:00:00,,0.057869922297055322,-0.54005677616219727,0.5,-0.5,-0.29999999999999999,0,-0.67680214241663561,52.893496114852766,3.6467761073007008,27.976788598189557,0.018453373066841403,-2.3172941200371717,-0.002304268374050622,-0.0066899803762154875,0.0044948271463330193,0.86602540378443871,-0.49999999999999978,0.7818314824680298,0.62348980185873359
2026-05-12 12:00:00,,0.067196480048801563,-0.68612836606986782,0.5,-0.5,-0.29999999999999999,0,-0.8218418142186753,53.359824002440078,3.6245137915012648,26.890788249127208,0.01828786455601061,-3.1528065278964839,0.00049315640221614387,-0.0092229915415344976,0.0044807720452008969,1.2246467991473532e-16,-1,0.7818314824680298,0.62348980185873359
2026-05-12 16:00:00,,-0.077889063826420538,-0.90015946748489128,0.5,0,-0.29999999999999999,0,-0.79034267374777856,46.105546808678973,3.6859900620785702,25.418960831292022,0.019196100853858054,-5.8752372947457943,-0.0073031168608395092,-0.0091142288326739873,0.0044306616943505118,-0.86602540378443837,-0.50000000000000044,0.7818314824680298,0.62348980185873359
2026-05-12 20:00:00,,0.04644577717551826,-0.81569277939812446,0.5,0.5,0.14999999999999999,0,0.29059710872364802,54.644577717551826,3.7006133502665022,23.76066952017645,0.017401503699435144,-4.6292382126842924,0.0093814775091569658,0.0025715170505336005,0.0048673125860968502,-0.8660254037844386,0.50000000000000011,0.7818314824680298,0.62348980185873359
2026-05-13 00:00:00,,0.044883220898914118,-0.75557479438197706,0.5,0.5,0.10000000000000001,0,0.230105563722483,54.488322089891412,3.6539137237475745,22.122063060749628,0.017395956583288283,-3.8077873522156516,-0.0001569469162099324,0.0019214137321075242,0.0045716783379033694,0,1,0.97492791218182362,-0.22252093395631434
2026-05-13 04:00:00,,0.013130540679730558,-0.80180228907674078,0.5,-0.5,0.10000000000000001,0,0.63445339733299488,51.313054067973056,3.6363297768973553,21.157254036145954,0.017065596727304733,-4.1885617757961846,-0.0031590165983388374,0.006065513994608196,0.0044259294800528442,0.8660254037844386,0.50000000000000011,0.97492791218182362,-0.22252093395631434
2026-05-13 08:00:00,,0.014911650780516296,-0.82272184198606169,-1,-0.5,-0.29999999999999999,0,-0.38033428487578608,51.49116507805163,3.6057302261851127,20.26135994187111,0.017072963754818708,-4.2888702839241866,0.00018509988531967281,-0.003130863629229097,0.0043753503684124031,0.86602540378443871,-0.49999999999999978,0.97492791218182362,-0.22252093395631434
2026-05-13 12:00:00,,0.043305645151874045,-0.89683754706460383,-1,-0.5,-0.29999999999999999,0,-0.68753695230696465,47.834717742406298,3.6005773431737973,19.890107516364228,0.017548545083177509,-5.3311181818634203,-0.0035974941615428691,-0.0065714108745620337,0.0044160293417802024,1.2246467991473532e-16,-1,0.97492791218182362,-0.22252093395631434
2026-05-13 16:00:00,,-0.010106390138123658,-0.878929783592997,-1,-0.5,-0.29999999999999999,0,-0.11064510390207284,50.505319506906183,3.6083118435549197,19.72804374318061,0.017498316917825916,-5.0596578458745203,0.0025396229805494386,-0.00087277129567375766,0.0044529510173726694,-0.86602540378443837,-0.50000000000000044,0.97492791218182362,-0.22252093395631434
2026-05-13 20:00:00,,0.020191890503500644,-0.89225028258650751,-1,-0.5,-0.14999999999999999,0,-0.31301882208573778,48.990405474824968,3.5826616519023489,19.577555953795819,0.017241038980767977,-5.1538594256723478,-0.0014236121655262224,-0.0024814833465196529,0.004434616832316567,-0.8660254037844386,0.50000000000000011,0.97492791218182362,-0.22252093395631434
2026-05-14 00:00:00,,-0.054007070922038734,-0.81878954124519743,0.5,0.5,0.10000000000000001,0,0.55008326260556017,52.700353546101937,3.5461816099305752,19.212019970552525,0.017141164333250445,-3.9991414181893088,0.0034532273631420196,0.0045692381781652358,0.0044825837618065103,0,1,0.43388373911755823,-0.90096886790241903
2026-05-14 04:00:00,,-0.039797369811593056,-0.73593322270055705,0.5,0.5,0.10000000000000001,0,0.18754722605849009,51.989868490579653,3.5654162308019481,19.465382589887241,0.01694516339407141,-3.3287686785157327,-0.00060164700018638939,0.0014279681974294078,0.004480987313402701,0.8660254037844386,0.50000000000000011,0.43388373911755823,-0.90096886790241903
2026-05-14 08:00:00,,0.0057035733967114761,-0.74444805457286556,0.5,-0.5,0.29999999999999999,0,0.12639815852232758,49.714821330164426,3.5603440421053851,19.430483567625011,0.016664624167446559,-3.378178851621195,-0.0018987293587429122,0.00095285100421271807,0.0042279721088905632,0.86602540378443871,-0.49999999999999978,0.43388373911755823,-0.90096886790241903
2026-05-14 12:00:00,,-0.052182497493180338,-0.63427978886382641,-1,0.5,-0.29999999999999999,0,-0.0055523806542236761,52.609124874659017,3.5327870132215984,19.398077332667224,0.015615630111580887,-2.5614595390990722,0.0024599944309002808,-4.0381928029020742e-05,0.0042135116124644555,1.2246467991473532e-16,-1,0.43388373911755823,-0.90096886790241903
2026-05-14 16:00:00,,-0.039514043254464469,-0.78460137834371679,-1,-0.5,-0.29999999999999999,0,-0.59730390605236994,46.048595674553553,3.5477265501788833,20.008987056362781,0.014835966038867748,-3.6722102575769417,-0.005663213617401297,-0.0051019485452439284,0.0044176985394613231,-0.86602540378443837,-0.50000000000000044,0.43388373911755823,-0.90096886790241903
2026-05-14 20:00:00,,-0.092836177081540114,-0.93273254753221813,-1,-0.5,-0.14999999999999999,0,-0.82362541085762953,40.716382291845989,3.5563381706317569,21.132739438517927,0.01764096563915574,-5.8823450939876407,-0.005553599079615168,-0.0087568182661161842,0.0042901407030666626,-0.8660254037844386,0.50000000000000011,0.43388373911755823,-0.90096886790241903
2026-05-15 00:00:00,,-0.13230063515313745,-0.9810982722913052,-1,0,-0.10000000000000001,-0.53333333333333333,-0.96836680069704906,36.769936484686255,3.589238113772709,22.806068471646025,0.021778321249844509,-8.4219048559822252,-0.0048046458247927859,-0.016021458521809251,0.0042800284569677076,0,1,-0.43388373911755801,-0.90096886790241915
2026-05-15 04:00:00,,-0.16933828280278021,-0.9961530745371987,-1,0,-0.10000000000000001,-0.53333333333333333,-0.96594886141065806,33.066171719721979,3.5715914260609107,24.537900341027232,0.026356149139912088,-11.119641427442994,-0.005181644836660837,-0.015539889741068791,0.0042263104609863511,0.8660254037844386,0.50000000000000011,-0.43388373911755801,-0.90096886790241915
2026-05-15 08:00:00,,-0.46486656426943879,-0.99954346602452937,-1,0,-0.29999999999999999,-0.53333333333333333,-0.99006998135453039,26.756671786528059,3.6128871738734918,26.954359752019574,0.034410295688531232,-15.542394614362486,-0.011357555944012887,-0.02134384660546651,0.0046412258493180253,0.86602540378443871,-0.49999999999999978,-0.43388373911755801,-0.90096886790241915
2026-05-15 12:00:00,,-0.48171628687434859,-0.99986905210185695,-1,0,-0.29999999999999999,-0.53333333333333333,-0.97822698667857744,25.914185656282569,3.6199659441212813,29.408080266513636,0.042002998496510749,-17.984507006609515,-0.0018087380360647387,-0.018347938816738463,0.0044693354797581304,1.2246467991473532e-16,-1,-0.43388373911755801,-0.90096886790241915
2026-05-15 16:00:00,,-0.4853633616284509,-0.99986999765061091,-1,0,-0.29999999999999999,-0.53333333333333333,-0.9225666746994825,25.731831918577456,3.6529040508589672,31.9038264473492,0.04790275652101926,-18.600729232330998,-0.00037842452642422586,-0.013544718506501852,0.0044789770484383049,-0.86602540378443837,-0.50000000000000044,-0.43388373911755801,-0.90096886790241915
2026-05-15 20:00:00,,-0.49866060638657217,-0.99986458815548074,-1,0,-0.14999999999999999,-0.53333333333333333,-0.39653733832764881,25.066969680671392,3.6393239173882583,34.221305043839372,0.052716269487957122,-18.272236617667573,-0.0013256147221518688,-0.0035127772846408334,0.0044500736537083519,-0.8660254037844386,0.50000000000000011,-0.43388373911755801,-0.90096886790241915
2026-05-18 00:00:00,,-0.54774369424596836,-0.99976866923027963,-1,0,-0.10000000000000001,-0.53333333333333333,-0.64535244658898749,22.612815287701579,3.7059458458959762,36.864737545007188,0.058957397775930537,-18.441445455800498,-0.0051871965448260227,-0.0068912357934021173,0.0043362976889664102,0,1,0,1
2026-05-18 04:00:00,,-0.38755266602402261,-0.99887021391742081,-1,0,-0.10000000000000001,-0.53333333333333333,-0.089834301112212273,30.622366698798871,3.7394549019842307,39.319353438948724,0.060822100776709728,-15.732511047861422,0.005678451446602395,-0.0008343598203754965,0.0038946233532483046,0.8660254037844386,0.50000000000000011,0,1
2026-05-18 08:00:00,,-0.3330545647597552,-0.9950441951642649,-1,0,0.29999999999999999,-0.53333333333333333,0.27549550396148048,33.347271762012241,3.7191759099063932,41.075039647308103,0.061266672178649513,-12.364713022064105,0.0020747055167884554,0.0025659604185648277,0.0039779394676461221,0.86602540378443871,-0.49999999999999978,0,1
2026-05-18 12:00:00,,-0.21645291097881469,-0.95799482008291081,-1,0,0.29999999999999999,-0.53333333333333333,0.87684590468873191,39.177354451059266,3.7254958741554107,42.001374719684947,0.060783160382933063,-7.9703329943526526,0.0046857698453042218,0.012438926808695072,0.0042142883845676313,1.2246467991473532e-16,-1,0,1
2026-05-18 16:00:00,,-0.28332995309489944,-0.88265405335549729,-1,0,0.29999999999999999,-0.53333333333333333,0.22418548332921898,35.833502345255027,3.7430351819478642,42.412906425167819,0.060505348219730491,-5.859509336138899,-0.0046418141877637709,0.0021186611743289063,0.0042576151207086958,-0.86602540378443837,-0.50000000000000044,0,1
2026-05-18 20:00:00,,-0.19914082908356862,-0.60227549111091816,-1,0,0.14999999999999999,-0.53333333333333333,0.37484867742425043,40.04295854582157,3.7267212487750858,42.795043008830483,0.059819900157957566,-2.8943208606366184,0.0035474372057873182,0.0035913928633277692,0.0043814939292922354,-0.8660254037844386,0.50000000000000011,0,1
2026-05-19 00:00:00,,-0.21055753465700477,-0.1912092536826574,-1,0,-0.10000000000000001,-0.53333333333333333,-0.20195336361561217,39.472123267149762,3.7033365780093876,42.097821466853503,0.058130462323315972,-0.78564449754674825,-0.00072513698078857658,-0.0018195139627650292,0.0042920193850514848,0,1,0.7818314824680298,0.62348980185873359
2026-05-19 04:00:00,,-0.27962020078604083,-0.10684903080277962,-1,0,-0.10000000000000001,-0.53333333333333333,-0.19219294207061646,36.018989960697958,3.6921460939820068,41.924863617510383,0.056848830288568131,-0.43043763364176613,-0.004540205683195353,-0.0017179054581966113,0.0043478891201501908,0.8660254037844386,0.50000000000000011,0.7818314824680298,0.62348980185873359
2026-05-19 08:00:00,,-0.27630434094651179,0.041619476828938733,-1,0,-0.29999999999999999,-0.53333333333333333,-0.53418002558730326,36.184782952674411,3.6707180842216611,41.901534790006551,0.053562360518547847,0.16357622168906971,0.00012547838651322252,-0.0051398642774707071,0.004206161770961823,0.86602540378443871,-0.49999999999999978,0.7818314824680298,0.62348980185873359
2026-05-19 12:00:00,-1,-0.29558255575872749,0.12606693143216494,-1,0,-0.29999999999999999,-0.53333333333333333,-0.58800940291370085,35.220872212063625,3.6397104582741902,41.986769743717581,0.049469752081195008,0.48264085251342692,-0.0012312492125605701,-0.0056459765092427006,0.0041994275482010188,1.2246467991473532e-16,-1,0.7818314824680298,0.62348980185873359
2026-05-19 16:00:00,-1,-0.38864014307326644,-0.22413052160627614,-1,0,-0.29999999999999999,-0.53333333333333333,-0.69379688894098446,30.567992846336679,3.7025366945920881,43.021273500922746,0.046027267760828425,-0.92454446333050555,-0.0065583720241662036,-0.0076641428502135511,0.0043331226875900613,-0.86602540378443837,-0.50000000000000044,0.7818314824680298,0.62348980185873359
2026-05-19 20:00:00,-1,-0.45582650845642658,-0.65024686219210703,-1,0,-0.14999999999999999,-0.53333333333333333,-0.91081280227103079,27.20867457717867,3.6839575073098101,43.98188413261326,0.040822351860979184,-3.0876703571934243,-0.0057266585560178385,-0.013516279792744612,0.0042739899097827029,-0.8660254037844386,0.50000000000000011,0.7818314824680298,0.62348980185873359
2026-05-20 00:00:00,-1,-0.33795785855318483,-0.60331884884559739,-1,0,-0.10000000000000001,-0.53333333333333333,-0.7278190695369412,33.102107072340758,3.669126492559585,44.921739484018296,0.034893653072899287,-2.7387599958764923,0.0042658514335585096,-0.0080191791466255324,0.0044514732575750395,0,1,0.97492791218182362,-0.22252093395631434
2026-05-20 04:00:00,-1,-0.43802758466796604,-0.81176573393620677,-1,0,-0.10000000000000001,-0.53333333333333333,-0.81376564714873889,28.098620766601698,3.6929768376246401,46.108424806825688,0.032800839389038147,-4.5473338696355867,-0.0087314972542706926,-0.010192304376730021,0.004640258019808976,0.8660254037844386,0.50000000000000011,0.97492791218182362,-0.22252093395631434
2026-05-20 08:00:00,-1,-0.31615035418880894,-0.73370543260140697,-1,0,0.29999999999999999,-0.53333333333333333,0.058141126308031574,34.192482290559553,3.6723053784052317,47.210346892289699,0.029516173927777816,-3.6852379580493704,0.0049764582131075485,0.00051081239239536558,0.0048499078923672006,0.86602540378443871,-0.49999999999999978,0.97492791218182362,-0.22252093395631434
2026-05-20 12:00:00,-1,-0.25511478246934843,-0.44293687628347189,-1,0,-0.29999999999999999,-0.53333333333333333,-0.12818387845551005,37.244260876532579,3.6602089803399269,47.424489389842492,0.026695150302161037,-1.8497147576612463,0.0026413504498403739,-0.0011136885913227701,0.0048614633587722306,1.2246467991473532e-16,-1,0.97492791218182362,-0.22252093395631434
2026-05-20 16:00:00,-1,-0.08053008700205723,0.47777220399429066,-1,0,0.29999999999999999,-0.53333333333333333,0.9375052659012777,45.973495649897139,3.7428484379021665,45.579419154165933,0.026259433843665088,2.195734791602149,0.0084979288845961065,0.016115737547544029,0.0047051782712596024,-0.86602540378443837,-0.50000000000000044,0.97492791218182362,-0.22252093395631434
2026-05-20 20:00:00,-0.33333333333333331,-0.042201891841785792,0.87787698604601472,-1,0,0.14999999999999999,-0.53333333333333333,0.89871786073826987,47.88990540791071,3.7062894631083108,43.866139649609124,0.026207568679580601,5.5617283215286974,0.0020752837279403025,0.013214563062376783,0.0047162113677616307,-0.8660254037844386,0.50000000000000011,0.97492791218182362,-0.22252093395631434
2026-05-21 00:00:00,-0.33333333333333331,-0.035775424294138103,0.96367048825091395,-1,0,0.10000000000000001,-0.53333333333333333,0.85104986481619616,48.211228785293095,3.6672589641789894,42.156645053734472,0.026233286397163342,7.8092033675172559,0.00033666218468475506,0.010909874797221164,0.0047160925766522649,0,1,0.43388373911755823,-0.90096886790241903
2026-05-21 04:00:00,-1,-0.063456860122386591,0.97578112953697238,-1,0,0.10000000000000001,-0.53333333333333333,0.104492169860868,46.827156993880671,3.6756820536792998,39.888704197032304,0.026237407161599904,8.6877582710379784,-0.0014993480315865781,0.00091259788103847939,0.0047188449973219271,0.8660254037844386,0.50000000000000011,0.43388373911755823,-0.90096886790241903
2026-05-21 08:00:00,-1,-0.088814865439511129,0.97779562736066938,-1,0,-0.29999999999999999,-0.53333333333333333,-0.28661487982717376,45.559256728024444,3.6556964332264963,38.228971555209426,0.026087647712128591,8.6858401028071093,-0.0013515586319829964,-0.0025142444788848195,0.0045724693986134929,0.86602540378443871,-0.49999999999999978,0.43388373911755823,-0.90096886790241903
2026-05-21 12:00:00,-1,-0.19729246884080964,0.93826112463335076,-1,0,-0.29999999999999999,-0.53333333333333333,-0.78759984941925387,40.135376557959518,3.6590238529605208,36.947608065165078,0.026443905172991871,6.690504687932485,-0.0062878742705159141,-0.0091387809340854886,0.0046000072582576147,1.2246467991473532e-16,-1,0.43388373911755823,-0.90096886790241903
2026-05-21 16:00:00,-1,-0.11901875012484922,0.92914679930088429,-1,0,-0.29999999999999999,-0.53333333333333333,-0.45925334122628958,44.049062493757539,3.6469864825425691,36.129703197784181,0.026102253935296187,6.3373173460543413,0.0034354545755110877,-0.0042039783269878228,0.0046483971179388803,-0.86602540378443837,-0.50000000000000044,0.43388373911755823,-0.90096886790241903
2026-05-21 20:00:00,-0.33333333333333331,-0.011216923306727012,0.9592970578415202,-1,0,0.14999999999999999,-0.53333333333333333,0.26528672875466419,49.439153834663649,3.6598103963500668,33.903359219910179,0.024733452160181094,7.5260940191992916,0.005179580640545467,0.0023271609455406406,0.0046776900234812343,-0.8660254037844386,0.50000000000000011,0.43388373911755823,-0.90096886790241903
2026-05-22 00:00:00,-1,-0.078318801774534846,0.95431411111954467,0.5,0,0.10000000000000001,-0.53333333333333333,0.53641452175005522,46.084059911273258,3.6258287382653807,31.836039811884326,0.02420726516057882,7.0529952430661318,-0.0036319452286228682,0.0049830899874336865,0.0046337199124894526,0,1,-0.43388373911755801,-0.90096886790241915
2026-05-22 04:00:00,-1,-0.07578876047940028,0.95037948365469638,0.5,0,0.10000000000000001,-0.53333333333333333,0.20546147670849271,46.210561976029986,3.5870560186664191,30.134706938784714,0.022641693148261088,6.6318908328750901,0.00011708062781856654,0.0016647160397411653,0.0045480607730331822,0.8660254037844386,0.50000000000000011,-0.43388373911755801,-0.90096886790241915
2026-05-22 08:00:00,-1,-0.097684786868978649,0.93034780597846867,0.5,0,-0.29999999999999999,-0.53333333333333333,-0.53195916497325624,45.115760656551068,3.5687240890675631,28.916783773662907,0.021044857760893907,5.8916797816238429,-0.0011249825753303355,-0.0046398471761346372,0.0045502971103784529,0.86602540378443871,-0.49999999999999978,-0.43388373911755801,-0.90096886790241915
2026-05-22 12:00:00,-1,-0.065065206431395239,0.92645601123704791,0.5,0,0.29999999999999999,-0.53333333333333333,0.044436383451533862,46.746739678430238,3.551292867667132,27.677192639235578,0.020620704007697947,5.6915914610997298,0.0013502689881992325,0.00034236704068746349,0.004461498179655389,1.2246467991473532e-16,-1,-0.43388373911755801,-0.90096886790241915
2026-05-22 16:00:00,-1,-0.12586744491843349,0.86078415008496023,0.5,0,-0.29999999999999999,-0.53333333333333333,-0.33304726155204978,43.706627754078326,3.5669309706700254,27.107195726643969,0.020049929234084284,4.5901337750152358,-0.0029371194899958653,-0.0027118330771269683,0.0045036477017976438,-0.86602540378443837,-0.50000000000000044,-0.43388373911755801,-0.90096886790241915
2026-05-22 20:00:00,-1,-0.16057490752119477,0.74404480648640392,0.5,0,-0.14999999999999999,-0.53333333333333333,-0.40868314343724732,41.971254623940261,3.5433598857771167,26.577912879237473,0.019733328276602381,3.3181617128070506,-0.0017380205134109872,-0.00332487101520762,0.0045105226327097955,-0.8660254037844386,0.50000000000000011,-0.43388373911755801,-0.90096886790241915
2026-05-25 00:00:00,-0.33333333333333331,0.13418229038108564,0.93979007105113754,0.5,0,0.10000000000000001,-0.53333333333333333,0.80271680886114694,56.709114519054282,3.6199272933921409,25.276432506473533,0.022145662631087006,6.4822597184840429,0.013754659720474294,0.0090795197170674413,0.0052602378126857764,0,1,0,1
2026-05-25 04:00:00,-0.33333333333333331,0.056101522356650835,0.97626100669902338,0.5,0,0.10000000000000001,-0.53333333333333333,0.88275783891979487,55.610152235665083,3.5854676179647091,24.067915017478448,0.022453751374549667,7.9748426354280575,-0.00098749221150917776,0.011029146995554129,0.0050593501779818556,0.8660254037844386,0.50000000000000011,0,1
2026-05-25 08:00:00,-0.33333333333333331,0.034128705167355305,0.98104811944090642,1,0,0.29999999999999999,-0.53333333333333333,0.88891379638818735,53.412870516735531,3.5438802530728033,22.700491041510656,0.022813993800245295,8.0438109674694349,-0.0019493803352155226,0.010817787173749593,0.0050336436313845661,0.86602540378443871,-0.49999999999999978,0,1
2026-05-25 12:00:00,-0.33333333333333331,0.058854665409129654,0.98699263921411329,1,0,-0.29999999999999999,-0.53333333333333333,-0.049873992010554494,55.885466540912965,3.522154109790093,21.819971142914905,0.02014181057063353,8.5131802261135885,0.0025669508936623231,-0.00036992165306237723,0.0045403529772801111,1.2246467991473532e-16,-1,0,1
2026-05-25 16:00:00,-0.33333333333333331,0.071162594597650897,0.99126171820408526,1,0,0.29999999999999999,-0.53333333333333333,0.261599782845583,57.116259459765089,3.4807447348599059,21.002345522790279,0.019313003807419259,8.8174476765318879,0.0012864749084844362,0.0019040454669312368,0.0044516926512667481,-0.86602540378443837,-0.50000000000000044,0,1
2026-05-25 20:00:00,-0.33333333333333331,0.063389690395578596,0.99108246614146922,1,0.5,0.14999999999999999,-0.53333333333333333,0.44414676797223551,56.33896903955786,3.440122182358897,20.353007543930541,0.018667606926947102,8.434630007182049,-0.00059052278290749882,0.0032629030192392605,0.0044471237708393271,-0.8660254037844386,0.50000000000000011,0,1
2026-05-26 00:00:00,-0.33333333333333331,-0.0093174732188994365,0.96509871107725798,1,0.5,-0.10000000000000001,-0.53333333333333333,-0.51732702320173396,50.465873660944972,3.4621356700535157,19.090387351004097,0.018730078490603892,6.4260613827369735,-0.0047016083888617999,-0.0040056562632848625,0.0042222607661106118,0,1,0.7818314824680298,0.62348980185873359
2026-05-26 04:00:00,-1,0.10294509811430189,0.78450417956589269,1,-0.5,-0.10000000000000001,-0.53333333333333333,-0.90936671639756683,44.852745094284906,3.4507922015413377,18.521293744182657,0.01892467979833308,3.3321582952220514,-0.0052672530251776095,-0.010559384196946908,0.0043642607305395837,0.8660254037844386,0.50000000000000011,0.7818314824680298,0.62348980185873359
2026-05-26 08:00:00,-1,0.11021397247034784,0.35419254342719414,1,-0.5,-0.29999999999999999,-0.53333333333333333,-0.91106436325569695,44.489301376482608,3.4217925032512864,18.106933727871571,0.019109308350487193,1.1338008153950061,-0.00036024368775322557,-0.010329105101792635,0.0043625153588609019,0.86602540378443871,-0.49999999999999978,0.7818314824680298,0.62348980185873359
2026-05-26 12:00:00,-1,0.12612051095064586,-0.15948020678949448,1,0,-0.29999999999999999,-0.53333333333333333,-0.72785159453704629,43.693974452467707,3.4437672858266821,18.391228308823869,0.019412854098125876,-0.50354592178794011,-0.00075184648183501679,-0.0063793431947658519,0.0043543241543350436,1.2246467991473532e-16,-1,0.7818314824680298,0.62348980185873359
2026-05-26 16:00:00,-1,0.19654569692297116,-0.65797809806464014,1,0,-0.29999999999999999,-0.53333333333333333,-0.5746974064479613,40.172715153851442,3.4447828895646495,18.682928578827386,0.020377319420292996,-2.4731992684195752,-0.0034302766331837375,-0.0045423668027719799,0.0044077526948691197,-0.86602540378443837,-0.50000000000000044,0.7818314824680298,0.62348980185873359
2026-05-26 20:00:00,-1,0.17883329851315166,-0.79607303928674844,1,0,-0.14999999999999999,-0.53333333333333333,-0.47836300618750144,41.058335074342416,3.437286433477623,19.49615279339406,0.020164179040857624,-3.3833177805386505,0.00059471504251540352,-0.0035874080725033508,0.0041786527335600978,-0.8660254037844386,0.50000000000000011,0.7818314824680298,0.62348980185873359
2026-05-27 00:00:00,-1,0.13003265092166685,-0.78329021391769904,1,0,-0.10000000000000001,-0.53333333333333333,-0.17605203826087229,43.498367453916657,3.4384972608276771,19.359723287692564,0.020329830885028516,-3.281634302800037,0.001609281867391843,-0.001226279723276491,0.0041201115852014828,0,1,0.97492791218182362,-0.22252093395631434
2026-05-27 04:00:00,-1,0.15448734708028822,-0.79179033808015342,0.5,0,0.10000000000000001,-0.53333333333333333,0.16855158151397326,42.275632645985588,3.4253361998385294,19.250199966384756,0.020859712669959136,-3.3075212831217708,-0.0010437431212331205,0.001160253788674126,0.0039351742139418985,0.8660254037844386,0.50000000000000011,0.97492791218182362,-0.22252093395631434
2026-05-27 08:00:00,-1,0.21759720644435801,-0.848042487843923,0.5,0,-0.29999999999999999,-0.53333333333333333,-0.30941522845391495,39.120139677782099,3.4423363133148293,19.81461522951286,0.021988325536412511,-3.9048018911052953,-0.0027864293474202384,-0.0022208906012615159,0.0039026001739851214,0.86602540378443871,-0.49999999999999978,0.97492791218182362,-0.22252093395631434
2026-05-27 12:00:00,-1,-0.21573068872384624,-0.97883503712068232,0.5,0,-0.29999999999999999,-0.53333333333333333,-0.97667621431624418,28.426931127615376,3.5331624985585304,21.574156998139831,0.028487653199140879,-7.7671104004715641,-0.013143787453184785,-0.016973959921838144,0.0048387436932563989,1.2246467991473532e-16,-1,0.97492791218182362,-0.22252093395631434
2026-05-27 16:00:00,-1,-0.17611498324642638,-0.98697650566229711,0.5,0,-0.29999999999999999,-0.53333333333333333,-0.93175496343466035,32.388501675357361,3.5737425763700381,23.627459105040966,0.032209524246136212,-8.9616638483329645,0.0026300322371959339,-0.01330018456340909,0.0049053171166475503,-0.86602540378443837,-0.50000000000000044,0.97492791218182362,-0.22252093395631434
2026-05-27 20:00:00,-1,-0.31358249436109531,-0.98799611909292562,0.5,0,-0.14999999999999999,-0.53333333333333333,-0.83397113798156797,34.320875281945234,3.5369491302133289,25.352801264647379,0.034810902418617021,-8.7788747661360755,0.0012955972842121355,-0.0092181579317767159,0.0049040739148499919,-0.8660254037844386,0.50000000000000011,0.97492791218182362,-0.22252093395631434
2026-05-28 00:00:00,-1,-0.30855670306606015,-0.98370730406280393,0.5,0,0.10000000000000001,-0.53333333333333333,0.49495336754325708,34.572164846696992,3.5117054037867468,26.589523009145857,0.036962789050301606,-8.0446465462940431,0.00016155125136307902,0.0040871807727711484,0.0048818169696360622,0,1,0.43388373911755823,-0.90096886790241903
2026-05-28 04:00:00,-1,-0.53310317958523223,-0.99720598388695114,0.5,0,-0.10000000000000001,-0.53333333333333333,-0.96778124449171143,23.344841020738386,3.6301330222241743,28.93176450464648,0.046468605243534314,-12.394126223108714,-0.019035121852246206,-0.017577973316670992,0.0063864048452001157,0.8660254037844386,0.50000000000000011,0.43388373911755823,-0.90096886790241903
2026-05-28 08:00:00,-1,-0.45024051682748478,-0.99857308995148697,-1,0,-0.29999999999999999,-0.53333333333333333,-0.95416945431520594,27.487974158625761,3.6132738932816975,31.106703036182772,0.050853004851888615,-13.434266897736574,0.0031347236555330227,-0.015738846945350105,0.0054188578792094284,0.86602540378443871,-0.49999999999999978,0.43388373911755823,-0.90096886790241903
2026-05-28 12:00:00,-1,-0.21711965082802151,-0.99045386121968926,-1,0,-0.29999999999999999,-0.53333333333333333,-0.57229056999316918,39.144017458598924,3.6534272475903977,31.521239750819365,0.051009659755008652,-10.307967166630679,0.01024631194395198,-0.0056540862527612035,0.006075908600029478,1.2246467991473532e-16,-1,0.43388373911755823,-0.90096886790241903
2026-05-28 16:00:00,-0.33333333333333331,0.066021367370290421,-0.53623260040685783,-1,0,0.29999999999999999,-0.53333333333333333,0.99698788995536913,53.301068368514521,3.749315500486512,29.569789048711144,0.049667365441656404,-2.5446436522133133,0.017694431121668686,0.031075466721153688,0.0074319107267699245,-0.86602540378443837,-0.50000000000000044,0.43388373911755823,-0.90096886790241903
2026-05-28 20:00:00,-0.33333333333333331,0.015965337224815527,0.38844683764862409,-1,0,0.14999999999999999,-0.53333333333333333,0.99008550340637957,50.798266861240776,3.7140350638430784,27.626729991332272,0.047362837360927341,1.681653635951136,-0.0034552013341464516,0.024485541731474214,0.0074233349707665004,-0.8660254037844386,0.50000000000000011,0.43388373911755823,-0.90096886790241903
2026-05-29 00:00:00,-0.33333333333333331,0.017083359139999175,0.81821666473638754,-1,0,0.10000000000000001,-0.53333333333333333,0.92777757940177985,50.854167956999959,3.6614473881411604,25.962072055980929,0.044264422468994598,4.4809681241531969,7.7851217465507716e-05,0.014317081004987742,0.0074104011953858772,0,1,-0.43388373911755801,-0.90096886790241915
2026-05-29 04:00:00,-0.33333333333333331,0.038107236308604867,0.95891141769013855,-1,0,0.10000000000000001,-0.53333333333333333,0.081039148922531612,53.810723630860487,3.642029662893981,24.317724286493306,0.041247160785382882,7.3750849568736569,0.0040643018288317734,0.00068695171215082951,0.0074918310252926499,0.8660254037844386,0.50000000000000011,-0.43388373911755801,-0.90096886790241915
2026-05-29 08:00:00,-0.33333333333333331,0.039329731489398938,0.98475208229503253,-1,0,0.29999999999999999,-0.53333333333333333,0.47980254075234435,53.932973148939894,3.6144829302222754,22.928533520858469,0.039575658379649777,9.0394601887589978,0.00016612712307129129,0.0043082801693685724,0.0074311907065738184,0.86602540378443871,-0.49999999999999978,-0.43388373911755801,-0.90096886790241915
2026-05-29 12:00:00,-0.33333333333333331,0.053169531215399531,0.9927399955201851,-1,0,0.29999999999999999,-0.53333333333333333,0.6302547946707453,55.316953121539953,3.6022079551176391,22.067311867404893,0.039473712911780853,10.297455863373584,0.0018034708969665303,0.006033899848869595,0.0073542366409373849,1.2246467991473532e-16,-1,-0.43388373911755801,-0.90096886790241915
2026-05-29 16:00:00,-0.33333333333333331,0.11949632302690674,0.99779049519752105,-1,0,0.29999999999999999,-0.53333333333333333,0.86974977810131215,61.949632302690674,3.6799805163151551,22.349437579311672,0.042102703663103189,13.493444165615369,0.009661039324871723,0.011630637344909545,0.0076651127407296989,-0.86602540378443837,-0.50000000000000044,-0.43388373911755801,-0.90096886790241915
2026-05-29 20:00:00,-0.33333333333333331,0.063641750313074189,0.9977106209078761,-1,0,0.14999999999999999,-0.53333333333333333,0.56405206115885953,56.364175031307418,3.6606877054607119,22.61141145465368,0.042925886267129058,13.166484997727331,-0.0059779158306518809,0.0054865943911863724,0.0077970670946893601,-0.8660254037844386,0.50000000000000011,-0.43388373911755801,-0.90096886790241915
2026-06-01 00:00:00,-0.33333333333333331,0.064960808252886929,0.99702109881761891,0.5,0,0.10000000000000001,-0.53333333333333333,0.43000773022112943,56.496080825288693,3.6412167863351073,22.168083862278511,0.04412443319261776,12.409903086996536,0.00018721415481692816,0.0038703376490367702,0.0077499107672757998,0,1,0,1
2026-06-01 04:00:00,-0.33333333333333331,0.013012019027962224,0.98803715424434202,0.5,0,-0.10000000000000001,-0.53333333333333333,-0.88503251477674527,51.301201902796222,3.6312821002057736,21.470431729609821,0.044264643464912198,9.6538345131950116,-0.0058399356690745918,-0.011630637344909545,0.0078737255124058277,0.8660254037844386,0.50000000000000011,0,1
2026-06-01 08:00:00,-1,-0.016094257919614493,0.93695829513458628,0.5,0,-0.29999999999999999,-0.53333333333333333,-0.80384559319571758,48.390574208038551,3.625493773096701,20.288620798645123,0.043966836250545052,6.4294284131037251,-0.0035639743818833836,-0.0092166958961410472,0.007905492860673529,0.86602540378443871,-0.49999999999999978,0,1
2026-06-01 12:00:00,-1,0.016030746940386819,0.83116004895179763,0.5,0,-0.29999999999999999,-0.53333333333333333,-0.78108033052832326,49.198462652980659,3.5989593058846601,19.156684393364458,0.043823510973728094,4.3575216683602349,0.00092883322567693938,-0.008475076825281036,0.0079065355675230469,1.2246467991473532e-16,-1,0,1
2026-06-01 16:00:00,-1,0.097657316616468676,0.35476044840241239,0.5,0,-0.29999999999999999,-0.53333333333333333,-0.71797429888491249,45.117134169176566,3.6369697422396148,18.592167248806593,0.043771722707874279,1.4084722596431334,-0.0049942824429702881,-0.0076294235991767323,0.0079614239603792956,-0.86602540378443837,-0.50000000000000044,0,1
2026-06-01 20:00:00,-1,0.076518825874078822,-0.0521183664234523,0.5,0,-0.14999999999999999,-0.53333333333333333,-0.34536984417437777,46.174058706296059,3.610426640628829,18.067972757431434,0.042743438460635108,-0.19291804583003802,0.0010998585570831665,-0.0029655906602101823,0.0073565091329988366,-0.8660254037844386,0.50000000000000011,0,1
2026-06-02 00:00:00,-1,0.089201051574095372,-0.36994646721799607,1,0,-0.10000000000000001,-0.53333333333333333,-0.5233683391729762,45.539947421295231,3.5784939457999525,17.520888258173137,0.042104515992698939,-1.3910920585083295,-0.00073831113017597261,-0.0046327350160630942,0.0073440680121519639,0,1,0.7818314824680298,0.62348980185873359
2026-06-02 04:00:00,-0.33333333333333331,-0.061253051498428877,0.061662535538741382,1,0,0.10000000000000001,-0.53333333333333333,0.76458843884208605,53.062652574921444,3.6169310756301134,16.334648103911896,0.041899536096481338,0.22981899973837439,0.0079720656859159078,0.0083336131128231017,0.0075386723542725373,0.8660254037844386,0.50000000000000011,0.7818314824680298,0.62348980185873359
2026-06-02 08:00:00,-0.33333333333333331,-0.095645060166112614,0.46323296624536331,1,0,0.29999999999999999,-0.53333333333333333,0.81592208844595626,54.782253008305631,3.5962569973064924,15.771801332206874,0.041776580356925226,1.8282517016670261,0.0020278622297915661,0.0092616167855315013,0.0075434709431620069,0.86602540378443871,-0.49999999999999978,0.7818314824680298,0.62348980185873359
2026-06-02 12:00:00,-0.33333333333333331,-0.042066892801674811,0.50612714472838505,1,0,0.29999999999999999,-0.53333333333333333,0.73209227899432017,52.103344640083741,3.5683439452806613,15.195612266234601,0.033604469156815649,1.9768069065380796,-0.0026434471767000645,0.0073564807390074094,0.0060133722118460671,1.2246467991473532e-16,-1,0.7818314824680298,0.62348980185873359
2026-06-02 16:00:00,-1,0.053077665586995552,0.14244297491022481,0.5,0,-0.29999999999999999,-0.53333333333333333,-0.61484977587578915,47.346116720650222,3.5749340131949157,14.415364762698973,0.02421286282094744,0.51189228050608881,-0.0050630321069142781,-0.0056786170538227765,0.0061798083528525651,-0.86602540378443837,-0.50000000000000044,0.7818314824680298,0.62348980185873359
2026-06-02 20:00:00,-1,0.068266405562698224,-0.19492916043570435,0.5,0,-0.14999999999999999,-0.53333333333333333,-0.81009860422207669,46.586679721865089,3.5315977355131136,13.908909209020493,0.019261091576096921,-0.67487547231996836,-0.00084188024883502521,-0.0085483595324493677,0.0058102099119110434,-0.8660254037844386,0.50000000000000011,0.7818314824680298,0.62348980185873359
2026-06-03 00:00:00,-1,0.07578425521003225,-0.41125416621233135,0.5,0,-0.10000000000000001,-0.53333333333333333,-0.67977822719788816,46.210787239498387,3.5328748056733277,13.912089145885037,0.019806250000705315,-1.4959203216259085,-0.00039668655819546927,-0.0063015989139447726,0.0041980190245472547,0,1,0.97492791218182362,-0.22252093395631434
2026-06-03 04:00:00,-1,0.14660576611987808,-0.71553780179317472,0.5,0,-0.10000000000000001,-0.53333333333333333,-0.58682098600306287,42.669711694006097,3.5124804194029302,13.915041944402116,0.021116644143779017,-3.0125919508210064,-0.0037965287306001017,-0.0050350955376305961,0.0042122920428283618,0.8660254037844386,0.50000000000000011,0.97492791218182362,-0.22252093395631434
2026-06-03 08:00:00,-1,0.23962179375393561,-0.92303299338909273,0.5,0,-0.29999999999999999,-0.53333333333333333,-0.86428097898191825,38.01891031230322,3.5136910552912615,14.55532869238197,0.024384851633910493,-5.4022010730012546,-0.0056544484106595405,-0.0098476636994551114,0.004377484807679773,0.86602540378443871,-0.49999999999999978,0.97492791218182362,-0.22252093395631434
2026-06-03 12:00:00,-1,0.15284483201361523,-0.93179743766535894,0.5,0,-0.29999999999999999,-0.53333333333333333,-0.6542795678087433,42.357758399319238,3.5045818443589587,15.184317807967126,0.025789883344240309,-5.561871960852196,0.0036297028278369226,-0.0058212743134227196,0.0043542339984461416,1.2246467991473532e-16,-1,0.97492791218182362,-0.22252093395631434
2026-06-03 16:00:00,-1,0.22021597001538623,-0.95889699184099797,0.5,0,-0.29999999999999999,-0.53333333333333333,-0.67352495701258297,38.989201499230688,3.5182772901756136,16.09646181330718,0.02817942979357416,-6.5160105026685704,-0.0041608874269698504,-0.0061856330097924683,0.0044210602931934228,-0.86602540378443837,-0.50000000000000044,0.97492791218182362,-0.22252093395631434
2026-06-03 20:00:00,-1,0.24608504405823708,-0.97515524100248752,0.5,0,-0.14999999999999999,-0.53333333333333333,-0.28893053204992525,37.695747797088146,3.4930201268165764,16.943452675408658,0.030330172379743989,-7.1948610852295181,-0.0016719209124005374,-0.0022031055115334652,0.0043807138092261857,-0.8660254037844386,0.50000000000000011,0.97492791218182362,-0.22252093395631434
2026-06-04 00:00:00,-1,0.16755072383569952,-0.95415211126314159,0.5,0,-0.10000000000000001,-0.53333333333333333,-0.34290159069162218,41.622463808215024,3.5113673767041962,17.120437421237092,0.027693721476554391,-6.2841216660140375,0.003145488640873495,-0.0026873196984968928,0.0037425963958081575,0,1,0.43388373911755823,-0.90096886790241903
2026-06-04 04:00:00,-0.33333333333333331,0.006982187750313216,-0.7364641710054336,0.5,0,0.10000000000000001,-0.53333333333333333,0.82009538207080013,49.650890612484339,3.5270797214937692,16.47059742573385,0.025635450465418423,-3.2075147470543186,0.0073510638599358913,0.0088246315884088489,0.0040436951131385306,0.8660254037844386,0.50000000000000011,0.43388373911755823,-0.90096886790241903
2026-06-04 08:00:00,-1,0.081391249461570114,-0.57210299157099909,-1,0,0.29999999999999999,-0.53333333333333333,0.6992199476624128,45.930437526921494,3.5058962485321228,15.867174572766553,0.023315419317661883,-2.1673770747258239,-0.0040137662153920672,0.006482786285417319,0.0041064759600250742,0.86602540378443871,-0.49999999999999978,0.43388373911755823,-0.90096886790241903
2026-06-04 12:00:00,-0.33333333333333331,-0.086979028560666055,0.36011699633720062,-1,0,0.29999999999999999,-0.53333333333333333,0.92292654522957407,54.348951428033303,3.5481317058905626,15.381333166353912,0.02282983020358971,1.3100829173467545,0.0091488599956957017,0.012486157640239526,0.0044990079795307822,1.2246467991473532e-16,-1,0.43388373911755823,-0.90096886790241903
2026-06-04 16:00:00,-0.33333333333333331,0.00030603344615073527,0.5298122925496227,-1,0,0.29999999999999999,-0.53333333333333333,0.046904122973246455,49.984698327692463,3.5954090357271418,14.773569884033254,0.022564365939206372,2.1489833087227179,-0.0047535629893769027,0.00038153079092673181,0.0045545705820616549,-0.86602540378443837,-0.50000000000000044,0.43388373911755823,-0.90096886790241903
2026-06-04 20:00:00,-1,0.029346971919763119,0.55738305250216591,-1,0,0.14999999999999999,-0.53333333333333333,0.34042633061734462,48.532651404011844,3.5439935951505146,14.209218264735501,0.022117640243932257,2.1767439109201732,-0.0016498835540517121,0.002745413452267087,0.0045582881750035713,-0.8660254037844386,0.50000000000000011,0.43388373911755823,-0.90096886790241903
2026-06-05 00:00:00,-1,0.090813902018543904,0.32077906589211352,-1,0,-0.10000000000000001,-0.53333333333333333,-0.86222830179889975,45.459304899072805,3.5365457419948836,13.60172312417869,0.022437743343209818,1.1421257557720939,-0.0035747700312125374,-0.0099782165746411522,0.0044919193020980623,0,1,-0.43388373911755801,-0.90096886790241915
2026-06-05 04:00:00,-1,0.14417157018599042,-0.12133026801199016,-1,0,-0.10000000000000001,-0.53333333333333333,-0.801875525762758,42.791421490700479,3.5377343994469728,13.585932749860582,0.023280153992174764,-0.41930736566001059,-0.0032793247930200664,-0.0085039783782843159,0.004530291878705019,0.8660254037844386,0.50000000000000011,-0.43388373911755801,-0.90096886790241915
2026-06-05 08:00:00,-1,0.061377267761196064,-0.042079057251766319,-1,0,-0.29999999999999999,-0.53333333333333333,-0.34604080049970581,46.931136611940197,3.5487671712773183,13.793779052058927,0.023383744005748563,-0.14639711745061845,0.0040459433033817049,-0.0028081515208508989,0.0046391682953166946,0.86602540378443871,-0.49999999999999978,-0.43388373911755801,-0.90096886790241915
2026-06-05 12:00:00,-1,0.24555282026416761,-0.73244950076576243,-1,0,-0.29999999999999999,-0.53333333333333333,-0.88940934504238733,37.722358986791619,3.6208405776313883,14.719835906259258,0.025263823280688262,-3.490230144317934,-0.012729517144920877,-0.011962898634559238,0.0050122127608294934,1.2246467991473532e-16,-1,-0.43388373911755801,-0.90096886790241915
2026-06-05 16:00:00,-1,0.38763074379718432,-0.97685401378085712,-1,0,-0.29999999999999999,-0.53333333333333333,-0.98394800408396021,30.618462810140784,3.7302553977444264,17.212080613936379,0.032692626655112543,-9.2706352757638335,-0.014165734134522268,-0.022849307976061439,0.0057146007362672835,-0.86602540378443837,-0.50000000000000044,-0.43388373911755801,-0.90096886790241915
2026-06-05 20:00:00,-1,0.41934159687177042,-0.99693160835447769,-1,0,-0.14999999999999999,-0.53333333333333333,-0.99714402833004123,29.032920156411478,3.7198360403694832,19.691899620728318,0.039888704208915951,-13.363786562104142,-0.00384909903887376,-0.030744350318316904,0.0057274937390002405,-0.8660254037844386,0.50000000000000011,-0.43388373911755801,-0.90096886790241915
2026-06-08 00:00:00,-1,-0.17732966624198213,-0.99787509454143819,-1,0,-0.10000000000000001,-0.53333333333333333,-0.91451363723940904,32.267033375801788,3.7236934537331914,21.721085859165328,0.044298865361082677,-14.177300073967608,0.003296514888122104,-0.014718318285273924,0.0058054523923259252,0,1,0,1
2026-06-08 04:00:00,-1,-0.20697697205925422,-0.99889924419728149,-1,0,-0.10000000000000001,-0.53333333333333333,-0.64328124691648125,29.302302794074578,3.730864359415285,23.758100253164017,0.050216352394348525,-15.652264300751945,-0.0068079665808387091,-0.0073605507315903651,0.0059115630850274997,0.8660254037844386,0.50000000000000011,0,1
2026-06-08 08:00:00,-1,-0.45696221530767045,-0.99938286444243352,-1,0,-0.29999999999999999,-0.53333333333333333,-0.72512065485873234,27.151889234616476,3.7422965557784011,26.101450480325486,0.056656154547843118,-17.053570419472777,-0.0054827401235897355,-0.0089941918163063406,0.0059484990003964332,0.86602540378443871,-0.49999999999999978,0,1
2026-06-08 12:00:00,-1,-0.2697503299429127,-0.99656484725383387,-1,0,-0.29999999999999999,-0.53333333333333333,-0.20309821086507279,36.512483502854366,3.7828285805583479,27.28578486666623,0.058694161072742002,-13.984222200033514,0.010204253021237619,-0.0020864536831908254,0.0065501520455270414,1.2246467991473532e-16,-1,0,1
2026-06-08 16:00:00,-1,-0.23949360881721787,-0.98521068775797205,-1,0,0.29999999999999999,-0.53333333333333333,0.57428065571014242,38.025319559139106,3.7630787603059557,28.08087201379638,0.060393480142566236,-10.553895846925386,0.0017893134826572066,0.0065108263803050903,0.0065159657664808157,-0.86602540378443837,-0.50000000000000044,0,1
2026-06-08 20:00:00,-1,-0.26581221742657829,-0.96253747777683318,-1,0,0.14999999999999999,-0.53333333333333333,0.7542262940784471,36.709389128671084,3.7288401911108151,28.819167221845809,0.061746492470568431,-8.2400928522578738,-0.002500393430613812,0.0094931730732810138,0.0064214844879518429,-0.8660254037844386,0.50000000000000011,0,1
2026-06-09 00:00:00,-1,-0.29004997762375351,-0.93138850817699981,-1,0,-0.10000000000000001,-0.53333333333333333,-0.31444510215518695,35.497501118812323,3.6882012831575137,29.712573229023889,0.063620597407485727,-6.670543531883915,-0.0022959892720297859,-0.0030070692199863913,0.0063940326904793812,0,1,0.7818314824680298,0.62348980185873359
2026-06-09 04:00:00,-1,-0.23478839503213705,-0.79442849398533055,-1,0,-0.10000000000000001,-0.53333333333333333,-0.20998262540860269,38.260580248393147,3.658378770536693,30.028824323649829,0.064625911216237925,-4.2031226474466905,0.0028893603876483098,-0.0019070223149952881,0.0064643944681005254,0.8660254037844386,0.50000000000000011,0.7818314824680298,0.62348980185873359
2026-06-09 08:00:00,-1,-0.25066219807517115,-0.56708897471252784,0.5,0,-0.29999999999999999,-0.53333333333333333,-0.082806801041879263,37.466890096241443,3.6426841950631244,29.897519113809153,0.065063381775541648,-2.4567339626157434,-0.0013257577699405942,-0.00073238665432207029,0.0063844213207339242,0.86602540378443871,-0.49999999999999978,0.7818314824680298,0.62348980185873359
2026-06-09 12:00:00,-1,-0.18271986154678885,0.016262433118209376,0.5,0,0.29999999999999999,-0.53333333333333333,0.52481013809111488,40.864006922660558,3.608627376117056,29.775592847528529,0.062817999625289264,0.060038629496396823,0.003405546759365663,0.0049691493770733786,0.0061571814578761201,1.2246467991473532e-16,-1,0.7818314824680298,0.62348980185873359
2026-06-09 16:00:00,-1,-0.39674735765509639,-0.69610935206874847,0.5,0,-0.29999999999999999,-0.53333333333333333,-0.95238603283487944,30.162632117245181,3.7692564676010849,31.336326206711608,0.065598502227668637,-3.7266650946206781,-0.020832850364756794,-0.018753061375331725,0.0075072940145100896,-0.86602540378443837,-0.50000000000000044,0.7818314824680298,0.62348980185873359
2026-06-09 20:00:00,-1,-0.36374788036164035,-0.83467138704884869,0.5,0,-0.14999999999999999,-0.53333333333333333,-0.92116360509597506,31.812605981917983,3.7378255422224305,32.785578611667319,0.063127377439332361,-5.0548278186560367,0.0018045880897652467,-0.015622715515625885,0.0070788481042433548,-0.8660254037844386,0.50000000000000011,0.7818314824680298,0.62348980185873359
2026-06-10 00:00:00,-1,-0.44035755591914127,-0.9487815392540605,1,0,-0.10000000000000001,-0.53333333333333333,-0.99320386629144519,27.982122204042938,3.7693975560911053,34.757197229085676,0.063670607528385936,-7.88794474099479,-0.0097476591588119277,-0.028775921433803475,0.0072380285305906405,0,1,0.97492791218182362,-0.22252093395631434
2026-06-10 04:00:00,-1,-0.50748335833961933,-0.99042344448556019,1,0,-0.10000000000000001,-0.53333333333333333,-0.94338075647194441,24.625832083019034,3.7749116654241575,36.848457914355301,0.066501449830991183,-11.632498177473693,-0.010348884546493409,-0.01829195561554009,0.0074094195330281689,0.8660254037844386,0.50000000000000011,0.97492791218182362,-0.22252093395631434
2026-06-10 08:00:00,-1,-0.51582128285095052,-0.99479136697241288,1,0,-0.29999999999999999,-0.53333333333333333,-0.96548092282600784,24.208935857452474,3.8022042254134707,38.89045915100094,0.0684561684945897,-13.323417002378449,-0.0013878188187987917,-0.021484362524104128,0.0074239967312080346,0.86602540378443871,-0.49999999999999978,0.97492791218182362,-0.22252093395631434
2026-06-10 12:00:00,-1,-0.54741556389777513,-0.99699019715457238,1,0,-0.29999999999999999,-0.53333333333333333,-0.91903137743516317,22.629221805111243,3.8089894952496977,41.049894768722652,0.071100777565041004,-14.653483250284303,-0.0053318580824885942,-0.017068561447780795,0.0074369123082288317,1.2246467991473532e-16,-1,0.97492791218182362,-0.22252093395631434
2026-06-10 16:00:00,-1,-0.58044930835321429,-0.99742476783147671,1,0,-0.29999999999999999,-0.53333333333333333,-0.80407008776059041,20.977534582339288,3.8621315600344501,43.234454026741624,0.071489480708151087,-15.824644733228659,-0.0060079560960293321,-0.012727632997316718,0.0072394126353906253,-0.86602540378443837,-0.50000000000000044,0.97492791218182362,-0.22252093395631434
2026-06-10 20:00:00,-1,-0.63834548129705493,-0.99891899890231517,1,0,-0.14999999999999999,-0.53333333333333333,-0.96335322684352465,18.082725935147252,3.8924705950573513,45.521042626431431,0.079015908316605279,-18.442050844765717,-0.012348774079413261,-0.023688588257931187,0.0072156307506113532,-0.8660254037844386,0.50000000000000011,0.97492791218182362,-0.22252093395631434
2026-06-11 00:00:00,-1,-0.6167832807114354,-0.9987708178481528,1,0,-0.10000000000000001,-0.53333333333333333,-0.89260467218093897,19.16083596442823,3.9002458893215572,47.874264775269609,0.086531037534790994,-18.268425347078377,0.0011144414586610196,-0.017242288716781573,0.0068783468712256433,0,1,0.43388373911755823,-0.90096886790241903
2026-06-11 04:00:00,-1,-0.58322279534231714,-0.9966549784561255,1,0,-0.10000000000000001,-0.53333333333333333,-0.65039166040481045,20.838860232884144,3.9238383227597473,48.600357942380938,0.092004970838356348,-16.169309863209122,0.0016644384035515714,-0.0095698942172006696,0.0069604622723508057,0.8660254037844386,0.50000000000000011,0.43388373911755823,-0.90096886790241903
2026-06-11 08:00:00,-1,-0.57508149056626512,-0.99030246747714168,0.5,0,0.29999999999999999,-0.53333333333333333,0.25316607777876593,21.245925471686746,3.9089547403189902,49.274587311841458,0.095041193167651458,-13.269648738464895,0.000384461397587188,0.003163341259799779,0.0068533767926878472,0.86602540378443871,-0.49999999999999978,0.43388373911755823,-0.90096886790241903
2026-06-11 12:00:00,-1,-0.57916358470894347,-0.9700161320910512,0.5,0,0.29999999999999999,-0.53333333333333333,0.11385910757611425,21.041820764552824,3.8929984437423584,50.043896281905461,0.098124739105791448,-10.265674236831742,-0.00067351697175865866,0.0013753828293801007,0.0068138790618661651,1.2246467991473532e-16,-1,0.43388373911755823,-0.90096886790241903
2026-06-11 16:00:00,-1,-0.58125879057127716,-0.89840103682825534,0.5,0,-0.29999999999999999,-0.53333333333333333,-0.050708147045930983,20.937060471436141,3.901093381278065,50.329315752251176,0.10099441062027714,-7.2397728079187971,-0.00032590011817390518,-0.00061495569234537584,0.0068026430043270159,-0.86602540378443837,-0.50000000000000044,0.43388373911755823,-0.90096886790241903
2026-06-11 20:00:00,-0.33333333333333331,-0.03579726964670172,0.61816491089309333,0.5,0,0.14999999999999999,-0.53333333333333333,0.9775875731412258,48.210136517664914,4.0341577354348921,47.466113995541697,0.097362357069730385,4.0791290653118608,0.031512706678510582,0.030513289588578019,0.0098721612109369389,-0.8660254037844386,0.50000000000000011,0.43388373911755823,-0.90096886790241903
2026-06-12 00:00:00,-0.33333333333333331,-0.042793141533803689,0.96816657596869538,1,0,0.10000000000000001,-0.53333333333333333,0.97904283272229431,47.860342923309815,4.020543094985797,44.280296581173388,0.092657642950398744,11.492757434356065,-0.00061049700389048667,0.030576309556446191,0.0098455451391647048,0,1,-0.43388373911755801,-0.90096886790241915
2026-06-12 04:00:00,-1,-0.094026574127730675,0.99190036251650615,1,0,0.10000000000000001,-0.53333333333333333,0.96443629010570753,45.298671293613467,3.9995075085571719,41.834203324568939,0.087942703684793969,15.020809909214265,-0.0044295278540875671,0.026472681820532529,0.0098647966556405231,0.8660254037844386,0.50000000000000011,-0.43388373911755801,-0.90096886790241915
2026-06-12 08:00:00,-0.33333333333333331,-0.0018761523279552251,0.99806745968600763,0.5,0,0.29999999999999999,-0.53333333333333333,0.15440087987884821,49.906192383602239,4.0014150294078608,39.250375537779114,0.08350780566494298,18.97539369408554,0.0070588976086511934,0.0020188727506731396,0.010052285411620725,0.86602540378443871,-0.49999999999999978,-0.43388373911755801,-0.90096886790241915
2026-06-12 12:00:00,-1,-0.079365404498540779,0.99850414308030599,0.5,0,-0.29999999999999999,-0.53333333333333333,-0.29770091197486459,46.031729775072961,3.9818568767810576,36.808508430667764,0.076963082330320454,19.295117739941958,-0.0065482637673479616,-0.0039188940127843352,0.010072854073605773,1.2246467991473532e-16,-1,-0.43388373911755801,-0.90096886790241915
2026-06-12 16:00:00,-0.33333333333333331,-0.0062629489012965677,0.99901574331761156,0.5,0,0.29999999999999999,-0.53333333333333333,0.44852950612959047,49.686852554935172,3.988818046170727,34.767814130309667,0.070234598109063393,20.560539337881465,0.005692341909833587,0.0062029757511368189,0.01020605971277997,-0.86602540378443837,-0.50000000000000044,-0.43388373911755801,-0.90096886790241915
2026-06-12 20:00:00,-0.33333333333333331,-0.0028700330446162071,0.99928447070645832,0.5,0,-0.14999999999999999,-0.53333333333333333,-0.047539592426154055,49.85649834776919,3.9617290458309182,32.872883708548571,0.060460012405054948,20.849189632646109,0.00026325619604605777,-0.00059266566146831678,0.010153897727097986,-0.8660254037844386,0.50000000000000011,-0.43388373911755801,-0.90096886790241915
2026-06-15 00:00:00,-0.33333333333333331,0.19624900750844232,0.99977906503979752,0.5,0,0.10000000000000001,-0.53333333333333333,0.94881699527788455,59.812450375422117,4.0141222584889258,31.479802519304304,0.06368783862281821,25.225041625907203,0.017799003087047183,0.023754601192926827,0.0099459576814990569,0,1,0,1
2026-06-15 04:00:00,-0.33333333333333331,0.2698096937480281,0.99995305665706036,0.5,0,0.10000000000000001,-0.53333333333333333,0.96709976434540112,63.490484687401405,4.0075288835473364,30.630613822469073,0.06964495963815398,29.319892661027254,0.0082774132580301085,0.026339672541123349,0.010095628847699892,0.8660254037844386,0.50000000000000011,0,1
2026-06-15 08:00:00,-0.33333333333333331,0.281656212838578,0.99997868620291497,0.5,0,0.29999999999999999,-0.53333333333333333,0.9739221120963576,64.082810641928901,3.9937608969872151,29.999998563972415,0.077122218383682578,31.061110123593004,0.0013783154183428792,0.02745473176342017,0.0097855900260454785,0.86602540378443871,-0.49999999999999978,0,1
2026-06-15 12:00:00,-0.33333333333333331,0.31151734403000458,0.99998957199437177,0.5,0,0.29999999999999999,-0.53333333333333333,0.79410057351086627,65.57586720150023,3.95449580255063,29.485942684182813,0.085095662131113983,31.729829935526752,0.0034133577755142142,0.013069086451887202,0.0093952373340349966,1.2246467991473532e-16,-1,0,1
2026-06-15 16:00:00,-0.33333333333333331,0.27373398039429092,0.99998495009202337,0.5,0,0.29999999999999999,-0.53333333333333333,0.2120910290021287,63.686699019714545,3.930609189160073,29.342649649045097,0.090773974445046229,30.046487663053028,-0.0022604497835967408,0.0025312234102603526,0.009414024552100617,-0.86602540378443837,-0.50000000000000044,0,1
2026-06-15 20:00:00,-0.33333333333333331,0.16319158786082,0.99993380962223155,0.5,0,-0.14999999999999999,-0.53333333333333333,-0.46605345571384388,58.159579393041,3.9052342830377946,28.438767633164247,0.093153423827272999,25.615734134492186,-0.0069560350040074326,-0.0058031270120899592,0.0094873305680250215,-0.8660254037844386,0.50000000000000011,0,1
2026-06-16 00:00:00,-0.33333333333333331,0.18865314200437552,0.99983645016685896,1,0,-0.10000000000000001,-0.53333333333333333,-0.55918080652434776,59.432657100218776,3.8539432384044012,27.591886755129398,0.094411154947822054,22.201034170828464,0.002341036641311689,-0.0068754481462924844,0.0093020110860638754,0,1,0.7818314824680298,0.62348980185873359
2026-06-16 04:00:00,-0.33333333333333331,0.19642216477829152,0.99953473948160854,1,0,-0.10000000000000001,-0.53333333333333333,-0.35605062003466748,59.821108238914576,3.8211186698767872,27.051090517496721,0.091772334769261985,19.097198697967688,0.00068967594908464491,-0.0039253224136110987,0.0086528173364820524,0.8660254037844386,0.50000000000000011,0.7818314824680298,0.62348980185873359
2026-06-16 08:00:00,-0.33333333333333331,0.25986266164799515,0.99925140473479646,1,0,0.29999999999999999,-0.53333333333333333,0.68776991701102597,62.993133082399758,3.8035756477824005,26.838130281377783,0.089086656183142141,17.697975765617709,0.0057143078547525761,0.00874502044514891,0.0086614898821329306,0.86602540378443871,-0.49999999999999978,0.7818314824680298,0.62348980185873359
2026-06-16 12:00:00,-0.33333333333333331,0.27829291095701675,0.99896104231890048,1,0,0.29999999999999999,-0.53333333333333333,0.67320723350594869,63.914645547850839,3.7633854034297944,26.776907868419325,0.085441215651905392,16.294223147384422,0.0017100111042580579,0.0081139949080952789,0.0086610653033505989,1.2246467991473532e-16,-1,0.7818314824680298,0.62348980185873359
2026-06-16 16:00:00,-0.33333333333333331,0.21646976842898069,0.99633889681827725,1,0,0.29999999999999999,-0.53333333333333333,0.39786663966699576,60.823488421449035,3.761321223915663,26.018933340722636,0.079178140482954976,13.549448132465493,-0.003243231166111471,0.004181087792899163,0.0087610176066068319,-0.86602540378443837,-0.50000000000000044,0.7818314824680298,0.62348980185873359
2026-06-16 20:00:00,-0.33333333333333331,0.17699261288859419,0.98719725468413111,0.5,0,-0.14999999999999999,-0.53333333333333333,-0.36431159640078714,58.849630644429709,3.7189369246416031,25.315099850718568,0.069782987763708476,10.397514640331512,-0.002094130513700776,-0.003627350575554189,0.0087983902639182585,-0.8660254037844386,0.50000000000000011,0.7818314824680298,0.62348980185873359
2026-06-17 00:00:00,-0.33333333333333331,0.097557860438425403,0.96803484379428739,0.5,0,-0.10000000000000001,-0.53333333333333333,-0.4149592078773171,59.755786043842541,3.6698188664484892,24.661540181429078,0.056693641818572421,8.084711346361793,0.0013496944472350947,-0.0039876672325771523,0.008773305123149536,0,1,0.97492791218182362,-0.22252093395631434
2026-06-17 04:00:00,-0.33333333333333331,0.072693928301838046,0.88087009133193916,0.5,0,-0.10000000000000001,-0.53333333333333333,-0.34511974110340765,57.269392830183804,3.6567110486966636,23.680939941040151,0.054624759237532836,5.3438523689964121,-0.0024723660613084064,-0.0032168021277740877,0.0057366095117886585,0.8660254037844386,0.50000000000000011,0.97492791218182362,-0.22252093395631434
2026-06-17 08:00:00,-0.33333333333333331,0.068720181679206155,0.67442304269035769,0.5,0,-0.29999999999999999,-0.53333333333333333,-0.1739173782348406,56.872018167920615,3.6153647999692198,22.767117542171359,0.051702703409790114,3.043108699156349,-0.00038606513421335364,-0.0015087367482866654,0.0057327834068089676,0.86602540378443871,-0.49999999999999978,0.97492791218182362,-0.22252093395631434
2026-06-17 12:00:00,-0.33333333333333331,0.084826437519421274,0.46411688403943108,0.5,0,-0.29999999999999999,-0.53333333333333333,-0.10368217960139273,58.482643751942128,3.5738567661979381,21.961585307812282,0.046366102711748521,1.7917683461860712,0.0020026824612333627,-0.00085574873428839737,0.0055686835806966466,1.2246467991473532e-16,-1,0.97492791218182362,-0.22252093395631434
2026-06-17 16:00:00,0.33333333333333331,0.12931080313268267,0.57317904356308924,0.5,0,0.29999999999999999,-0.53333333333333333,0.72087529110454374,62.931080313268268,3.58745933723094,22.098276880850889,0.043502958669812263,2.357351006118229,0.005951980833312831,0.0075685981603328401,0.005517745756457075,-0.86602540378443837,-0.50000000000000044,0.97492791218182362,-0.22252093395631434
2026-06-17 20:00:00,-1,-0.066699457003582055,-0.71916193919462024,0.5,0,-0.14999999999999999,-0.53333333333333333,-0.90127110512368858,43.330054299641795,3.811567495554812,21.815713138927279,0.037106173310875866,-4.0966262738602808,-0.023539563792882134,-0.015584900498335941,0.0077142754430947081,-0.8660254037844386,0.50000000000000011,0.97492791218182362,-0.22252093395631434
2026-06-18 00:00:00,-0.33333333333333331,0.014569373318608712,-0.78454862593341479,0.5,0,-0.10000000000000001,-0.53333333333333333,-0.49135280377844964,51.456937331860871,3.8362620943624091,21.553332521426785,0.030332592576840109,-4.8998249322139955,0.011818155942798114,-0.0057694270167711892,0.0080344823828707966,0,1,0.43388373911755823,-0.90096886790241903
2026-06-18 04:00:00,0.33333333333333331,0.025088580015667786,-0.79721700467620948,0.5,-0.5,-0.10000000000000001,-0.53333333333333333,-0.75059755813485474,52.508858001566779,3.7996931586484517,20.873777357312452,0.020736577871226701,-4.8750862343950132,0.0016835840655158307,-0.010037823784568189,0.008033087191152569,0.8660254037844386,0.50000000000000011,0.43388373911755823,-0.90096886790241903
2026-06-18 08:00:00,-1,-0.046362515482470668,-0.93914489915554689,0.5,0,0.29999999999999999,-0.53333333333333333,0.19184394875072172,45.363748451752933,3.8224063397475767,21.098493943618312,0.023073678141485397,-7.9119797436819006,-0.011418415696825335,0.0020833243114886102,0.0074857424089000441,0.86602540378443871,-0.49999999999999978,0.43388373911755823,-0.90096886790241903
2026-06-18 12:00:00,-1,-0.072085311500069971,-0.98428567042406478,0.5,0,-0.29999999999999999,-0.53333333333333333,-0.88079820359604566,42.791468849993002,3.8029620577223868,21.760393484924531,0.027986528000699454,-10.846282544129954,-0.0047218544745089019,-0.014456686105818406,0.0072626301189965053,1.2246467991473532e-16,-1,0.43388373911755823,-0.90096886790241903
2026-06-18 16:00:00,-1,-0.10493569580733933,-0.99539773205004989,0.5,0,-0.29999999999999999,-0.53333333333333333,-0.96996977132605011,39.506430419266067,3.8312145544685832,22.791163531553661,0.034573126939786598,-14.00169601834404,-0.0064657714198084193,-0.022606041591142656,0.0073415382404647027,-0.86602540378443837,-0.50000000000000044,0.43388373911755823,-0.90096886790241903
2026-06-18 20:00:00,-1,-0.11699077585927647,-0.99835415478591349,0.5,0,-0.14999999999999999,-0.53333333333333333,-0.85739555147568736,38.300922414072353,3.809010096891531,23.939359765157104,0.039963842201002187,-16.016663291669971,-0.0024726056572799138,-0.013660231551597235,0.0072582894953941253,-0.8660254037844386,0.50000000000000011,0.43388373911755823,-0.90096886790241903
2026-06-19 00:00:00,-1,-0.2768993694834968,-0.99936417508642195,0.5,0,-0.10000000000000001,-0.53333333333333333,-0.85836039056111013,36.155031525825159,3.7838080083023722,25.258029987793606,0.046032698345212779,-17.710756226939814,-0.0044814293633521629,-0.013419806440440496,0.0072852464184453083,0,1,-0.43388373911755801,-0.90096886790241915
2026-06-19 04:00:00,-1,-0.40091648412535136,-0.99986450348029221,0.5,0,-0.10000000000000001,-0.53333333333333333,-0.96721657838823116,29.954175793732432,3.8247857615739393,27.210803489407713,0.058213971850372685,-21.994215916160847,-0.015529916852786485,-0.022483951873418562,0.0078389631125598217,0.8660254037844386,0.50000000000000011,-0.43388373911755801,-0.90096886790241915
2026-06-19 08:00:00,-1,-0.24541481490310929,-0.99972398395527684,0.5,0,-0.29999999999999999,-0.53333333333333333,-0.69230046285034819,37.729259254844536,3.8421043527683962,29.059523987933527,0.063038914572309396,-20.71961764200519,0.01052475051905688,-0.0094865956970817678,0.0082880080937296156,0.86602540378443871,-0.49999999999999978,-0.43388373911755801,-0.90096886790241915
2026-06-19 12:00:00,-1,-0.21338180433158627,-0.99924738909753941,0.5,0,-0.29999999999999999,-0.53333333333333333,-0.24020790154490088,39.330909783420687,3.8295498129253907,30.716590552744705,0.066071938401507629,-18.151367408270346,0.0023095085791595693,-0.0026956577545700355,0.0083211478178109363,1.2246467991473532e-16,-1,-0.43388373911755801,-0.90096886790241915
2026-06-19 16:00:00,-1,-0.26264163851290662,-0.99881232929032826,0.5,0,0.29999999999999999,-0.53333333333333333,0.57682181086967055,36.867918074354669,3.8215565441830224,32.134951691926155,0.068836961744059955,-16.964505434555441,-0.0055792400759528959,0.0072550190222635536,0.0081742797334967629,-0.86602540378443837,-0.50000000000000044,-0.43388373911755801,-0.90096886790241915
2026-06-19 20:00:00,-1,-0.26249515781649052,-0.99843811061730925,0.5,0,-0.14999999999999999,-0.53333333333333333,-0.30928739826084911,36.875242109175474,3.7480546752737021,33.452001321166073,0.069946096684589454,-15.180709196376739,9.6254728507716436e-06,-0.003260106023942555,0.0081396643146872533,-0.8660254037844386,0.50000000000000011,-0.43388373911755801,-0.90096886790241915
2026-06-22 00:00:00,-1,-0.10715832105922118,-0.98089442699096907,0.5,0,0.10000000000000001,-0.53333333333333333,0.4566647491263488,44.642083947038941,3.7848384269657611,32.957299665232824,0.068598274092431244,-10.217539013020925,0.01075135053488907,0.005181735931786946,0.0086436476828394924,0,1,0,1
2026-06-22 04:00:00,-1,-0.15454267502395852,-0.93590074932069112,0.5,0,0.10000000000000001,-0.53333333333333333,0.52538163077912192,42.272866248802075,3.7948489040341795,31.858994424180214,0.067785311447514415,-7.5777136508189287,-0.0045334454462473417,0.0062275305614925003,0.0086675993461068426,0.8660254037844386,0.50000000000000011,0,1
2026-06-22 08:00:00,-1,-0.10241260562566254,-0.75843741412878396,1,0,0.29999999999999999,-0.53333333333333333,0.74483435445485002,44.879369718716873,3.768580972168166,30.839139557488505,0.065311524136782984,-4.2994793894644943,0.0037522958783107185,0.0099702009669524472,0.0087293959318899324,0.86602540378443871,-0.49999999999999978,0,1
2026-06-22 12:00:00,-1,-0.1134096962609604,-0.45248050300936282,0.5,0,-0.29999999999999999,-0.53333333333333333,-0.17238902418794774,44.32951518695198,3.73446920076172,29.636168324984393,0.062899746642019569,-2.0422763790603966,-0.00095583273769683785,-0.001736982305633461,0.0087283701886668886,1.2246467991473532e-16,-1,0,1
2026-06-22 16:00:00,-1,-0.12267599748881651,-0.11614585856749969,0.5,0,0.29999999999999999,-0.53333333333333333,0.20060687300008567,43.866200125559175,3.7328200640689273,29.056868333224333,0.059917061924312426,-0.48765339571485455,-0.00076580185698027492,0.0020306612836336058,0.0087260856623595662,-0.86602540378443837,-0.50000000000000044,0,1
2026-06-22 20:00:00,-1,-0.11687995846172186,0.20818440571919261,0.5,0,-0.14999999999999999,-0.53333333333333333,-0.14245064696914042,44.156002076913907,3.6893945955036145,28.518946912304276,0.055211705587585376,0.84552643626453161,0.00035315284726600282,-0.00136848174741111,0.0086981618744109094,-0.8660254037844386,0.50000000000000011,0,1
2026-06-23 00:00:00,-1,-0.10908869809599508,0.47694171521219431,0.5,0,0.10000000000000001,-0.53333333333333333,0.0036458989505261663,44.545565095200246,3.6480350310141323,27.956538894380227,0.045681632609563441,1.9929842643744351,0.00044603512490937192,3.3386115195099819e-05,0.0085298838908435572,0,1,0.7818314824680298,0.62348980185873359
2026-06-23 04:00:00,-1,-0.31570859961142927,-0.43785969767958838,0.5,0,-0.10000000000000001,-0.53333333333333333,-0.93828105411668128,34.214570019428535,3.7296765405159542,28.770533506427128,0.047888459716494233,-1.9565335550940013,-0.018085842537811203,-0.017286654565635828,0.007864268945318038,0.8660254037844386,0.50000000000000011,0.7818314824680298,0.62348980185873359
2026-06-23 08:00:00,-1,-0.34437966925426367,-0.825413329924921,0.5,0,-0.29999999999999999,-0.53333333333333333,-0.96783170104206584,32.781016537286817,3.7383890447016555,29.902070280243858,0.045717474616859141,-4.9325422228385065,-0.0032006331300049595,-0.020840440542906791,0.0071975127533500521,0.86602540378443871,-0.49999999999999978,0.7818314824680298,0.62348980185873359
2026-06-23 12:00:00,-1,-0.30704877417412857,-0.88530192159067411,0.5,0,-0.29999999999999999,-0.53333333333333333,-0.95984909908557181,34.64756129129357,3.7171596101026552,30.952782998787967,0.039412814027938017,-5.7596830653863513,0.0020271222666981004,-0.019259353401118062,0.0072082209274253479,1.2246467991473532e-16,-1,0.7818314824680298,0.62348980185873359
2026-06-23 16:00:00,-1,-0.21558232807773733,-0.78800857419552273,-1,0,0.29999999999999999,-0.53333333333333333,0.37382011241481716,39.220883596113133,3.714991954904181,31.444551186711681,0.035609570557744455,-4.3774505190498942,0.0050825537644989538,0.0039090429011920946,0.0070647910803007096,-0.86602540378443837,-0.50000000000000044,0.7818314824680298,0.62348980185873359
2026-06-23 20:00:00,-1,-0.27875423355417156,-0.81049502001121854,-1,0,0.14999999999999999,-0.53333333333333333,0.12126678813792326,36.062288322291423,3.700167888513088,31.901193075497986,0.034160446797939732,-4.565123878362968,-0.0059094543452093973,0.0012002216859876569,0.0070975318024836418,-0.8660254037844386,0.50000000000000011,0.7818314824680298,0.62348980185873359
2026-06-24 00:00:00,-1,-0.31054211035730989,-0.84717011738524572,-1,0,-0.10000000000000001,-0.53333333333333333,-0.38711743169899732,34.472894482134507,3.6897241729224226,32.815329648555583,0.035080223568014247,-4.9883813126863643,-0.0031557952042842174,-0.0039826957849946609,0.0070171244255887982,0,1,0.97492791218182362,-0.22252093395631434
2026-06-24 04:00:00,-1,-0.38392730961001631,-0.92971523183283744,-1,0,-0.10000000000000001,-0.53333333333333333,-0.9362853820443553,30.803634519499184,3.7110068269462904,34.1377922725991,0.038786450323674553,-6.7733762246754168,-0.00796408871224763,-0.017029338261741245,0.0071642877121802463,0.8660254037844386,0.50000000000000011,0.97492791218182362,-0.22252093395631434
2026-06-24 08:00:00,-1,-0.32971253563238861,-0.92139436032116551,-1,0,-0.29999999999999999,-0.53333333333333333,-0.68283911169936062,33.51437321838057,3.7041453342820807,35.365793280639508,0.041132603237573367,-6.4910652612395126,0.0028400385640789949,-0.0082798453524528526,0.0072040610314257339,0.86602540378443871,-0.49999999999999978,0.97492791218182362,-0.22252093395631434
2026-06-24 12:00:00,-1,-0.49291631214478004,-0.9878486617615162,-1,0,-0.29999999999999999,-0.53333333333333333,-0.98567969378442399,25.354184392760999,3.7899347217267576,37.373608037936783,0.053101221339111188,-11.278823747733043,-0.021873093509409358,-0.026997143657577993,0.0079598226094069226,1.2246467991473532e-16,-1,0.97492791218182362,-0.22252093395631434
2026-06-24 16:00:00,-1,-0.41476019258255886,-0.98915486458111435,-1,0,-0.29999999999999999,-0.53333333333333333,-0.84677066087753095,29.261990370872056,3.8424671919305617,39.445230200462703,0.059783354616346651,-12.153902644010714,0.0046482040034945271,-0.014384850941835836,0.007584569662026799,-0.86602540378443837,-0.50000000000000044,0.97492791218182362,-0.22252093395631434
2026-06-24 20:00:00,-1,-0.42734079141632947,-0.98861676013777933,-1,0,-0.14999999999999999,-0.53333333333333333,-0.92645024002396781,28.632960429183527,3.8515982885035505,41.417877667010245,0.065181771452828358,-12.150787569764539,-0.0018086801569108246,-0.019033569662825656,0.0075172993311760222,-0.8660254037844386,0.50000000000000011,0.97492791218182362,-0.22252093395631434
2026-06-25 00:00:00,-1,-0.44165896065204518,-0.98646506390261834,-1,0,0.10000000000000001,-0.53333333333333333,0.071151836340026309,27.91705196739774,3.8412126867476819,42.917686634315416,0.070572314187135651,-11.619484500632964,-0.0020073643447791056,0.00083215950180459686,0.0074750035975121856,0,1,0.43388373911755823,-0.90096886790241903
2026-06-25 04:00:00,-1,-0.41818526626378627,-0.97282653758906523,-1,0,-0.10000000000000001,-0.53333333333333333,-0.21921695483821901,29.090736686810686,3.836383219683563,44.472029101479826,0.07440462642701029,-9.9320533118330445,0.0012344304971989573,-0.002581614004490973,0.0074974685599651369,0.8660254037844386,0.50000000000000011,0.43388373911755823,-0.90096886790241903
2026-06-25 08:00:00,-1,-0.4325947440118989,-0.95141613690379134,-1,0,-0.29999999999999999,-0.53333333333333333,-0.22228668118406553,28.370262799405054,3.8122777698019883,45.915347106703926,0.075576456169895986,-8.3560833905474681,-0.0017882909310138473,-0.0025612247785939957,0.0068775447723228127,0.86602540378443871,-0.49999999999999978,0.43388373911755823,-0.90096886790241903
2026-06-25 12:00:00,-1,-0.31626074261463089,-0.79778845554530375,-1,0,0.29999999999999999,-0.53333333333333333,0.44111260580696959,34.186962869268456,3.8130928484550983,46.42870181883584,0.075246311832753751,-4.9479609299238945,0.0059136866586211312,0.0053598262248062412,0.0071142881761502262,1.2246467991473532e-16,-1,0.43388373911755823,-0.90096886790241903
2026-06-25 16:00:00,-1,-0.24207145621670179,-0.22511099888913969,-1,0,0.29999999999999999,-0.53333333333333333,0.61779500130778842,37.89642718916491,3.8132816151513262,45.824954823605182,0.072231407286767801,-1.0374952381812648,0.00401909609080775,0.0081444918184150339,0.0071260026393616385,-0.86602540378443837,-0.50000000000000044,0.43388373911755823,-0.90096886790241903
2026-06-25 20:00:00,-1,-0.24887091295166486,0.3903476682574431,-1,0,0.14999999999999999,-0.53333333333333333,0.69453236276904318,37.556454352416758,3.7766532414545679,45.256743049629691,0.06848394537973361,1.8001070299392978,-0.00059835862832002817,0.009334424121108853,0.0071293325241519219,-0.8660254037844386,0.50000000000000011,0.43388373911755823,-0.90096886790241903
2026-06-26 00:00:00,-1,-0.26677161863602961,0.68811525691429731,-1,0,0.10000000000000001,-0.53333333333333333,0.17884541647954175,36.661419068198519,3.746432787513462,44.936877107144099,0.06393161872462122,3.577555678247208,-0.0015136322974598215,0.0019071051650279003,0.0071243143933614394,0,1,-0.43388373911755801,-0.90096886790241915
2026-06-26 04:00:00,-1,-0.2923588519395372,0.77704733975497908,-1,0,-0.10000000000000001,-0.53333333333333333,-0.38006022521800753,35.38205740302314,3.7538738695833578,45.139667289582128,0.057900062647919769,4.4302838250444339,-0.0021364017986122974,-0.0042483927243921471,0.0071015150758655865,0.8660254037844386,0.50000000000000011,-0.43388373911755801,-0.90096886790241915
2026-06-26 08:00:00,-1,-0.19138379312547557,0.9101049376340794,-1,0,0.29999999999999999,-0.53333333333333333,0.11074932371176577,40.430810343726222,3.7396737204727146,44.86948031366201,0.048780258346953063,6.4310434952220348,0.0048116646792841777,0.0011616305832120588,0.0072523455501127491,0.86602540378443871,-0.49999999999999978,-0.43388373911755801,-0.90096886790241915
2026-06-26 12:00:00,-0.33333333333333331,-0.063512661833913034,0.98053905345785264,0.5,0,0.29999999999999999,-0.53333333333333333,0.73000957956930801,46.824366908304349,3.7224961302974178,43.688072360752855,0.046119904773408604,9.5615129158739975,0.0068356514708245442,0.0095109143514964245,0.0064328943562731262,1.2246467991473532e-16,-1,-0.43388373911755801,-0.90096886790241915
2026-06-26 16:00:00,-0.33333333333333331,0.042299863561291604,0.99605466414747146,0.5,0,0.29999999999999999,-0.53333333333333333,0.94025337450741009,52.11499317806458,3.7423149564295795,41.358587281184256,0.045008236630763719,13.136307970233517,0.0064906509139959212,0.018137967064104643,0.00659961435280456,-0.86602540378443837,-0.50000000000000044,-0.43388373911755801,-0.90096886790241915
2026-06-26 20:00:00,-0.33333333333333331,0.022404767590909813,0.9985503787450094,0.5,0,0.14999999999999999,-0.53333333333333333,0.83523413725455753,51.120238379545491,3.7108720047335408,39.195493993013415,0.042980129610074073,14.779235115873455,-0.0011756523774781868,0.012150650007342279,0.0065804707968923591,-0.8660254037844386,0.50000000000000011,-0.43388373911755801,-0.90096886790241915
2026-06-29 00:00:00,-0.33333333333333331,-0.022431896907051937,0.9985554349687904,1,0,0.10000000000000001,-0.53333333333333333,0.26210679992094665,48.878405154647403,3.7059872914265748,37.624145649032599,0.038061778538741285,14.71433266752264,-0.0026281675510411162,0.0026868309854766181,0.006467085139012182,0,1,0,1
2026-06-29 04:00:00,-1,-0.093170898402833588,0.99730575894401552,1,0,-0.10000000000000001,-0.53333333333333333,-0.68431620388031089,45.341455079858321,3.680257764499514,36.165036472478981,0.034532911293348685,13.103413775404547,-0.0043562001816077611,-0.0081600201101270642,0.0064114355271225262,0.8660254037844386,0.50000000000000011,0,1
2026-06-29 08:00:00,-1,-0.11237005670856207,0.99428441966072567,1,0.5,-0.29999999999999999,-0.53333333333333333,-0.69411266040070585,44.381497164571897,3.661519255450127,35.094001580923063,0.031652884499511799,11.393653170937988,-0.0012124700682925038,-0.0081968378009413811,0.0063871076233237472,0.86602540378443871,-0.49999999999999978,0,1
2026-06-29 12:00:00,-1,-0.127482781370298,0.98781233262267143,1,0.5,-0.29999999999999999,-0.53333333333333333,-0.59611668203709023,43.6258609314851,3.6459823255615973,34.484025076431848,0.030903147843492667,9.7609053752146551,-0.00092206573964226379,-0.0064907359895425287,0.0061502741323042247,1.2246467991473532e-16,-1,0,1
2026-06-29 16:00:00,-1,-0.20319573382771111,0.95137535614769375,1,-0.5,-0.29999999999999999,-0.53333333333333333,-0.61241300779761287,39.840213308614445,3.6697242431170922,34.485226801727251,0.02915592994464819,7.2442164201313233,-0.0047920939257100059,-0.0069266297336447735,0.0061843952939890923,-0.86602540378443837,-0.50000000000000044,0,1
2026-06-29 20:00:00,-1,-0.23154186267023974,0.86493364633982495,1,-0.5,-0.14999999999999999,-0.53333333333333333,-0.66402920587783709,38.422906866488013,3.6470973332722454,34.486342689501548,0.027833235096924386,5.0355748968946301,-0.0018978901314135044,-0.0076120497967657741,0.0036820601775690654,-0.8660254037844386,0.50000000000000011,0,1
2026-06-30 00:00:00,-1,-0.33082976827928545,0.41882592715188033,1,-0.5,-0.10000000000000001,-0.53333333333333333,-0.89795902891733226,33.458511586035726,3.6548995772501391,35.031227320222648,0.028943728668461625,1.7254318896590704,-0.0073844597887653407,-0.014074443845888851,0.0039191940312885741,0,1,0.7818314824680298,0.62348980185873359
2026-06-30 04:00:00,-1,-0.33577148602242746,-0.080155346105475894,1,-0.5,-0.10000000000000001,-0.53333333333333333,-0.74928769814775331,33.211425698878628,3.6864788906859487,36.190922617679213,0.029792455113600951,-0.32054029324159927,-0.00039637741669373838,-0.0096787273368725835,0.0039022394501786288,0.8660254037844386,0.50000000000000011,0.7818314824680298,0.62348980185873359
2026-06-30 08:00:00,-1,-0.15961382352646736,0.1341951083151951,1,-0.5,-0.29999999999999999,-0.53333333333333333,-0.02287170149759413,42.019308823676631,3.7263871695409123,35.635017313346154,0.028760618532630542,0.56067812714509913,0.0075442813578785461,-0.00023655584758053294,0.00423639671345838,0.86602540378443871,-0.49999999999999978,0.7818314824680298,0.62348980185873359
2026-06-30 12:00:00,-1,-0.18171677938637615,0.22656984047427253,0.5,-0.5,0.29999999999999999,-0.53333333333333333,0.50993652161465675,40.914161030681193,3.7044968717388342,35.118819530751175,0.028135666270369262,0.9367995996291647,-0.0014304870580339468,0.0057174168831508609,0.0042474329889600673,1.2246467991473532e-16,-1,0.7818314824680298,0.62348980185873359
2026-06-30 16:00:00,-1,-0.093744145836736126,0.51705227180556523,0.5,-0.5,0.29999999999999999,-0.53333333333333333,0.75273445545830098,45.312792708163194,3.728194262350077,33.687788886510383,0.026583800267075023,2.3810253361819704,0.0040568511798451112,0.010170645479689711,0.0043063460888414307,-0.86602540378443837,-0.50000000000000044,0.7818314824680298,0.62348980185873359
2026-06-30 20:00:00,-1,-0.16974029779551641,0.49171707952009786,0.5,-0.5,-0.14999999999999999,-0.53333333333333333,-0.19570742536621535,41.512985110224179,3.7038224089294554,32.433808781157765,0.026794289040498107,2.1857079510066519,-0.004633112953341012,-0.0020067488315298476,0.004248914439232079,-0.8660254037844386,0.50000000000000011,0.7818314824680298,0.62348980185873359
2026-07-01 00:00:00,-1,-0.21174043206217077,0.3523646627899763,-1,-0.5,-0.10000000000000001,-0.53333333333333333,-0.32414699080814963,39.412978396891461,3.676840639401755,31.61222355939239,0.027849373517407093,1.4549426648240278,-0.0027436641856688482,-0.003319925959164749,0.0041751639858829967,0,1,0.97492791218182362,-0.22252093395631434
2026-07-01 04:00:00,-1,-0.28192698230412444,-0.034222951232571616,-1,0,-0.10000000000000001,-0.53333333333333333,-0.85365636975392167,35.903650884793777,3.6591146817811495,31.389451476868569,0.030138181436892963,-0.13292920565442046,-0.0049415518668087799,-0.01231832900581864,0.0042969725387255386,0.8660254037844386,0.50000000000000011,0.97492791218182362,-0.22252093395631434
2026-07-01 08:00:00,-1,-0.28946651014421293,-0.27215905652008598,-1,0,-0.29999999999999999,-0.53333333333333333,-0.70058991482377175,35.526674492789354,3.6332919806289103,31.413640365360965,0.03223023079325231,-1.0563915683371761,-0.00054833526289144174,-0.0082335513153690698,0.0042918397464752501,0.86602540378443871,-0.49999999999999978,0.97492791218182362,-0.22252093395631434
2026-07-01 12:00:00,-0.33333333333333331,-0.030712715998887176,0.40771291012443361,-1,0,0.29999999999999999,-0.53333333333333333,0.58448396781787437,48.464364200055641,3.6795020946594961,29.639297312145359,0.032091420168069797,1.7152996656839612,0.01210383939443993,0.0066139522647397087,0.0051201174281580754,1.2246467991473532e-16,-1,0.97492791218182362,-0.22252093395631434
2026-07-01 16:00:00,-0.33333333333333331,0.15253973594178702,0.90653621330709766,0.5,0,0.29999999999999999,-0.53333333333333333,0.97291358973646447,57.626986797089351,3.7874579314510766,28.908538123139273,0.033573392021205101,6.6557499676148311,0.011966455264452946,0.023521959396001435,0.0056828065008685388,-0.86602540378443837,-0.50000000000000044,0.97492791218182362,-0.22252093395631434
2026-07-01 20:00:00,-0.33333333333333331,-0.0053111401938046752,0.91998679999601385,0.5,0,0.14999999999999999,-0.53333333333333333,0.85688327389501218,49.734442990309766,3.7895688485789587,28.229976019062196,0.032839754142858814,7.0290495841056249,-0.0099079140154305634,0.014162380643462313,0.0059278550910406716,-0.8660254037844386,0.50000000000000011,0.97492791218182362,-0.22252093395631434
2026-07-02 00:00:00,-0.33333333333333331,0.06447210829463515,0.96110243693729847,1,0.5,0.10000000000000001,-0.53333333333333333,0.58514058516765233,53.223605414731757,3.7531699556466132,27.599882636704908,0.030593851322629664,8.3612976239369843,0.0050229975309630248,0.0070815387799854079,0.00584737852333027,0,1,0.43388373911755823,-0.90096886790241903
2026-07-02 04:00:00,-0.33333333333333331,0.095256924968913803,0.97859360820201613,1,0.5,-0.10000000000000001,-0.53333333333333333,-0.2472969700297093,54.76284624844569,3.7370726978447109,27.450890918868495,0.029084737455791421,9.4998768634909023,0.0022780007829403814,-0.0026069157015271571,0.0058746281801945474,0.8660254037844386,0.50000000000000011,0.43388373911755823,-0.90096886790241903
2026-07-02 08:00:00,-0.33333333333333331,0.14518714628952892,0.98995258228687433,1,0.5,0.29999999999999999,-0.53333333333333333,0.7984517694840968,57.259357314476446,3.7113992875361066,27.428503289400009,0.029605717471340012,10.817997711137973,0.0037434677511622994,0.011044466065065706,0.0059110196067503175,0.86602540378443871,-0.49999999999999978,0.43388373911755823,-0.90096886790241903
2026-07-02 12:00:00,-0.33333333333333331,0.26417845713218385,0.9963158977494373,1,0,0.29999999999999999,-0.53333333333333333,0.90519973112321206,63.208922856609192,3.7826351242337664,28.419319414116412,0.035470065674713322,13.827558251135164,0.010115396886515526,0.016136865420618207,0.0062175231107265121,1.2246467991473532e-16,-1,0.43388373911755823,-0.90096886790241903
2026-07-02 16:00:00,-0.33333333333333331,0.26619590751891692,0.99794484831601848,1,0,0.29999999999999999,-0.53333333333333333,0.86357000968105624,63.309795375945846,3.7826649514362631,29.391279162618311,0.040410062008853172,15.111895918710859,0.00018456188460902467,0.01404342652228685,0.0062015384640928973,-0.86602540378443837,-0.50000000000000044,0.43388373911755823,-0.90096886790241903
2026-07-02 20:00:00,-0.33333333333333331,0.28091869585283208,0.99868101645716112,1,0,0.14999999999999999,-0.53333333333333333,0.80803934865394889,64.045934792641603,3.7455610960110177,30.293813214798647,0.045055230666832903,15.500944806368548,0.0012788547864808208,0.011578813557605372,0.0061875597927777666,-0.8660254037844386,0.50000000000000011,0.43388373911755823,-0.90096886790241903
2026-07-03 00:00:00,-0.33333333333333331,0.34426052782809391,0.9992826051422945,1,0,0.10000000000000001,-0.53333333333333333,0.6131024373291194,67.213026391404696,3.724480631579195,31.489659590909366,0.050997513638831149,16.440344728328792,0.005697318381216121,0.0071607350523059665,0.0061166163771153382,0,1,-0.43388373911755801,-0.90096886790241915
2026-07-03 04:00:00,-0.33333333333333331,0.41889924134526496,0.99965141546965242,1,0,0.10000000000000001,-0.53333333333333333,0.89496009141230304,70.944962067263248,3.737424849130055,33.159922007759526,0.058556720902760095,18.170217565388427,0.0076627438952776572,0.014638917062974599,0.0062095296620868021,0.8660254037844386,0.50000000000000011,-0.43388373911755801,-0.90096886790241915
2026-07-03 08:00:00,-0.33333333333333331,0.42324310003747373,0.99974830347764898,1,0,0.29999999999999999,-0.53333333333333333,0.88639092091191707,71.162155001873685,3.7104773394124764,34.710879966263249,0.063094112396812396,18.352746263038931,0.00046890513903719011,0.013828967415530968,0.0058221869826504923,0.86602540378443871,-0.49999999999999978,-0.43388373911755801,-0.90096886790241915
2026-07-03 12:00:00,0.33333333333333331,0.40063467635873962,0.99967756838780586,1,0,0.29999999999999999,-0.53333333333333333,0.64256455937922918,70.031733817936981,3.6699752111577193,36.151055213445275,0.065507217658689193,17.138145514202066,-0.00094042431311258667,0.0071912247212022606,0.0058370742477151316,1.2246467991473532e-16,-1,-0.43388373911755801,-0.90096886790241915
2026-07-03 16:00:00,0.33333333333333331,0.38872592851685683,0.99930302620663902,1,0,-0.29999999999999999,-0.53333333333333333,-0.1028378597898556,69.436296425842841,3.6422409619741907,36.917941934841309,0.068036883692181194,15.197543794254134,-0.00047174160929230879,-0.00094326078336770536,0.0057358917449071645,-0.86602540378443837,-0.50000000000000044,-0.43388373911755801,-0.90096886790241915
