dt,ema_stack,rsi_momentum,macd_hist,market_structure,bb_squeeze,session_filter,mtf_daily_trend,candle_momentum,rsi14,log_atr14,adx14,bb_bandwidth,macd_hist_raw,ret1,ret3,rv20,hour_sin,hour_cos,dow_sin,dow_cos
2026-07-17 09:00:00,,,,,,,-0.5333333333333333,,,,,,0.0,,,,0.7071067811865476,-0.7071067811865475,-0.433883739117558,-0.9009688679024191
2026-07-17 10:00:00,,,,,,,-0.5333333333333333,,,,,,-0.4243874643874733,-0.0016640583582727686,,,0.49999999999999994,-0.8660254037844387,-0.433883739117558,-0.9009688679024191
2026-07-17 11:00:00,,,,,,,-0.5333333333333333,,,,,,-0.593142458259099,0.0002904712917093377,,,0.258819045102521,-0.9659258262890682,-0.433883739117558,-0.9009688679024191
2026-07-17 12:00:00,,,,,,-0.3,-0.5333333333333333,,,,,,-0.42044232572881446,0.0009609586301095874,-0.0004126284364538435,,1.2246467991473532e-16,-1.0,-0.433883739117558,-0.9009688679024191
2026-07-17 13:00:00,,,,,,-0.3,-0.5333333333333333,,,,,,-0.7310504574983614,-0.001742418045260763,-0.0004909881234418378,,-0.2588190451025208,-0.9659258262890683,-0.433883739117558,-0.9009688679024191
2026-07-17 14:00:00,,,,,,-0.3,-0.5333333333333333,,,,,,-0.6903759344403899,0.00075391834452887,-2.7541070622305597e-05,,-0.4999999999999997,-0.8660254037844388,-0.433883739117558,-0.9009688679024191
2026-07-17 15:00:00,,,,,,-0.3,-0.5333333333333333,,,,,,-2.389285247321408,-0.0069570785124337675,-0.00794557821316566,,-0.7071067811865471,-0.7071067811865479,-0.433883739117558,-0.9009688679024191
2026-07-17 16:00:00,,,,,,0.3,-0.5333333333333333,,,,,,-1.3430352563613588,0.0077679705380457875,0.00156481037014089,,-0.8660254037844384,-0.5000000000000004,-0.433883739117558,-0.9009688679024191
2026-07-17 17:00:00,,,,,,0.15,-0.5333333333333333,,,,,,-0.3561400368641878,0.0009627058527144072,0.0017735978783264272,,-0.9659258262890683,-0.25881904510252063,-0.433883739117558,-0.9009688679024191
2026-07-17 18:00:00,,,,,,0.15,-0.5333333333333333,,,,,,1.4526696848230147,0.00451607637651108,0.013246752767271275,,-1.0,-1.8369701987210297e-16,-0.433883739117558,-0.9009688679024191
2026-07-17 19:00:00,,,,0.0,,0.15,-0.5333333333333333,,,,,,2.26686104712324,-0.0009982140018731656,0.004480568227352322,,-0.9659258262890684,0.2588190451025203,-0.433883739117558,-0.9009688679024191
2026-07-17 20:00:00,,,,0.0,,0.15,-0.5333333333333333,,,,,,2.3491702186278283,-0.0012360786982110739,0.0022817836764268407,,-0.8660254037844386,0.5000000000000001,-0.433883739117558,-0.9009688679024191
2026-07-17 21:00:00,,,,0.0,,-0.15,-0.5333333333333333,,,,,,2.360026663905872,0.0003141486597222354,-0.001920144040362004,,-0.7071067811865477,0.7071067811865474,-0.433883739117558,-0.9009688679024191
2026-07-17 22:00:00,,,,0.0,,0.15,-0.5333333333333333,,,,,,2.484161229712778,0.0009543067237931524,3.2376685304313924e-05,,-0.5000000000000004,0.8660254037844384,-0.433883739117558,-0.9009688679024191
2026-07-17 23:00:00,,,0.883564409561339,0.0,,0.15,-0.5333333333333333,0.34320701029019374,41.36549858377327,2.8920758506660595,,,2.5094974522773748,0.00033864710805175946,0.0016071024915671472,,-0.25881904510252157,0.9659258262890681,-0.433883739117558,-0.9009688679024191
2026-07-20 01:00:00,,,0.4839262038829603,0.0,,-0.1,-0.5333333333333333,-0.7235151838209603,33.6915346907776,2.913200837514961,,,0.9725276350405483,-0.005502255720614357,-0.0042093018887694456,,0.25881904510252074,0.9659258262890683,0.0,1.0
2026-07-20 02:00:00,,,0.0006929855320478064,0.0,,-0.1,-0.5333333333333333,-0.8084951814523264,34.251764913860484,2.866938407752931,,,0.0012184838226507733,0.00023528881810896962,-0.004928319794453628,,0.49999999999999994,0.8660254037844387,0.0,1.0
2026-07-20 03:00:00,,,0.11777842335350185,0.0,,-0.1,-0.5333333333333333,-0.40771766860577496,41.690652250852885,2.9067072253407273,,,0.21649753807378969,0.0032932328652961473,-0.0019737340372092405,,0.7071067811865475,0.7071067811865476,0.0,1.0
2026-07-20 04:00:00,,,-0.04359795571622632,0.0,,0.1,-0.5333333333333333,0.3918209921317044,39.38239335178808,2.9335676609968213,,,-0.08199243167945758,-0.0015827962870726964,0.0019457253963324206,,0.8660254037844386,0.5000000000000001,0.0,1.0
2026-07-20 05:00:00,,,0.4633218257762696,0.5,,0.1,-0.5333333333333333,0.877721497601627,48.849480911119926,2.9661906404763347,,0.012667367989054622,0.9738669550004904,0.0049050005624788895,0.0066154371407023405,,0.9659258262890683,0.25881904510252074,0.0,1.0
2026-07-20 06:00:00,,,0.7216079059711593,0.5,,0.1,-0.5333333333333333,0.6803914371129383,49.789243341355686,2.92929296980433,,0.013514149436359993,1.7048658064558153,0.0005443462076772931,0.0038665504830834863,0.003302600460931016,1.0,6.123233995736766e-17,0.0,1.0
2026-07-20 07:00:00,,,0.7364334115016655,1.0,,0.3,-0.5333333333333333,0.719595297176921,47.40783685009327,2.8896060850447602,,0.013667691289130104,1.6954555716968582,-0.0013825723514582222,0.00406677441869796,0.0032943448299586073,0.9659258262890683,-0.25881904510252063,0.0,1.0
2026-07-20 08:00:00,,,0.48471173061712564,1.0,,-0.3,-0.5333333333333333,-0.6306392489130265,43.436138465857766,2.881006216886607,,0.01346458087098483,0.9435461486044376,-0.0024590329486642304,-0.0032972590924451595,0.0033525749499317323,0.8660254037844387,-0.4999999999999998,0.0,1.0
2026-07-20 09:00:00,,,0.036506088074955555,1.0,,-0.3,-0.5333333333333333,-0.8330933645773453,41.4724046085141,2.8449870132967345,,0.013359636435407562,0.06282326406678518,-0.0012929798993219777,-0.00513458519944443,0.0033629607660810397,0.7071067811865476,-0.7071067811865475,0.0,1.0
2026-07-20 10:00:00,,,0.2037267357158892,1.0,,-0.3,-0.5333333333333333,-0.07049214950005894,48.20088135866971,2.8576081407313456,,0.013130036563170274,0.3599239719680716,0.0034458976342843783,-0.0003061152137018297,0.0034153660310159636,0.49999999999999994,-0.8660254037844387,0.0,1.0
2026-07-20 11:00:00,,,0.3286972287215147,1.0,,0.15,-0.5333333333333333,0.5260913515997686,48.833436011959286,2.84119629990453,,0.01299816559497394,0.5849751019033409,0.00034343992751928454,0.0024963576624816852,0.003413924037921019,0.258819045102521,-0.9659258262890682,0.0,1.0
2026-07-20 12:00:00,,,0.45008737936118115,1.0,,0.3,-0.5333333333333333,0.7819158394863297,49.860736957371685,2.8045341243384896,,0.00900388393190262,0.8008757246448464,0.0005348345312174985,0.004324172093021161,0.002954646833413944,1.2246467991473532e-16,-1.0,0.0,1.0
2026-07-20 13:00:00,,,0.5822566411425375,1.0,,0.3,-0.5333333333333333,0.3941345244308133,51.37187338857175,2.7655187700801225,,0.008830458644231752,1.0578863655606536,0.0007681685277010075,0.0016464429864377905,0.0024415135548914255,-0.2588190451025208,-0.9659258262890683,0.0,1.0
2026-07-20 14:00:00,,-0.04113518587338319,0.6334720385715007,1.0,,0.3,-0.5333333333333333,0.3851494292750197,52.05675929366916,2.7882451436970688,16.37095734433504,0.008853224383550528,1.2143753515284557,0.0003379066714064294,0.0016409097303249354,0.002437053771792443,-0.4999999999999997,-0.8660254037844388,0.0,1.0
2026-07-20 15:00:00,,0.12782354596286594,0.06172457530045261,1.0,,-0.3,-0.5333333333333333,-0.6561663766681777,43.6088227018567,2.7995095216362182,16.092037875284202,0.00884054731467393,0.10158324999836932,-0.0043243714344249895,-0.0032182962353175526,0.0024345713962644648,-0.7071067811865471,-0.7071067811865479,0.0,1.0
2026-07-20 16:00:00,,0.14888941978039383,-0.4580018973725483,1.0,,-0.3,-0.5333333333333333,-0.8165625165455936,42.55552901098031,2.779509269334668,15.735683926352085,0.008974410536318585,-0.7971454076043427,-0.0006139471000423669,-0.004600411863060927,0.0024289364438890787,-0.8660254037844384,-0.5000000000000004,0.0,1.0
2026-07-20 17:00:00,,0.14320811805638642,-0.6782535460129648,1.0,,-0.15,-0.5333333333333333,-0.8354731426892517,42.83959409718068,2.775906721760804,14.728647433525559,0.00907443583033662,-1.3257877937250409,0.00011732796800245637,-0.0048209905664649,0.0024149877750035786,-0.9659258262890683,-0.25881904510252063,0.0,1.0
2026-07-20 18:00:00,,0.07157234399219732,-0.6516997169463422,1.0,,0.15,-0.5333333333333333,0.23962251357676037,46.421382800390134,2.772594481670973,14.290699666009212,0.009072256338047414,-1.245203314131993,0.001471670611456588,0.0009750514794166776,0.0024379669989831087,-1.0,-1.8369701987210297e-16,0.0,1.0
2026-07-20 19:00:00,,0.09547091030834068,-0.671292021223243,0.5,,0.15,-0.5333333333333333,0.2471385418106629,45.226454484582966,2.778070091536335,13.600226870108376,0.009068072612039353,-1.3080965590862164,-0.0005759385026991026,0.0010130600767599418,0.002430660690201649,-0.9659258262890684,0.2588190451025203,0.0,1.0
2026-07-20 20:00:00,,0.14269303468544764,-0.7718821602103962,-1.0,,-0.15,-0.5333333333333333,-0.06396722089363696,42.86534826572762,2.748018140750972,12.959073559629026,0.009134346231998559,-1.6001447511797382,-0.0011453825993701372,-0.00024965049061265177,0.0024401653480515917,-0.8660254037844386,0.5000000000000001,0.0,1.0
2026-07-20 21:00:00,,0.11350525728732422,-0.7822658219333672,-1.0,,-0.15,-0.5333333333333333,-0.30517346077209523,44.32473713563379,2.7147495869897074,12.338765795465012,0.008343008200055176,-1.587373244798696,0.0005341760461714529,-0.001187145055897787,0.002090858926232331,-0.7071067811865477,0.7071067811865474,0.0,1.0
2026-07-20 22:00:00,,0.1177014905779312,-0.7725003820684917,-1.0,,-0.15,-0.5333333333333333,-0.1856943916294557,44.11492547110344,2.708720290871711,12.339606795803597,0.007540975098419505,-1.540780551685155,-9.233714043510588e-05,-0.0007035436936337902,0.0020915024864844346,-0.5000000000000004,0.8660254037844384,0.0,1.0
2026-07-20 23:00:00,,0.10446304900349929,-0.752764786949884,-1.0,,0.15,-0.5333333333333333,0.18352233605474827,44.776847549825035,2.6548036785729057,12.340387724689426,0.0075709960436134965,-1.3927862062384142,0.00021710351555981333,0.0006589424212961603,0.001956250509325675,-0.25881904510252157,0.9659258262890681,0.0,1.0
2026-07-21 01:00:00,,0.19350102141946052,-0.8423038125066376,-1.0,,-0.1,-0.5333333333333333,-0.46352234559988953,40.324948929026974,2.639763802608685,11.635447908971807,0.007733398566441613,-1.7218873122955545,-0.0018806316771033948,-0.0017558653019786874,0.001969919455931331,0.25881904510252074,0.9659258262890683,0.7818314824680298,0.6234898018587336
2026-07-21 02:00:00,,0.0466134878219583,-0.7089052416335196,-1.0,,0.1,-0.5333333333333333,0.22901852279136206,47.669325608902085,2.6223295415003376,10.980860937234018,0.0074419455845404995,-1.2184187007725462,0.0024643315023524792,0.0008008033408088977,0.0017062353682254917,0.49999999999999994,0.8660254037844387,0.7818314824680298,0.6234898018587336
2026-07-21 03:00:00,,-0.12494687306772334,0.05882804519275679,0.5,,0.1,-0.5333333333333333,0.8249013171404479,56.24734365338617,2.6709952328352573,11.884126669918325,0.007475804151436453,0.08513039615198692,0.0036342133602307314,0.004217913185479816,0.001901116332436582,0.7071067811865475,0.7071067811865476,0.7818314824680298,0.6234898018587336
2026-07-21 04:00:00,,-0.10740642090948754,0.5004804866925359,0.5,,0.1,-0.5333333333333333,0.9185521966002357,55.37032104547438,2.6852031707762904,13.33525509476071,0.007744555263379059,0.8062871827866087,-0.00032554470003631764,0.005773000162546893,0.0018750222722718388,0.8660254037844386,0.5000000000000001,0.7818314824680298,0.6234898018587336
2026-07-21 05:00:00,,-0.24714112933191487,0.8839862153925888,0.5,,0.1,-0.5333333333333333,0.9485067231903791,62.35705646659574,2.7269436262759825,15.224309602175781,0.009467692923641339,2.1304507418311034,0.003592512193788977,0.006901180853983391,0.001934797509235965,0.9659258262890683,0.25881904510252074,0.7818314824680298,0.6234898018587336
2026-07-21 06:00:00,,-0.3201249630875662,0.9776818761206619,0.5,,0.1,-0.5333333333333333,0.8989574348904187,66.00624815437831,2.725559078771147,17.310664180504773,0.01161209140044334,3.42261578193051,0.0022807904090260678,0.005547757902778727,0.0019390740299874965,1.0,6.123233995736766e-17,0.7818314824680298,0.6234898018587336
2026-07-21 07:00:00,,-0.33811212040882566,0.9931318192434653,0.5,,0.3,-0.5333333333333333,0.9434649957915647,66.90560602044128,2.691699617949274,19.256166413313824,0.013705113498548832,4.18395004273861,0.0005928458502761913,0.006466148453091236,0.0018149555307286362,0.9659258262890683,-0.25881904510252063,0.7818314824680298,0.6234898018587336
2026-07-21 08:00:00,,0.2111932951540811,0.997797779340807,0.5,,0.3,-0.5333333333333333,0.9166186015599717,71.11932951540811,2.7248490714159823,21.785305030365862,0.016728454950476344,5.194280081673782,0.003030368860224897,0.005904005119527156,0.0019078834320608693,0.8660254037844387,-0.4999999999999998,0.7818314824680298,0.6234898018587336
2026-07-21 09:00:00,,0.25700961440450615,0.999527694367823,0.5,,0.3,-0.5333333333333333,0.9641339313448042,75.70096144045061,2.7589399696797394,24.671596785541432,0.021051043417251267,6.590073295556135,0.004152125880450441,0.007775340590951529,0.0020726204000152807,0.7071067811865476,-0.7071067811865475,0.7818314824680298,0.6234898018587336
2026-07-21 10:00:00,,0.40824543774215727,0.9995782788662256,0.5,,0.3,-0.5333333333333333,0.8849477397822391,70.41227188710786,2.7449346048932153,27.35172484391875,0.02353740970501128,6.586593702362425,-0.0018233379980490128,0.005359156742626325,0.002148526355997121,0.49999999999999994,-0.8660254037844387,0.7818314824680298,0.6234898018587336
2026-07-21 11:00:00,,0.3006428620149711,0.998674524296301,1.0,,0.15,-0.5333333333333333,0.08408492703755194,65.03214310074856,2.7359282088275148,28.777394233213574,0.024935463934437685,5.64402217753425,-0.0020087807902839927,0.00032000709211743583,0.0022252767055804448,0.258819045102521,-0.9659258262890682,0.7818314824680298,0.6234898018587336
2026-07-21 12:00:00,,0.3221484868310574,0.9970493089885967,1.0,,-0.3,-0.5333333333333333,-0.6819579907817025,66.10742434155287,2.704724180643389,30.101230094701624,0.025920251881468744,4.871809266253351,0.0007749773737764087,-0.0030571414145565967,0.0019186692479939479,1.2246467991473532e-16,-1.0,0.7818314824680298,0.6234898018587336
2026-07-21 13:00:00,,0.27690906422750855,0.9895738401626076,1.0,,-0.3,-0.5333333333333333,-0.5202908399937202,63.84545321137543,2.6774068991125373,31.353292982164522,0.026236950729460258,3.8196595035056244,-0.0008291252220278267,-0.0020629286385354106,0.0019271266667139871,-0.2588190451025208,-0.9659258262890683,0.7818314824680298,0.6234898018587336
2026-07-21 14:00:00,,0.19011195611595055,0.9369432772649248,1.0,,-0.3,-0.5333333333333333,-0.45100117459306416,59.50559780579753,2.6517074968139096,31.651541294125924,0.025968167381902624,2.427902107450091,-0.001643057836004047,-0.001697205684255465,0.001994596902232134,-0.4999999999999997,-0.8660254037844388,0.7818314824680298,0.6234898018587336
2026-07-21 15:00:00,,0.15994104687644423,0.6750630306339802,1.0,,-0.3,-0.5333333333333333,-0.7030903448550998,57.99705234382221,2.653880364725243,31.55620851451721,0.02569972238542924,1.1651257230003313,-0.0005844658038114403,-0.003056648861843314,0.002001423743719069,-0.7071067811865471,-0.7071067811865479,0.7818314824680298,0.6234898018587336
2026-07-21 16:00:00,,0.1539591370564122,0.11685174265317398,1.0,,-0.3,-0.5333333333333333,-0.5771330781104964,57.69795685282061,2.668556125534437,30.700861681825238,0.025118984105519288,0.16926331988672771,-0.00011101311816297255,-0.00233853675797846,0.0019907174871673034,-0.8660254037844384,-0.5000000000000004,0.7818314824680298,0.6234898018587336
2026-07-21 17:00:00,,0.2876751512468232,0.25600636002089344,1.0,,0.15,-0.5333333333333333,0.6792814877237746,64.38375756234116,2.705899086982415,30.708379256815732,0.024587256306636142,0.39190101208727235,0.003745428792187866,0.003049949870213453,0.002071356847108787,-0.9659258262890683,-0.25881904510252063,0.7818314824680298,0.6234898018587336
2026-07-21 18:00:00,,0.33102016482524904,0.4651872859217679,0.5,,0.15,-0.5333333333333333,0.8750994862575685,66.55100824126245,2.719465670205912,31.23457195835973,0.024109517660621138,0.7645443072016036,0.0014220962716748886,0.005056511945699782,0.0020751866899553304,-1.0,-1.8369701987210297e-16,0.7818314824680298,0.6234898018587336
2026-07-21 19:00:00,,0.2887217280735064,0.41692770532675977,0.5,,0.15,-0.5333333333333333,0.8414665212993659,64.43608640367532,2.6920116516280252,31.7231794669363,0.022976081954829915,0.6553555811348684,-0.0007120234040911555,0.004455501659771599,0.0020942283179485703,-0.9659258262890684,0.2588190451025203,0.7818314824680298,0.6234898018587336
2026-07-21 20:00:00,,0.25021371300156514,0.18637356140808767,-1.0,,0.15,-0.5333333333333333,0.019780668799526894,62.51068565007826,2.6499540185677897,31.802214044591864,0.021299698211802807,0.2669011668485357,-0.000641254817564274,6.881805001945906e-05,0.0021154780557949416,-0.8660254037844386,0.5000000000000001,0.7818314824680298,0.6234898018587336
2026-07-21 21:00:00,,0.3559784268102754,0.4694418694688089,-1.0,,0.15,-0.5333333333333333,0.4912721626199767,67.79892134051377,2.6757928235622286,32.63780306008125,0.018682789365562474,0.739778914615778,0.0032683135460374046,0.001915035324381975,0.0020908148538215307,-0.7071067811865477,0.7071067811865474,0.7818314824680298,0.6234898018587336
2026-07-21 22:00:00,,0.374039809677667,0.6330473066573723,-1.0,,0.15,-0.5333333333333333,0.7409867074123513,68.70199048388335,2.6317355999844065,33.413707145892815,0.016453252308741926,1.037455243469271,0.00061957794766343,0.0032466366761365606,0.0020639827262432897,-0.5000000000000004,0.8660254037844384,0.7818314824680298,0.6234898018587336
2026-07-21 23:00:00,,0.2707358122656608,0.42146679073240007,0.5,,0.15,-0.5333333333333333,0.5814812928920331,63.53679061328304,2.6100819335613203,33.68408233825629,0.014786345132227399,0.6112924817055632,-0.0016685925094765963,0.0022192989842242383,0.002037629055958082,-0.25881904510252157,0.9659258262890681,0.7818314824680298,0.6234898018587336
2026-07-22 01:00:00,,0.2909675296157917,0.2518426079831211,0.5,,-0.1,-0.5333333333333333,-0.14130140004856984,64.54837648078959,2.5814181991625365,33.93514501687952,0.012284901418506702,0.3401489817517813,0.0005883679822993315,-0.0004606465795138348,0.0020246508644949455,0.25881904510252074,0.9659258262890683,0.9749279121818236,-0.22252093395631434
2026-07-22 02:00:00,,0.29578908043012686,0.048992770102150876,0.5,,-0.1,-0.5333333333333333,-0.29818266486608896,64.78945402150634,2.5298702212807265,34.168274647029655,0.010988967422353505,0.06154439579204407,0.00013478558696888854,-0.0009454389402083763,0.00190920041906165,0.49999999999999994,0.8660254037844387,0.9749279121818236,-0.22252093395631434
2026-07-22 03:00:00,,0.4247076147383754,0.5483680342948105,0.5,,0.1,-0.5333333333333333,0.8986484230210573,71.23538073691877,2.602712975319231,35.42906671631582,0.011728113251185163,0.831679553261564,0.0041156799743458095,0.0048388335436140295,0.002037562634646852,0.7071067811865475,0.7071067811865476,0.9749279121818236,-0.22252093395631434
2026-07-22 04:00:00,,0.5521407195563964,0.95295965337591,0.5,,0.1,-0.5333333333333333,0.9937528430861278,77.60703597781982,2.671011158362307,37.34286696604954,0.015273677072295037,2.6929569130517024,0.005910273287124568,0.010160738848439266,0.0023557531477714747,0.8660254037844386,0.5000000000000001,0.9749279121818236,-0.22252093395631434
2026-07-22 05:00:00,,0.5876183229267622,0.9939656068308571,1.0,,0.1,-0.5333333333333333,0.9981464415516469,79.38091614633811,2.6593075845410272,39.31710719277861,0.019246443007477465,4.143343718881157,0.0021229526698203216,0.012148905931290699,0.002320779076435638,0.9659258262890683,0.25881904510252074,0.9749279121818236,-0.22252093395631434
2026-07-22 06:00:00,,0.5877387674412705,0.9973453061214347,1.0,,0.1,-0.5333333333333333,0.9813927593598925,79.38693837206353,2.6513443715246097,41.41359894180803,0.02238155831467443,4.693588889173395,7.2626475979831184e-06,0.008040488604542873,0.002191037030700117,1.0,6.123233995736766e-17,0.9749279121818236,-0.22252093395631434
2026-07-22 07:00:00,,0.5255203858062231,0.9968043981985802,1.0,,0.3,-0.5333333333333333,0.3445753595247227,76.27601929031115,2.612902103936888,42.83016313596251,0.024399804340892648,4.389935079228515,-0.0009421635822928209,0.0011880517351254838,0.002147439965239722,0.9659258262890683,-0.25881904510252063,0.9749279121818236,-0.22252093395631434
2026-07-22 08:00:00,,0.5470435113723269,0.9953723335651153,1.0,,0.3,-0.5333333333333333,0.03859506396185044,77.35217556861635,2.600207572803115,44.2253544527437,0.026040770311535857,4.084758495459759,0.0010607793605093008,0.00012587842581446296,0.0020528831171942727,0.8660254037844387,-0.4999999999999998,0.9749279121818236,-0.22252093395631434
2026-07-22 09:00:00,,0.3283667176319915,0.9489615992495917,1.0,,-0.3,-0.5333333333333333,-0.7672776198841549,66.41833588159957,2.6445774199353473,44.395315812757126,0.02639697818562736,2.563845251016975,-0.0035791834710234838,-0.003460567692807004,0.002277799978458875,0.7071067811865476,-0.7071067811865475,0.9749279121818236,-0.22252093395631434
2026-07-22 10:00:00,,0.25095756338561626,0.5711455124653185,1.0,,-0.3,-0.5333333333333333,-0.8222299098311582,62.547878169280814,2.6444886473747937,44.08210300919022,0.026114771700294963,0.9138598189641485,-0.0014586227841189014,-0.0039770268946330845,0.002303003936683403,0.49999999999999994,-0.8660254037844387,0.9749279121818236,-0.22252093395631434
2026-07-22 11:00:00,,0.30672012342810545,0.10207568980111488,0.5,,-0.15,-0.5333333333333333,-0.7394020743207845,65.33600617140527,2.6224984810335172,43.79126254873523,0.025486195191303695,0.14105034936208583,0.0018690844621112035,-0.0031687217930311817,0.0022578091935478353,0.258819045102521,-0.9659258262890682,0.9749279121818236,-0.22252093395631434
2026-07-22 12:00:00,,0.2638959196391245,-0.5005782029205953,0.5,,-0.3,-0.5333333333333333,-0.11545499042774947,63.194795981956226,2.599091177247863,43.63432628977657,0.024153114872574672,-0.7399369957369473,-0.0007894989763990168,-0.00037903729840671474,0.002264682280246739,1.2246467991473532e-16,-1.0,0.9749279121818236,-0.22252093395631434
2026-07-22 13:00:00,,0.28342769762418213,-0.7524970049046706,0.5,,0.3,-0.5333333333333333,0.48858933627728224,64.17138488120911,2.56571607855149,43.48859976360066,0.022392049926414453,-1.2732691153745073,0.000609790928638887,0.0016893764143510737,0.002256009388909973,-0.2588190451025208,-0.9659258262890683,0.9749279121818236,-0.22252093395631434
2026-07-22 14:00:00,,0.3244938558770801,-0.7908918471093956,0.5,,0.3,-0.5333333333333333,0.34402898050513053,66.224692793854,2.5514499989274704,43.08559576375416,0.02167856262848834,-1.377233497419244,0.001296088373683446,0.0011163803259233163,0.0021508253922149895,-0.4999999999999997,-0.8660254037844388,0.9749279121818236,-0.22252093395631434
2026-07-22 15:00:00,,0.19085144454350186,-0.913928330227172,0.5,,-0.3,-0.5333333333333333,-0.13251932498804694,59.54257222717509,2.6357044599828074,43.33770900265095,0.020780331458710843,-2.1639453618056486,-0.002357996238156801,-0.0004521169358344679,0.002244534262997812,-0.7071067811865471,-0.7071067811865479,0.9749279121818236,-0.22252093395631434
2026-07-22 16:00:00,,0.4478399546322177,-0.0364685075215608,0.5,,0.3,-0.5333333333333333,0.9808116363062629,72.39199773161089,2.7759349013825982,44.41682962223479,0.021876031395090322,-0.058571162149203104,0.010060936203343473,0.008999028338870119,0.003081771759899259,-0.8660254037844384,-0.5000000000000004,0.9749279121818236,-0.22252093395631434
2026-07-22 17:00:00,,0.38062312028078366,0.4133781516922503,-1.0,,0.15,-0.5333333333333333,0.9203427786511665,69.03115601403918,2.792028762103856,45.65491577221257,0.02145321889654686,0.7172956464685534,-0.001425929022246919,0.006277010942939754,0.003108794267719264,-0.9659258262890683,-0.25881904510252063,0.9749279121818236,-0.22252093395631434
2026-07-22 18:00:00,,0.43142651627205425,0.7693889493294882,-1.0,,0.15,-0.5333333333333333,0.9929292662515706,71.57132581360271,2.797076990760898,46.877251113052765,0.022384145160345325,1.6705373501727259,0.0025469379513474166,0.011181945132443971,0.0030848434764915093,-1.0,-1.8369701987210297e-16,0.9749279121818236,-0.22252093395631434
2026-07-22 19:00:00,,0.2960577607214634,0.6291714061604735,-1.0,,-0.15,-0.5333333333333333,-0.44708773466678686,64.80288803607317,2.792288220511123,47.45139582557086,0.02200470272789172,1.2076263464449006,-0.0030122499176581385,-0.0018912409885576409,0.003208854237262328,-0.9659258262890684,0.2588190451025203,0.9749279121818236,-0.22252093395631434
2026-07-22 20:00:00,,0.25330658179841636,0.25271996767169747,0.5,,-0.15,-0.5333333333333333,-0.36789290332131136,62.66532908992082,2.763521494581795,47.230603931255246,0.02034444669089299,0.40957535911643816,-0.0010109309266042033,-0.0014762428929149252,0.0031860055276055374,-0.8660254037844386,0.5000000000000001,0.9749279121818236,-0.22252093395631434
2026-07-22 21:00:00,,0.18679872840541947,-0.4293846560602687,0.5,,-0.15,-0.5333333333333333,-0.9056928941049444,59.33993642027097,2.74140457045244,46.30471175757629,0.018076656633819306,-0.7120719772515791,-0.0015968906310508402,-0.005620071475313182,0.0032303502835043614,-0.7071067811865477,0.7071067811865474,0.9749279121818236,-0.22252093395631434
2026-07-22 22:00:00,,0.14483187539424847,-0.8386710568288948,0.5,,-0.15,-0.5333333333333333,-0.7627441917210293,57.24159376971242,2.707972999272677,45.12050458977774,0.015025690362069247,-1.8248738099657622,-0.0010256733694369302,-0.0036334949270919736,0.003250978089785248,-0.5000000000000004,0.8660254037844384,0.9749279121818236,-0.22252093395631434
2026-07-22 23:00:00,,0.12861327788426466,-0.9515045370740549,0.5,,-0.15,-0.5333333333333333,-0.691858031142502,56.43066389421323,2.682463474053214,43.937531442591975,0.01335335444395808,-2.70115865244097,-0.00038732011280728784,-0.0030098841132950582,0.0031505193257726134,-0.25881904510252157,0.9659258262890681,0.9749279121818236,-0.22252093395631434
2026-07-23 01:00:00,,0.04501082244917768,-0.9896076986846795,0.5,,-0.1,0.0,-0.7535707451767766,52.250541122458884,2.6743647769898984,41.66379729615784,0.01335897125346286,-3.8104283784607844,-0.0020334693158439165,-0.0034464627980881346,0.0029101625076579625,0.25881904510252074,0.9659258262890683,0.43388373911755823,-0.900968867902419
2026-07-23 02:00:00,,0.13877144996406215,-0.9875341239059361,0.5,,0.1,0.0,0.09886045516579194,56.93857249820311,2.6892107257191653,39.87601578748066,0.013373249918937916,-3.7327515766121238,0.0027740881778743898,0.0003532987492231854,0.0029386920682186604,0.49999999999999994,0.8660254037844387,0.43388373911755823,-0.900968867902419
2026-07-23 03:00:00,,0.12948877427626712,-0.9883940431508428,0.5,,0.1,0.0,0.14992978015152944,56.474438713813356,2.664748404619603,38.26106643850997,0.013379319593172298,-3.694193907986648,-0.00021535219240398362,0.0005252666696264896,0.002939205275684927,0.7071067811865475,0.7071067811865476,0.43388373911755823,-0.900968867902419
2026-07-23 04:00:00,,-0.010130468444537967,-0.9947173330585095,0.5,,-0.1,0.0,-0.2401890255760341,49.4934765777731,2.7256859454399773,35.69017620158348,0.013619168329370837,-4.529551667525508,-0.003466527275246989,-0.0009077912897765827,0.003035289649656088,0.8660254037844386,0.5000000000000001,0.43388373911755823,-0.900968867902419
2026-07-23 05:00:00,,0.07471412412157293,-0.9927184353594114,0.5,,-0.1,0.0,-0.33376557828580883,53.735706206078646,2.7334834155613748,33.19001727371396,0.013623795002270801,-4.317351507083707,0.0023890701149387183,-0.0012928093527122542,0.0030764417157871943,0.9659258262890683,0.25881904510252074,0.43388373911755823,-0.900968867902419
2026-07-23 06:00:00,,0.04496603866290002,-0.9934719071403192,-1.0,,-0.1,0.0,-0.46610423510531307,52.248301933145,2.704582684910114,31.16780642981813,0.013350972766306141,-4.276284849065105,-0.0007512747789331087,-0.0018287319392413792,0.00296833709701556,1.0,6.123233995736766e-17,0.43388373911755823,-0.900968867902419
2026-07-23 07:00:00,,0.012166267495308318,-0.9947974297624438,0.5,,0.3,0.0,0.22699146689902747,50.608313374765416,2.683147473243027,28.981211069313797,0.012777614145678047,-4.352118388088581,-0.0008173491906227071,0.0008204461453829026,0.002954035827856675,0.9659258262890683,-0.25881904510252063,0.43388373911755823,-0.900968867902419
2026-07-23 08:00:00,,0.035954173091414535,-0.9934810434056002,0.5,,-0.3,0.0,-0.27181852045752586,51.79770865457073,2.665957228047851,27.016255593687358,0.012567731284674756,-4.115271048253007,0.0005967064890608498,-0.000971917480494966,0.002928262865013367,0.8660254037844387,-0.4999999999999998,0.43388373911755823,-0.900968867902419
2026-07-23 09:00:00,,-0.019549519798201232,-0.994570970376716,0.5,,-0.3,0.0,-0.4162439584051388,49.02252401008994,2.6512390746210226,25.440036742909765,0.012372679694565066,-4.185170092648411,-0.0013030266270668278,-0.001523669328628685,0.0029384220420822934,0.7071067811865476,-0.7071067811865475,0.43388373911755823,-0.900968867902419
2026-07-23 10:00:00,,-0.21464441260034703,-0.9986477113841936,0.5,,-0.3,0.0,-0.9361945669825714,39.26777936998265,2.724910298588526,25.94827280517804,0.014262441641850306,-5.566892288155423,-0.005629524014045373,-0.006335844152051351,0.0031951277846795014,0.49999999999999994,-0.8660254037844387,0.43388373911755823,-0.900968867902419
2026-07-23 11:00:00,,-0.22921840681875338,-0.9995882579296351,0.5,,-0.15,0.0,-0.9669786901516976,38.53907965906233,2.7040211002266776,26.602780076952246,0.016203959070760835,-6.340443232997082,-0.0004982475953934085,-0.007430798236505609,0.0031740055304249736,0.258819045102521,-0.9659258262890682,0.43388373911755823,-0.900968867902419
2026-07-23 12:00:00,,-0.255334663938373,-0.9998062991294894,0.5,,-0.3,0.0,-0.9610896912000285,37.23326680308135,2.6853463412344167,26.9966893858322,0.017919678512872968,-6.7760814510081735,-0.0008749762261643923,-0.007002747835603174,0.0031419891419542448,1.2246467991473532e-16,-1.0,0.43388373911755823,-0.900968867902419
2026-07-23 13:00:00,,-0.21078390580283582,-0.9997767268133934,0.5,,-0.3,0.0,-0.1397218689407477,39.46080470985821,2.659673086555372,27.51548248364888,0.01824722580002795,-6.502792579916245,0.0008823051955033634,-0.0004909186260544374,0.002022232990082726,-0.2588190451025208,-0.9659258262890683,0.43388373911755823,-0.900968867902419
2026-07-23 14:00:00,,-0.2691266100348099,-0.9996963576591323,0.5,,-0.3,0.0,-0.4685722963393733,36.543669498259504,2.693038133064636,28.69709215285266,0.01914781691667166,-6.496233969683384,-0.001843706126008371,-0.0018363771566693998,0.002031793988464599,-0.4999999999999997,-0.8660254037844388,0.43388373911755823,-0.900968867902419
2026-07-23 15:00:00,,-0.4160041736960545,-0.9998989020653867,0.5,,-0.3,0.0,-0.9454334225080421,29.199791315197274,2.7427483861971633,30.305359091699888,0.02104666019842279,-7.681345868401204,-0.005846979403445474,-0.006808380333950481,0.00217387841866279,-0.7071067811865471,-0.7071067811865479,0.43388373911755823,-0.900968867902419
2026-07-23 16:00:00,,-0.5013585026948846,-0.9999746664262403,0.5,,-0.3,0.0,-0.9957097912167621,24.93207486525577,2.7939434626070105,32.463799552878726,0.025082616121327967,-9.21592892477657,-0.004648898709275429,-0.012339584238729273,0.0022748014822695276,-0.8660254037844384,-0.5000000000000004,0.43388373911755823,-0.900968867902419
2026-07-23 17:00:00,,-0.3380388212631385,-0.9999413919053702,0.5,,-0.15,0.0,-0.9323670211709013,33.098058936843074,2.8174577393370086,34.47709177466212,0.026502859085501984,-8.733402531885082,0.003606997181853089,-0.006888880930867813,0.0025228319492018093,-0.9659258262890683,-0.25881904510252063,0.43388373911755823,-0.900968867902419
2026-07-23 18:00:00,,-0.38388452828663816,-0.9999219688734592,0.5,,-0.15,0.0,-0.6669202461936267,30.805773585668092,2.8201251172661546,36.346577409175275,0.028434784369589978,-8.516584642598904,-0.002289589540426462,-0.003331491067848802,0.0025356812789999305,-1.0,-1.8369701987210297e-16,0.43388373911755823,-0.900968867902419
2026-07-23 19:00:00,,-0.3502429416075472,-0.9998607873571941,-1.0,,0.15,0.0,0.48245478870286596,32.48785291962264,2.773910831809445,38.08252835550891,0.02963977062325416,-7.668199950582496,0.0007654245763877299,0.0020828322178143566,0.0025687109016950117,-0.9659258262890684,0.2588190451025203,0.43388373911755823,-0.900968867902419
2026-07-23 20:00:00,,-0.4004683411094547,-0.9997984172184831,-1.0,,-0.15,0.0,-0.7687677381247737,29.976582944527266,2.7616594859261143,39.83620267912199,0.03113060821333884,-7.281863753643703,-0.0024514237693669116,-0.003975588733405644,0.002585076138088114,-0.8660254037844386,0.5000000000000001,0.43388373911755823,-0.900968867902419
2026-07-23 21:00:00,,-0.348853450068425,-0.9994579159847647,-1.0,,-0.15,0.0,-0.1470675608368735,32.55732749657875,2.7249499090444105,41.4916187363219,0.03210885424436419,-6.264706371341775,0.0011276105004203174,-0.0005583886925588644,0.0026202872204654586,-0.7071067811865477,0.7071067811865474,0.43388373911755823,-0.900968867902419
2026-07-23 22:00:00,,-0.30964027354765733,-0.9975995905183894,-1.0,,-0.15,0.0,-0.12934420237255387,34.51798632261713,2.6919858895939264,42.61431744346552,0.031752725946232345,-4.96268081228094,0.0008498129193839077,-0.00047400034956268655,0.0025103447870249503,-0.5000000000000004,0.8660254037844384,0.43388373911755823,-0.900968867902419
2026-07-23 23:00:00,,-0.3102680049725413,-0.9908600726507671,0.5,,0.15,0.0,0.5115494054459968,34.486599751372935,2.638100168206531,43.65682338581317,0.03092758601817425,-3.764963306637757,-2.4693674962605883e-05,0.0019527297448416192,0.002513924467804915,-0.25881904510252157,0.9659258262890681,0.43388373911755823,-0.900968867902419
2026-07-24 01:00:00,,-0.30783473903970987,-0.966106298637077,0.5,,0.1,-0.5333333333333333,0.2623151070350069,34.60826304801451,2.575856036261474,44.62486461799313,0.030581439299825368,-2.6683221634184076,4.691746108242967e-05,0.0008720367055037315,0.0024554105826164554,0.25881904510252074,0.9659258262890683,-0.433883739117558,-0.9009688679024191
2026-07-24 02:00:00,,-0.3284059726501124,-0.9062598959132422,0.5,,-0.1,-0.5333333333333333,-0.22167348705260526,33.57970136749438,2.526547264076669,45.61756584845637,0.029216889441789823,-1.8842745787103574,-0.0007188193886822347,-0.0006965956025624109,0.002336023259346034,0.49999999999999994,0.8660254037844387,-0.433883739117558,-0.9009688679024191
2026-07-24 03:00:00,,-0.2839232017151332,-0.6458844729118537,0.5,,0.1,-0.5333333333333333,0.03489589512499477,35.80383991424334,2.5110098824096827,46.788443100099514,0.027381335884523725,-0.9462259648526086,0.0007780804038404199,0.00010617847624061483,0.0023690852982990616,0.7071067811865475,0.7071067811865476,-0.433883739117558,-0.9009688679024191
2026-07-24 04:00:00,,-0.3338020249947158,-0.4412573605100685,0.5,,-0.1,-0.5333333333333333,-0.47557815016568883,33.30989875026421,2.4997701464740616,47.92562988996098,0.025487440420744422,-0.5770630698265506,-0.0016161200335709225,-0.0015568590184127373,0.0023740859577713,0.8660254037844386,0.5000000000000001,-0.433883739117558,-0.9009688679024191
2026-07-24 05:00:00,,-0.45341981754915284,-0.783233709287195,0.5,,-0.1,-0.5333333333333333,-0.9369197704585769,27.32900912254236,2.574388314047745,49.60355207762124,0.023635235728654936,-1.3827771119961874,-0.004729899346388677,-0.00556793897611918,0.0024869873479289356,0.9659258262890683,0.25881904510252074,-0.433883739117558,-0.9009688679024191
2026-07-24 06:00:00,,-0.38265707651556935,-0.7756910871217522,0.5,,-0.1,-0.5333333333333333,-0.9199160490554843,30.86714617422153,2.561055720274981,51.16162268044862,0.020913592957620443,-1.3395725391159985,0.001254065010680705,-0.005091954369278895,0.0025475373022100984,1.0,6.123233995736766e-17,-0.433883739117558,-0.9009688679024191
2026-07-24 07:00:00,,-0.3988840844916999,-0.7658814100449536,-1.0,,-0.3,-0.5333333333333333,-0.8722148776846915,30.055795775415007,2.5168508081625056,52.6084025259312,0.020080329935627594,-1.2516990511324977,-0.0006454608193546818,-0.004121295155062654,0.0023134390707244953,0.9659258262890683,-0.25881904510252063,-0.433883739117558,-0.9009688679024191
2026-07-24 08:00:00,,-0.42336831287850574,-0.7599796503728374,-1.0,,-0.3,-0.5333333333333333,-0.11779466248374094,28.831584356074714,2.505722632021777,54.06958448395768,0.01909335818203888,-1.220544513619366,-0.0009689730638289262,-0.00036036887250290306,0.0023121317763411925,0.8660254037844387,-0.4999999999999998,-0.433883739117558,-0.9009688679024191
2026-07-24 09:00:00,,-0.24669212043495337,-0.13533674644252044,-1.0,,0.3,-0.5333333333333333,0.4512978728583388,37.66539397825233,2.5291589071637146,54.10828022225717,0.017155600022748702,-0.17080016694104216,0.003127150911717891,0.0015127170285342828,0.0024786326131488495,0.7071067811865476,-0.7071067811865475,-0.433883739117558,-0.9009688679024191
2026-07-24 10:00:00,,-0.0952849595554882,0.8180367732270698,-1.0,,0.3,-0.5333333333333333,0.9326265929470274,45.23575202222559,2.5609765027784435,52.02347721321856,0.013742502959935062,1.4901780890560943,0.0032236185603249368,0.005381796408213901,0.0026076073254925037,0.49999999999999994,-0.8660254037844387,-0.433883739117558,-0.9009688679024191
2026-07-24 11:00:00,,-0.004075011768058374,0.9852856957181878,-1.0,,0.15,-0.5333333333333333,0.9903821104199473,49.79624941159708,2.56549821508705,49.44987251591084,0.01073360522056545,3.1898039737393944,0.002232867990692,0.008583637462734828,0.0026599807197423392,0.258819045102521,-0.9659258262890682,-0.433883739117558,-0.9009688679024191
2026-07-24 12:00:00,,0.019155002141584703,0.9979734922926282,-1.0,,0.3,-0.5333333333333333,0.957938849231183,50.957750107079235,2.5449864868134333,46.80246128504109,0.010579875891279398,4.39226039646714,0.0005888432849214809,0.006045329835938418,0.0023281115867944636,1.2246467991473532e-16,-1.0,-0.433883739117558,-0.9009688679024191
2026-07-24 13:00:00,,0.01873019748919276,0.999449258364891,-1.0,,0.3,-0.5333333333333333,0.7279290212019349,50.93650987445964,2.5123233449364863,43.989535730294236,0.011105418908975907,5.054978106586091,-9.852265282717099e-06,0.002811859010330764,0.0020586433460739214,-0.2588190451025208,-0.9659258262890683,-0.433883739117558,-0.9009688679024191
2026-07-24 14:00:00,,-0.007228269385083194,0.9995578232074824,-1.0,,0.3,-0.5333333333333333,0.0016226585624591306,49.63858653074584,2.511665503809827,41.91831635921953,0.011097614213171717,5.18699352290097,-0.0005740620218528392,4.928997785924594e-06,0.0019015366614365348,-0.4999999999999997,-0.8660254037844388,-0.433883739117558,-0.9009688679024191
2026-07-24 15:00:00,,-0.02772528556836221,0.9994975589964705,0.5,,-0.3,-0.5333333333333333,-0.3316446961805247,48.61373572158189,2.4906681961986026,39.995041228935875,0.011320160422135832,5.002093887604799,-0.0004412415474615017,-0.001025155834597058,0.0018279845584379198,-0.7071067811865471,-0.7071067811865479,-0.433883739117558,-0.9009688679024191
2026-07-24 16:00:00,,0.10131835323467399,0.9995737603328091,0.5,,0.3,-0.5333333333333333,0.5190367476896504,55.0659176617337,2.5602205870803543,37.19085151459831,0.012218938811280965,5.46881581021497,0.0028461569037929735,0.0018308533344786326,0.0019250409786981627,-0.8660254037844384,-0.5000000000000004,-0.433883739117558,-0.9009688679024191
2026-07-24 17:00:00,,0.053268706765619525,0.999432522790544,0.5,,0.15,-0.5333333333333333,0.42234403055526415,52.663435338280976,2.567159684086537,34.610223388421694,0.01271796580236174,5.320409546828223,-0.0009593034717152449,0.001445611884616227,0.0018443115708565144,-0.9659258262890683,-0.25881904510252063,-0.433883739117558,-0.9009688679024191
2026-07-24 18:00:00,,0.19015419361881442,0.9996791538265263,1.0,,0.15,-0.5333333333333333,0.9215080260834161,59.50770968094072,2.6075137890952225,33.40500150465718,0.014279494046944818,5.926356977712982,0.00344674172426096,0.0053335951563386885,0.0019697525466234075,-1.0,-1.8369701987210297e-16,-0.433883739117558,-0.9009688679024191
2026-07-24 19:00:00,,0.06519665395844683,0.9992720842249062,1.0,,-0.15,-0.5333333333333333,-0.032307969111352246,53.25983269792234,2.6111127129677754,32.28586689830441,0.014802056556367675,5.389932028055669,-0.0025956213180666765,-0.00010818306552096146,0.002074850493915909,-0.9659258262890684,0.2588190451025203,-0.433883739117558,-0.9009688679024191
2026-07-24 20:00:00,,0.02781464402104433,0.9982006958476559,1.0,,0.15,-0.5333333333333333,0.004562594841190916,51.39073220105222,2.576446117265134,31.088413265421945,0.015097453390621443,4.610898388174963,-0.000836354919043103,1.4765487151180423e-05,0.002087643177808855,-0.8660254037844386,0.5000000000000001,-0.433883739117558,-0.9009688679024191
2026-07-24 21:00:00,,-0.06857616987948703,0.9874228816598769,1.0,,-0.15,-0.5333333333333333,-0.9434000705709589,46.57119150602565,2.5776928904283958,29.114722909438704,0.015118451119745344,3.332968988790518,-0.0022937230809265685,-0.005725699318036348,0.0021594234831338035,-0.7071067811865477,0.7071067811865474,-0.433883739117558,-0.9009688679024191
2026-07-24 22:00:00,,-0.07199898323381632,0.9513187425954981,1.0,,-0.15,-0.5333333333333333,-0.7675735255057655,46.400050838309184,2.5544962218193006,27.49432705788848,0.015107864631812098,2.3741804972894838,-8.386612997313136e-05,-0.003213944129942803,0.0021520969086975842,-0.5000000000000004,0.8660254037844384,-0.433883739117558,-0.9009688679024191
2026-07-24 23:00:00,,-0.08098451439328698,0.8678339870110652,1.0,,-0.15,-0.5333333333333333,-0.6926752367532014,45.95077428033565,2.509324085951437,25.989673767163268,0.015112192312241398,1.628364551600166,-0.00020722883317958463,-0.0025848180440792845,0.0021467188911219516,-0.25881904510252157,0.9659258262890681,-0.433883739117558,-0.9009688679024191
2026-07-27 01:00:00,,0.25487416192874107,0.9820443894245577,1.0,,0.1,-0.5333333333333333,0.9841334373004023,62.743708096437054,2.677620474492494,26.788445606154678,0.01707096105690558,3.422247414566398,0.00891875066765202,0.008627655704499304,0.0028850291043893807,0.25881904510252074,0.9659258262890683,0.0,1.0
2026-07-27 02:00:00,,0.2876309363877516,0.9970551832991291,1.0,,0.1,-0.5333333333333333,0.9926567779349965,64.38154681938758,2.670079180307054,27.507864829497276,0.01787667049718236,4.707356759851688,0.0012194899938062775,0.009931011828278713,0.0026033530986166774,0.49999999999999994,0.8660254037844387,0.0,1.0
2026-07-27 03:00:00,,0.3289504258499784,0.9988556231248834,1.0,,0.1,-0.5333333333333333,0.9962184580052321,66.44752129249892,2.7243661959511565,29.016854179854054,0.01907094369253614,5.691206642882671,0.0015838484964358912,0.011722089157894189,0.0026070082299599656,0.7071067811865475,0.7071067811865476,0.0,1.0
2026-07-27 04:00:00,,0.382772832548749,0.9996364161189566,1.0,,0.1,-0.5333333333333333,0.8724058106977196,69.13864162743745,2.7274219063250116,30.41805857661392,0.020242036820501203,6.585697879595688,0.0022068557864205474,0.005010194276662716,0.0025972467741455156,0.8660254037844386,0.5000000000000001,0.0,1.0
2026-07-27 05:00:00,,0.19550844076840634,0.9988049698618275,1.0,,-0.1,-0.5333333333333333,-0.05687691681413026,59.77542203842032,2.7379524860213738,31.352376281136472,0.018792136518291532,5.7355677509259895,-0.004005656664402224,-0.00021495238154578544,0.0028005223357271286,0.9659258262890683,0.25881904510252074,0.0,1.0
2026-07-27 06:00:00,,0.1708758172973407,0.9961087718535122,1.0,,-0.1,-0.5333333333333333,-0.5674523358864672,58.543790864867034,2.716674808429921,31.31488430114264,0.017866718902606035,4.720711809671167,-0.0005791357355438009,-0.0023779366135254776,0.0027656668854505314,1.0,6.123233995736766e-17,0.0,1.0
2026-07-27 07:00:00,,0.1631439184807219,0.9888089701563085,1.0,,-0.3,-0.5333333333333333,-0.8733866294095078,58.157195924036095,2.6729117850676256,31.280070319719798,0.0175719047909279,3.750987210588887,-0.0001735616692180031,-0.004758354069164028,0.0027051456232659726,0.9659258262890683,-0.25881904510252063,0.0,1.0
2026-07-27 08:00:00,,0.1844638298525541,0.9735442555413502,1.0,,-0.3,-0.5333333333333333,-0.03306374220584366,59.223191492627706,2.653930837921958,30.951989019102143,0.01769889159763178,3.0637100135940596,0.0006378743603825399,-0.00011482304437926416,0.002675155785396087,0.8660254037844387,-0.4999999999999998,0.0,1.0
2026-07-27 09:00:00,,0.21164538209237463,0.9568440777604529,1.0,,0.3,-0.5333333333333333,0.3594922462573625,60.58226910461873,2.622166550715018,30.917552964443114,0.017929767090667244,2.625268602562162,0.0008010433529008765,0.0012653560440654132,0.002676220960791152,0.7071067811865476,-0.7071067811865475,0.0,1.0
2026-07-27 10:00:00,,0.12178608903439325,0.8329208464290211,1.0,0.0,-0.3,-0.5333333333333333,-0.10138754454026004,56.08930445171966,2.6430376366378296,31.295623216783284,0.0176976951850025,1.683325710028182,-0.0017885770435199788,-0.0003496593302365625,0.0027213096878031823,0.49999999999999994,-0.8660254037844387,0.0,1.0
2026-07-27 11:00:00,,0.17667369278939135,0.7467580957597008,1.0,0.0,0.15,-0.5333333333333333,0.14933745777200186,58.83368463946957,2.6215885923992728,31.495396604120543,0.01741763010151979,1.3284106315232034,0.001493144886389075,0.0005056111957699727,0.0027233775057344404,0.258819045102521,-0.9659258262890682,0.0,1.0
2026-07-27 12:00:00,,0.18838588840519818,0.6520338395760231,0.5,0.0,0.3,-0.5333333333333333,0.007412436989521589,59.41929442025991,2.6019926070885826,31.88931673799599,0.016858653600129336,1.0506859462537408,0.00031984413364760655,2.4411976516702794e-05,0.0027154349202186253,1.2246467991473532e-16,-1.0,0.0,1.0
2026-07-27 13:00:00,,0.21898331025648943,0.6076116424736666,0.5,0.0,0.3,-0.5333333333333333,0.657292027256273,60.94916551282447,2.614982628182672,31.760432843491355,0.016924596259948577,0.9636947993424236,0.0008174570222738708,0.0026304460423105525,0.0026604184252952703,-0.2588190451025208,-0.9659258262890683,0.0,1.0
2026-07-27 14:00:00,,0.13622458810026714,0.2898889317655437,0.5,0.0,-0.3,-0.5333333333333333,-0.10006732421154502,56.81122940501336,2.5986642738189616,31.750435286348498,0.016420059103036646,0.40128217010297007,-0.0014670185910681255,-0.0003297174351466481,0.002676406687992095,-0.4999999999999997,-0.8660254037844388,0.0,1.0
2026-07-27 15:00:00,,0.011564033939514502,-0.4690513652075742,0.5,0.0,-0.3,-0.5333333333333333,-0.7345297373901271,50.578201696975725,2.6121420152627475,30.327731014219715,0.016335425788776177,-0.6934762126141116,-0.0024775765209561484,-0.003127138089750403,0.0026457100638014363,-0.7071067811865471,-0.7071067811865479,0.0,1.0
2026-07-27 16:00:00,,-0.0906791342801553,-0.8956977932915025,0.5,0.0,-0.3,-0.5333333333333333,-0.9507910238076757,45.466043285992235,2.639856748785373,28.375459661715553,0.016020040050421982,-2.0316583291000123,-0.002363447122142759,-0.006308042234167033,0.002633860449093845,-0.8660254037844384,-0.5000000000000004,0.0,1.0
2026-07-27 17:00:00,,-0.06506358298201732,-0.958434196413752,0.5,0.0,-0.15,-0.5333333333333333,-0.8511074374586163,46.746820850899134,2.6389325894881983,27.005007248337932,0.015396288662964556,-2.696499544795678,0.0005226949089980337,-0.004318328734100874,0.0026263293935618855,-0.9659258262890683,-0.25881904510252063,0.0,1.0
2026-07-27 18:00:00,,-0.03411912409068705,-0.9713788271324632,0.5,0.0,-0.15,-0.5333333333333333,-0.3517995648541535,48.29404379546565,2.6084787099558895,25.660672960998408,0.013744869454347084,-2.8734168967345175,0.0006180469912440145,-0.0012227052219007106,0.0025634499132570687,-1.0,-1.8369701987210297e-16,0.0,1.0
2026-07-27 19:00:00,,0.006646565721751401,-0.9578482992580745,-1.0,-0.5,0.15,-0.5333333333333333,0.5502724079345536,50.66465657217514,2.622434837457295,24.505838701554485,0.011565609656902391,-2.642535779102496,0.0009484004725042183,0.0020891423727462666,0.0025657126778733438,-0.9659258262890684,0.2588190451025203,0.0,1.0
2026-07-27 20:00:00,,-0.02893281035822298,-0.9669067033923556,-1.0,-0.5,0.15,-0.5333333333333333,0.034431287648346166,47.1067189641777,2.6133716446852984,22.785893135570916,0.008828610885265003,-2.786909706015872,-0.0014511478133201194,0.00011529965042811341,0.0025948750387894647,-0.8660254037844386,0.5000000000000001,0.0,1.0
2026-07-27 21:00:00,,-0.020226779510968598,-0.9672030386488818,-1.0,-0.5,-0.15,-0.5333333333333333,-0.056228234641611495,47.97732204890314,2.5761758415987566,21.188800824300454,0.009213489263094048,-2.6911642647812153,0.0003212969633175078,-0.00018145037749839332,0.0016184451969635158,-0.7071067811865477,0.7071067811865474,0.0,1.0
2026-07-27 22:00:00,,0.017084515347834426,-0.9276943944803481,0.5,-0.5,0.15,-0.5333333333333333,0.08328992412666082,51.70845153478344,2.5784184908946775,20.541974931493264,0.00923622791240956,-2.1630043611935954,0.0013992579600614619,0.0002694071100588502,0.001626874761593799,-0.5000000000000004,0.8660254037844384,0.0,1.0
2026-07-27 23:00:00,,0.05703189319025128,-0.9370074129065069,0.5,-0.5,-0.15,-0.5333333333333333,-0.010088255452868471,47.148405340487436,2.5561286038695483,19.84218824627523,0.009218084479764473,-2.207267696978348,-0.0017524449860708557,-3.18900626918861e-05,0.0016126814429444133,-0.25881904510252157,0.9659258262890681,0.0,1.0
2026-07-28 01:00:00,,0.08616360750161761,-0.947263530212771,0.5,-0.5,-0.1,-0.5333333333333333,-0.2924878949898495,45.69181962491912,2.545171811688389,18.758749009260065,0.00823693089459112,-2.2998297596172383,-0.0005889223872372895,-0.0009421094132466834,0.0015014039985573164,0.25881904510252074,0.9659258262890683,0.7818314824680298,0.6234898018587336
2026-07-28 02:00:00,,0.09345249155619882,-0.9543744598800796,0.5,-0.5,-0.1,-0.5333333333333333,-0.6797905908925151,45.32737542219006,2.503368686001385,17.651599503593694,0.008480704024753895,-2.2964223468930407,-0.00014237496188584942,-0.0024837423351939947,0.0012449116214004231,0.49999999999999994,0.8660254037844387,0.7818314824680298,0.6234898018587336
2026-07-28 03:00:00,,0.2635879281510503,-0.987629510599557,0.5,-0.5,-0.1,-0.5333333333333333,-0.9016413826921608,36.82060359244748,2.5294179906757823,17.258985829439954,0.010154900529644607,-3.1863490479485694,-0.0038370200999437998,-0.004568317449066939,0.0014815512621205245,0.7071067811865475,0.7071067811865476,0.7818314824680298,0.6234898018587336
2026-07-28 04:00:00,,0.3665791839323455,-0.9977325698272366,0.5,0.0,-0.1,-0.5333333333333333,-0.9766885621550493,31.671040803382724,2.5603819430284442,17.941279227955675,0.012874241824981038,-4.387642627904235,-0.003097555656516704,-0.007076950718346353,0.0015969586875983523,0.8660254037844386,0.5000000000000001,0.7818314824680298,0.6234898018587336
2026-07-28 05:00:00,,0.391271441001424,-0.9994050035010016,0.5,0.0,-0.1,-0.5333333333333333,-0.9865419421250168,30.4364279499288,2.5357347985412866,18.68343982871871,0.015064195290786196,-5.125912838584446,-0.0008358847262606162,-0.00777046048272112,0.001572870740766529,0.9659258262890683,0.25881904510252074,0.7818314824680298,0.6234898018587336
2026-07-28 06:00:00,,0.2701164773618159,-0.999110448513448,0.5,0.0,-0.1,-0.5333333333333333,-0.5788804148136274,36.49417613190921,2.5245517364120653,19.154498666677604,0.0157273889557221,-4.817761273230921,0.001898279513223855,-0.002035160869553465,0.0016429168193119457,1.0,6.123233995736766e-17,0.7818314824680298,0.6234898018587336
2026-07-28 07:00:00,,0.33269672546715556,-0.9992905230827376,0.5,0.0,-0.3,-0.5333333333333333,-0.2705198226174126,33.36516372664222,2.5000817856394546,19.59191044478229,0.01706942032546022,-4.839145289234732,-0.001898279513223855,-0.0008358847262606162,0.0016473652875861867,0.9659258262890683,-0.25881904510252063,0.7818314824680298,0.6234898018587336
2026-07-28 08:00:00,,-0.13966212823174928,-0.9984072688287708,0.5,0.0,0.3,-0.5333333333333333,0.2775275320011856,36.03378717682507,2.499416200349452,20.46781946163314,0.01741798739463557,-4.343358495474635,0.0008581324647156663,0.0008581324647156663,0.0016110517542035547,0.8660254037844387,-0.4999999999999998,0.7818314824680298,0.6234898018587336
2026-07-28 09:00:00,,-0.11792687563850379,-0.9949464755078945,0.5,0.0,-0.3,-0.5333333333333333,-0.11470551809563699,38.20731243614962,2.483059651731851,20.613516317803743,0.01714769529663326,-3.5803529326567762,0.0006993154160337411,-0.0003408316324744476,0.0016247603496163943,0.7071067811865476,-0.7071067811865475,0.7818314824680298,0.6234898018587336
2026-07-28 10:00:00,,-0.12290044854333396,-0.9873568338715053,-1.0,0.0,0.3,-0.5333333333333333,0.42689472717968624,37.709955145666605,2.448984179530021,20.71849110249436,0.016282049004435018,-2.927395491825175,-0.00025199371631323686,0.0013054541644361706,0.0015932443793495166,0.49999999999999994,-0.8660254037844387,0.7818314824680298,0.6234898018587336
2026-07-28 11:00:00,,-0.1323001256654198,-0.9684549075786577,-1.0,0.0,-0.15,-0.5333333333333333,-0.004262145117694326,36.76998743345802,2.462244367792763,21.17348411216255,0.015652609194028118,-2.424577901006212,-0.0004596814933108817,-1.2359793590377421e-05,0.0015817685010583512,0.258819045102521,-0.9659258262890682,0.7818314824680298,0.6234898018587336
2026-07-28 12:00:00,,-0.2200842099599643,-0.9887231776082871,-1.0,0.0,-0.3,-0.5333333333333333,-0.9584039713755689,27.99157900400357,2.5477385942834907,22.884062685276156,0.01723263357849446,-3.3047544650399194,-0.005386078404544747,-0.006097753614168866,0.0018712204639972985,1.2246467991473532e-16,-1.0,0.7818314824680298,0.6234898018587336
2026-07-28 13:00:00,,-0.19484512255402692,-0.990806613851311,-1.0,0.0,-0.3,-0.5333333333333333,-0.9239700496850678,30.51548774459731,2.541749720578086,24.60094245737216,0.018460579971570402,-3.415414395789444,0.0007627035850337194,-0.00508305631282191,0.0018589975430025186,-0.2588190451025208,-0.9659258262890683,0.7818314824680298,0.6234898018587336
2026-07-28 14:00:00,,-0.3694844924406132,-0.9873111881450066,-1.0,0.0,-0.3,-0.5333333333333333,-0.8855346602340998,31.52577537796934,2.522835271384916,25.720633395770484,0.019146573781136562,-3.1495098434476194,0.0002979671215346258,-0.004325407697976402,0.0018526266453459327,-0.4999999999999997,-0.8660254037844388,0.7818314824680298,0.6234898018587336
2026-07-28 15:00:00,,-0.338398418336063,-0.9683401046640165,-1.0,0.0,0.3,-0.5333333333333333,0.44409166587601845,33.08007908319685,2.539634403445971,26.059540771196634,0.01926199491514903,-2.617328509363599,0.00044182110439194844,0.0015024918109602936,0.0018469645369638783,-0.7071067811865471,-0.7071067811865479,0.7818314824680298,0.6234898018587336
2026-07-28 16:00:00,,-0.4015951850447547,-0.961832948300778,-1.0,0.0,-0.3,-0.5333333333333333,-0.3492775524157709,29.920240747762264,2.558585581542806,26.539985199731092,0.0192780269183162,-2.5445357272917324,-0.0019101680620092765,-0.0011703798360827022,0.0018310694954046137,-0.8660254037844384,-0.5000000000000004,0.7818314824680298,0.6234898018587336
2026-07-28 17:00:00,,-0.3544861105619069,-0.9131795779117973,-1.0,0.0,-0.15,-0.5333333333333333,-0.23890763308215351,32.27569447190466,2.6091131203247766,27.499191456612962,0.01913959604643728,-2.1010114353933904,0.0006462389121537626,-0.0008221080454635654,0.001848574395458159,-0.9659258262890683,-0.25881904510252063,0.7818314824680298,0.6234898018587336
2026-07-28 18:00:00,,-0.0426833111502593,-0.1640642788310551,-1.0,0.0,0.15,-0.5333333333333333,0.8133267876848614,47.865834442487035,2.6684721805238216,26.87397971716672,0.017919768241979155,-0.23870396873962818,0.005323010496967484,0.00405908134711197,0.0022748923119074774,-1.0,-1.8369701987210297e-16,0.7818314824680298,0.6234898018587336
2026-07-28 19:00:00,,-0.1271063912021721,0.3465699761399292,-1.0,0.0,0.15,-0.5333333333333333,0.8049641836498466,43.644680439891395,2.6470002763662546,26.2934259591095,0.015907148285690897,0.5101926837680377,-0.0020732984984253022,0.0038959509106959445,0.0022634973902210336,-0.9659258262890684,0.2588190451025203,0.7818314824680298,0.6234898018587336
2026-07-28 20:00:00,,-0.21347976877140667,0.29761343065015133,0.5,0.0,0.15,-0.5333333333333333,0.2348992669320078,39.32601156142967,2.6564629926807877,26.46839605504699,0.01448388639999772,0.43720263637420587,-0.002402777366784292,0.0008469346317578896,0.0022860081998943337,-0.8660254037844386,0.5000000000000001,0.7818314824680298,0.6234898018587336
2026-07-28 21:00:00,,-0.25555946783517725,0.10223896238155193,0.5,-0.5,-0.15,-0.5333333333333333,-0.9320495403113191,37.22202660824114,2.6294993505073503,26.869890618310627,0.013053350360370135,0.14227008409417152,-0.0012768855668152668,-0.005752961432024861,0.002291037584755317,-0.7071067811865477,0.7071067811865474,0.7818314824680298,0.6234898018587336
2026-07-28 22:00:00,,-0.2093336290561571,0.19915211618848808,0.5,-0.5,-0.15,-0.5333333333333333,-0.6946589168230478,39.533318547192145,2.5897959902523047,27.242706998484003,0.010771386567048355,0.269005884576627,0.0008472986961312046,-0.0028323642374683544,0.0023127595570450092,-0.5000000000000004,0.8660254037844384,0.7818314824680298,0.6234898018587336
2026-07-28 23:00:00,,-0.17983925929469152,0.415001263152086,1.0,-0.5,0.15,-0.5333333333333333,0.03239576684155245,41.008037035265424,2.5618769622874553,27.27133509381074,0.009795434455524464,0.5723681641787479,0.000533851803007579,0.00010426493232351675,0.002192445344913643,-0.25881904510252157,0.9659258262890681,0.7818314824680298,0.6234898018587336
2026-07-29 01:00:00,,-0.27134611142741977,0.1338103446201968,1.0,-0.5,-0.1,-0.5333333333333333,-0.3461562444946346,36.43269442862901,2.5704920018125073,27.854285279749025,0.010203931467379695,0.17597564301274282,-0.0025551368893808046,-0.0011739863902420211,0.0021599680156835837,0.25881904510252074,0.9659258262890683,0.9749279121818236,-0.22252093395631434
2026-07-29 02:00:00,,-0.17927217288587755,0.329612939540851,0.5,-0.5,-0.1,-0.5333333333333333,-0.11142471396913241,41.03639135570612,2.5618087584923135,28.395596166691718,0.010228799411679292,0.4437164144567731,0.001661084512864619,-0.0003602005735086067,0.002201385670492672,0.49999999999999994,0.8660254037844387,0.9749279121818236,-0.22252093395631434
2026-07-29 03:00:00,,-0.2049842203147162,0.3749641059725664,-1.0,-0.5,-0.1,-0.5333333333333333,-0.456383844391452,39.75078898426419,2.559384845761757,28.425174839132545,0.00978538402912618,0.5095994111087183,-0.0006884681855403585,-0.0015825205620565441,0.002146157751846133,0.7071067811865475,0.7071067811865476,0.9749279121818236,-0.22252093395631434
2026-07-29 04:00:00,,-0.14820519197806747,0.5739018818330283,-1.0,-0.5,0.1,-0.5333333333333333,0.5310114941926088,42.58974040109663,2.6006887914279915,28.957482398523936,0.009580330729209883,0.8802213333407689,0.0010089288567041166,0.001981545184028377,0.0021335880582892593,0.8660254037844386,0.5000000000000001,0.9749279121818236,-0.22252093395631434
2026-07-29 05:00:00,,-0.10404783069590763,0.7638266498190082,-1.0,-0.5,0.1,-0.5333333333333333,0.3190284858501572,44.79760846520462,2.608804255837233,28.534876260842953,0.009010313967036401,1.3655297034126637,0.0007944981424454767,0.0011149588136092348,0.002131979862938581,0.9659258262890683,0.25881904510252074,0.9749279121818236,-0.22252093395631434
2026-07-29 06:00:00,,-0.16740956491364273,0.756661771783955,-1.0,-0.5,0.1,-0.5333333333333333,0.10337408767848524,41.629521754317864,2.5879057791854523,28.14245627585347,0.008128190955081232,1.3147039445748216,-0.0014603763809049042,0.0003430506182446891,0.0021387481945974586,1.0,6.123233995736766e-17,0.9749279121818236,-0.22252093395631434
2026-07-29 07:00:00,,-0.11374609846427645,0.8321685888547199,0.5,-0.5,0.3,-0.5333333333333333,0.08052829300043111,44.31269507678618,2.556199703089907,27.986659982847357,0.006995097047916454,1.5401571670667114,0.0009241593789166558,0.0002582811404572283,0.0021564477545604633,0.9659258262890683,-0.25881904510252063,0.9749279121818236,-0.22252093395631434
2026-07-29 08:00:00,,-0.031140134873264457,0.9216914533375508,0.5,0.5,0.3,-0.5333333333333333,0.2898046083374868,48.44299325633678,2.560145301304775,26.39106119981391,0.00591980278527523,2.0702283692319856,0.0014937412055004984,0.00095752420351225,0.0021903537419419037,0.8660254037844387,-0.4999999999999998,0.9749279121818236,-0.22252093395631434
2026-07-29 09:00:00,,0.03328831408348691,0.9775202300572288,1.0,0.5,0.3,-0.5333333333333333,0.8789703322368462,53.32883140834869,2.5538998632864893,24.574748698639944,0.006540669098334906,2.878061573427706,0.0019543713902319126,0.004372271974649067,0.0018565137291208667,0.7071067811865476,-0.7071067811865475,0.9749279121818236,-0.22252093395631434
2026-07-29 10:00:00,,0.049937681870246206,0.9927373048008421,1.0,0.5,0.3,-0.5333333333333333,0.8737934366482857,54.99376818702462,2.520302028585047,23.175936777967006,0.007347029953329701,3.4900801344058365,0.0007074865229501626,0.004155599118682574,0.0018556990058663683,0.49999999999999994,-0.8660254037844387,0.9749279121818236,-0.22252093395631434
2026-07-29 11:00:00,,0.007721053667729123,0.9920033880553417,1.0,0.5,0.15,-0.5333333333333333,0.35768555224590826,50.77210536677291,2.5002089890570476,21.72104030633355,0.007569379422985919,3.361778390149806,-0.0015318694893142748,0.0011299884238678004,0.0018959796335434394,0.258819045102521,-0.9659258262890682,0.9749279121818236,-0.22252093395631434
2026-07-29 12:00:00,,-0.02352436099847921,0.9840540510860791,1.0,0.5,-0.3,-0.5333333333333333,-0.6026313092827142,47.64756390015208,2.4695846451598187,20.76481555515078,0.0076006652307922555,2.8502084471211093,-0.0012167727784397897,-0.002041155744803902,0.0019174009832709762,1.2246467991473532e-16,-1.0,0.9749279121818236,-0.22252093395631434
2026-07-29 13:00:00,,-0.054437031113980086,0.9483469594955221,1.0,-0.5,-0.3,-0.5333333333333333,-0.8855603392546418,44.55629688860199,2.450315116843042,20.3764195922014,0.007410150042391795,2.104056499715833,-0.0012753584641860272,-0.004024000731940092,0.001888473425929204,-0.2588190451025208,-0.9659258262890683,0.9749279121818236,-0.22252093395631434
2026-07-29 14:00:00,,0.03870192442901683,0.9263311726988324,1.0,0.5,-0.3,-0.5333333333333333,-0.41243015712210807,48.06490377854916,2.4496247537097156,19.80933931823213,0.007320699595155459,1.8903886254434683,0.0012332033457429503,-0.0012589278968828665,0.0019023982706165158,-0.4999999999999997,-0.8660254037844388,0.9749279121818236,-0.22252093395631434
2026-07-29 15:00:00,,-0.07654540781997596,0.6950201170691012,1.0,-0.5,-0.3,-0.5333333333333333,-0.6651041354872198,42.345459218002404,2.52533992683283,20.51066956044953,0.0065719754241557165,1.0715859194777906,-0.0024455565771646093,-0.002487711695607686,0.0015380488141119209,-0.7071067811865471,-0.7071067811865479,0.9749279121818236,-0.22252093395631434
2026-07-29 16:00:00,,-0.14855800083165022,-0.3341451081635043,1.0,-0.5,-0.3,-0.5333333333333333,-0.9137561698034377,35.14419991683498,2.588606031270536,21.587988314621896,0.007865293881498559,-0.46254716232443194,-0.003922877619579879,-0.005135230851001538,0.0016982782237490843,-0.8660254037844384,-0.5000000000000004,0.9749279121818236,-0.22252093395631434
2026-07-29 17:00:00,,-0.1570131078969851,-0.8064632823701426,1.0,-0.5,-0.15,-0.5333333333333333,-0.9688117237987198,34.29868921030149,2.5933640210686795,22.953045075951632,0.009291226941838183,-1.4937246778838063,-0.0005292088451458454,-0.006897643041890333,0.001631228501117353,-0.9659258262890683,-0.25881904510252063,0.9749279121818236,-0.22252093395631434
2026-07-29 18:00:00,,-0.11875001996173921,-0.8585617217609564,1.0,-0.5,-0.15,-0.5333333333333333,-0.7504021660362692,38.12499800382608,2.576698492072707,23.76365719507826,0.009944651296122363,-1.6939880321840644,0.0012626484852589215,-0.0031894379794668026,0.0016488797547815118,-1.0,-1.8369701987210297e-16,0.9749279121818236,-0.22252093395631434
2026-07-29 19:00:00,,-0.008201441658359059,-0.3807784705153669,0.5,0.5,0.15,-0.5333333333333333,0.8980163405099172,49.179855834164094,2.6402164235730496,22.544163671480188,0.00995015463473757,-0.5620087892706671,0.0043670310559544845,0.0051004706960675605,0.0019265287886123697,-0.9659258262890684,0.2588190451025203,0.9749279121818236,-0.22252093395631434
2026-07-29 20:00:00,,0.07044525565821325,0.7062353154557401,0.5,0.0,0.15,-0.5333333333333333,0.9905469851994866,57.044525565821324,2.6875611428094017,21.77268494557943,0.010696462680215771,1.2926899987957512,0.004137889091916591,0.009767568633129997,0.0021348334152581534,-0.8660254037844386,0.5000000000000001,0.9749279121818236,-0.22252093395631434
2026-07-29 21:00:00,,0.2351579788284316,0.9980872599022224,0.5,0.0,0.15,-0.5333333333333333,0.9999432574583358,73.51579788284316,2.9148912473431556,23.450090367227173,0.020103314995901424,6.411564542515168,0.015292086020071594,0.02379700616794267,0.003913476661977277,-0.7071067811865477,0.7071067811865474,0.9749279121818236,-0.22252093395631434
2026-07-29 22:00:00,,0.043735688025569604,0.9841721607883861,0.5,0.0,0.15,-0.5333333333333333,0.6518764368455303,52.18678440127848,3.103331823585988,25.17664028462372,0.020249884893001252,5.380017784254769,-0.015133848391327476,0.004296126720660709,0.005329749150712141,-0.5000000000000004,0.8660254037844384,0.9749279121818236,-0.22252093395631434
2026-07-29 23:00:00,,0.13789031996683335,0.9886098022975379,0.5,0.0,0.15,-0.5333333333333333,0.7530477279781365,56.89451599834167,3.1203378421487065,26.640680173611223,0.021379643563570395,5.847501680379202,0.005316053104811758,0.0054742907335558755,0.005442120042795556,-0.25881904510252157,0.9659258262890681,0.9749279121818236,-0.22252093395631434
2026-07-30 01:00:00,,0.22161315732523576,0.9964060117285661,0.5,0.0,-0.1,-0.5333333333333333,-0.662307076311512,61.08065786626179,3.1311756305985257,28.51982337387144,0.024201169270976396,7.236498507933089,0.0053637710711154085,-0.00445402421540031,0.005547596144395475,0.25881904510252074,0.9659258262890683,0.43388373911755823,-0.900968867902419
2026-07-30 02:00:00,0.3333333333333333,0.1997539464473195,0.9974824593901813,1.0,0.0,0.1,-0.5333333333333333,0.9435394579175217,59.987697322365975,3.108715003548876,30.47452181782341,0.026114229280119992,7.474937228596249,-0.0009323622107029195,0.009747461965224247,0.005560561634102566,0.49999999999999994,0.8660254037844387,0.43388373911755823,-0.900968867902419
2026-07-30 03:00:00,0.3333333333333333,0.12852041256360963,0.9935456964070346,1.0,0.0,0.1,-0.5333333333333333,0.24449875941451638,56.42602062818048,3.1072713330441495,30.92831933464081,0.026654681311794565,6.409393026868044,-0.003060138475822427,0.001371270384590062,0.005604308513433619,0.7071067811865475,0.7071067811865476,0.43388373911755823,-0.900968867902419
2026-07-30 04:00:00,0.3333333333333333,0.1807367329469541,0.9918817681525005,0.5,0.0,-0.1,-0.5333333333333333,-0.1703358186228746,59.036836647347705,3.1082612993142233,31.52794943248473,0.027829046996488527,6.158123058656075,0.003050345283559963,-0.0009421554029653834,0.0056308797950158146,0.8660254037844386,0.5000000000000001,0.43388373911755823,-0.900968867902419
2026-07-30 05:00:00,0.3333333333333333,0.06690262143387798,0.9558898466989579,0.5,0.0,-0.1,-0.5333333333333333,-0.7195359507829071,53.3451310716939,3.123739788305376,31.629834972067172,0.02793283651669348,4.309739701104525,-0.0050488980432650266,-0.0050586912355274904,0.005771045258693674,0.9659258262890683,0.25881904510252074,0.43388373911755823,-0.900968867902419
2026-07-30 06:00:00,0.3333333333333333,0.04120373438258824,0.8121118200205717,0.5,0.0,-0.1,-0.5333333333333333,-0.5219685412329481,52.06018671912941,3.1128674846459967,30.943055978237968,0.028002064094443252,2.5480501223666856,-0.0012040080884538895,-0.003202560848158953,0.005768891988312051,1.0,6.123233995736766e-17,0.43388373911755823,-0.900968867902419
2026-07-30 07:00:00,-0.3333333333333333,-0.02495120160949952,0.18979914960717809,0.5,0.0,-0.3,-0.5333333333333333,-0.9398774615173201,48.752439919525024,3.0919854264096425,29.922326319708038,0.027989041818065028,0.4230821376166052,-0.003156005131549122,-0.009408911263268038,0.005816252463042592,0.9659258262890683,-0.25881904510252063,0.43388373911755823,-0.900968867902419
2026-07-30 08:00:00,-0.3333333333333333,-0.08625180428438299,-0.6737569087539028,0.5,0.0,-0.3,-0.5333333333333333,-0.8787404186357954,45.68740978578085,3.093538742463021,28.123151411348154,0.02807800343866679,-1.803197254863857,-0.0031040166707061445,-0.007464029890709156,0.005848980016823178,0.8660254037844387,-0.4999999999999998,0.43388373911755823,-0.900968867902419
2026-07-30 09:00:00,-0.3333333333333333,-0.0673498727354611,-0.8835019731972561,0.5,0.0,-0.3,-0.5333333333333333,-0.7761766882598553,46.632506363226945,3.0582536853249844,26.452488996442547,0.0279816214204139,-2.9625661375871095,0.0008128268482110457,-0.005447194954044221,0.005845282163401968,0.7071067811865476,-0.7071067811865475,0.43388373911755823,-0.900968867902419
2026-07-30 10:00:00,-0.3333333333333333,-0.05451712213202484,-0.9292684496194819,-1.0,0.0,-0.3,-0.5333333333333333,-0.32812350318159467,47.27414389339876,3.0409940621136466,25.421446080278404,0.027675909314662545,-3.4590781755843345,0.0005274882149439719,-0.001763701607551127,0.005837644643095064,0.49999999999999994,-0.8660254037844387,0.43388373911755823,-0.900968867902419
2026-07-30 11:00:00,0.3333333333333333,0.07081884760919309,-0.7659111995634061,-1.0,0.0,0.15,-0.5333333333333333,0.8490450239864147,53.540942380459654,3.092497403526395,25.340744055411957,0.027539007133658772,-2.226030128455145,0.00547880284060831,0.006819117903763328,0.005955444449111705,0.258819045102521,-0.9659258262890682,0.43388373911755823,-0.900968867902419
2026-07-30 12:00:00,0.3333333333333333,0.0827761509961698,-0.5227291035927083,-1.0,0.0,0.3,-0.5333333333333333,0.846327973164755,54.13880754980849,3.0625775693460864,25.271468601077125,0.02693910702165352,-1.2403782102054794,0.0005563227701639306,0.0065626138257162125,0.005918900598248436,1.2246467991473532e-16,-1.0,0.43388373911755823,-0.900968867902419
2026-07-30 13:00:00,0.3333333333333333,0.15876168059808152,0.157111142126219,-1.0,0.0,0.3,-0.5333333333333333,0.9508809473071513,57.938084029904076,3.057914730993408,25.576391107036685,0.025412941358791453,0.3371744457050889,0.003618381769877388,0.009653507380649629,0.005861998489010636,-0.2588190451025208,-0.9659258262890683,0.43388373911755823,-0.900968867902419
2026-07-30 14:00:00,1.0,0.15631047355063843,0.5449618062375081,-1.0,0.0,0.3,-0.5333333333333333,0.6752063695623881,57.81552367753192,3.0099545397882093,25.859533433999133,0.023020194284717237,1.2398822408178045,-8.582480709939944e-05,0.004088879732941919,0.005857222018631946,-0.4999999999999997,-0.8660254037844388,0.43388373911755823,-0.900968867902419
2026-07-30 15:00:00,1.0,0.0938697786247161,0.5073107598805365,-1.0,0.0,0.3,-0.5333333333333333,0.2701748843094733,54.693488931235805,3.0080990946369695,25.532131695647863,0.02016744493572433,1.1321182450524345,-0.0021529326361875434,0.001379624326590445,0.005895848299317829,-0.7071067811865471,-0.7071067811865479,0.43388373911755823,-0.900968867902419
2026-07-30 16:00:00,1.0,0.2953856656787002,0.9311358025790238,-1.0,0.0,0.3,-0.5333333333333333,0.9103549889675372,64.76928328393501,3.10165264639801,26.219268251507227,0.021215442335780238,3.7062156992382445,0.010543538334955471,0.008304780891668528,0.006247538704142132,-0.8660254037844384,-0.5000000000000004,0.43388373911755823,-0.900968867902419
2026-07-30 17:00:00,1.0,0.21225077526013122,0.9523494029725345,-1.0,0.0,0.15,-0.5333333333333333,0.7421700037099092,60.61253876300656,3.1372339151052637,27.096350207477116,0.021709740945200638,4.277262308047945,-0.0030077334761244856,0.005382872222643442,0.0062654071312067995,-0.9659258262890683,-0.25881904510252063,0.43388373911755823,-0.900968867902419
2026-07-30 18:00:00,1.0,0.24624964944852265,0.9692774228771023,0.5,0.0,0.15,-0.5333333333333333,0.9307459490213131,62.31248247242613,3.1502623389132114,27.63049343427526,0.021828540470930767,4.855670018192342,0.0019639669660680426,0.009499771824899028,0.005257592030585202,-1.0,-1.8369701987210297e-16,0.43388373911755823,-0.900968867902419
2026-07-30 19:00:00,1.0,0.25755270211979053,0.9773806318441747,1.0,0.0,-0.15,-0.5333333333333333,-0.07288665155072199,62.877635105989526,3.117850139746792,28.434554006773926,0.02275319382909143,5.051411644042151,0.0006424467708061599,-0.0004013197392502832,0.0038634084270175793,-0.9659258262890684,0.2588190451025203,0.43388373911755823,-0.900968867902419
2026-07-30 20:00:00,1.0,0.1999324143660158,0.9619254160843168,1.0,0.0,0.15,-0.5333333333333333,0.1294236861275449,59.99662071830079,3.0863584161275184,28.606040859565827,0.023569007121212685,4.3160839998759375,-0.001911518022506442,0.0006948957143677603,0.003755882879979992,-0.8660254037844386,0.5000000000000001,0.43388373911755823,-0.900968867902419
2026-07-30 21:00:00,1.0,0.1776507683671771,0.9202355253354068,1.0,0.0,-0.15,-0.5333333333333333,-0.37313822929123464,58.882538418358855,3.0429003674647492,28.76527865144402,0.024009985110616628,3.3347675296387322,-0.0007339217227677608,-0.002002992974468043,0.003578882069349404,-0.7071067811865477,0.7071067811865474,0.43388373911755823,-0.900968867902419
2026-07-30 22:00:00,1.0,0.239821014295634,0.915034145762061,1.0,0.0,0.15,-0.5333333333333333,0.07000920175189182,61.9910507147817,3.02905490523419,29.22697774223818,0.02521196096500269,3.220798259666939,0.002998123244680073,0.0003526834994058703,0.0036245310819052515,-0.5000000000000004,0.8660254037844384,0.43388373911755823,-0.900968867902419
2026-07-30 23:00:00,1.0,0.17604035535083995,0.814671862457803,1.0,0.0,0.15,-0.5333333333333333,0.05356986529517099,58.802017767542,3.021120994983238,29.731665682939223,0.025839048624237842,2.3401987333363667,-0.0019961252599234314,0.000268076261988881,0.0035795836291563545,-0.25881904510252157,0.9659258262890681,0.43388373911755823,-0.900968867902419
2026-07-31 01:00:00,1.0,0.20338139331885302,0.7387878924554564,1.0,0.0,0.1,0.0,0.4353162248087014,60.16906966594265,2.9807476252096765,30.200304485018762,0.026637347055022628,1.8674174859199404,0.0012370934755185914,0.002239091460275233,0.0035312820953145264,0.25881904510252074,0.9659258262890683,-0.433883739117558,-0.9009688679024191
2026-07-31 02:00:00,1.0,0.17899820451130538,0.5442038467977991,0.5,0.0,-0.1,0.0,-0.30861662758454617,58.94991022556527,2.9442248071084247,30.655481647005733,0.026966406964227734,1.158958923189637,-0.0007157691049517467,-0.0014748008893565867,0.0033120268675939893,0.49999999999999994,0.8660254037844387,-0.433883739117558,-0.9009688679024191
2026-07-31 03:00:00,1.0,0.08903564145649213,-0.09818912145506253,0.5,0.0,-0.1,0.0,-0.44439055015966017,54.45178207282461,2.9349091471763145,30.004528302740024,0.026606194678559517,-0.18538721490640064,-0.002714347827371455,-0.0021930234568046103,0.003370008915334527,0.7071067811865475,0.7071067811865476,-0.433883739117558,-0.9009688679024191
2026-07-31 04:00:00,0.3333333333333333,0.011516571916420304,-0.743666116840892,0.5,0.0,-0.1,0.0,-0.8605029605081285,50.575828595821015,2.937903806480245,28.724169175466493,0.02525860607166439,-1.8095367372400482,-0.0025380972526640733,-0.005968214184987275,0.0033379864109260265,0.8660254037844386,0.5000000000000001,-0.433883739117558,-0.9009688679024191
2026-07-31 05:00:00,0.3333333333333333,-0.04597493991558437,-0.9475288798126141,0.5,0.0,-0.1,0.0,-0.9197049619538527,47.70125300422078,2.9282220092456037,26.946123818429466,0.022576426317154674,-3.3781214844506593,-0.0019997997062688455,-0.007252244786304374,0.003284446581635068,0.9659258262890683,0.25881904510252074,-0.433883739117558,-0.9009688679024191
2026-07-31 06:00:00,0.3333333333333333,-0.05357115056211512,-0.9848713801240584,0.5,0.0,-0.1,0.0,-0.7984503218604831,47.321442471894244,2.8859043049666773,25.129145278882604,0.019782015354677603,-4.369484844015767,-0.0002625254719976766,-0.004800422430930595,0.003288306198195685,1.0,6.123233995736766e-17,-0.433883739117558,-0.9009688679024191
2026-07-31 07:00:00,0.3333333333333333,-0.006764330281561826,-0.98996231831567,0.5,0.0,-0.3,0.0,-0.24464867267075183,49.32356697184382,2.8460588377403,23.588363478874015,0.016450758193209365,-4.554223192261517,0.0012090076207957878,-0.0010533175574707343,0.0032924359676145707,0.9659258262890683,-0.25881904510252063,-0.433883739117558,-0.9009688679024191
2026-07-31 08:00:00,0.3333333333333333,-0.030093925982384563,-0.9943996748520417,0.5,0.0,-0.3,0.0,-0.12617395841288298,46.990607401761544,2.816166198367446,22.286639489475323,0.01552488706726163,-4.909571037225886,-0.0014666930913396214,-0.0005202109425415102,0.0031011001790357553,0.8660254037844387,-0.4999999999999998,-0.433883739117558,-0.9009688679024191
2026-07-31 09:00:00,0.3333333333333333,-0.014620100780813132,-0.9933804934712605,0.5,0.0,0.3,0.0,0.14836227608469485,48.53798992191869,2.80894868085842,21.40593628698562,0.01454457867813774,-4.735129799857269,0.0008660505083177839,0.0006083650377739502,0.0031039598757067978,0.7071067811865476,-0.7071067811865475,-0.433883739117558,-0.9009688679024191
2026-07-31 10:00:00,0.3333333333333333,-0.05379983438117719,-0.9961611943206345,0.5,0.0,-0.3,0.0,-0.6396010762118529,44.62001656188228,2.788145856420113,20.13552470506184,0.015189532738624011,-5.081497727201503,-0.002420934150064724,-0.0030215767330865617,0.00304450381813855,0.49999999999999994,-0.8660254037844387,-0.433883739117558,-0.9009688679024191
2026-07-31 11:00:00,0.3333333333333333,0.15982105213298156,-0.9979995491681443,0.5,0.0,-0.15,0.0,-0.6822079222417172,42.00894739335092,2.776203544666379,19.464099472923735,0.016347121865357767,-5.5452321736108345,-0.0017345930086509753,-0.0032894766503979156,0.0030655712612099604,0.258819045102521,-0.9659258262890682,-0.433883739117558,-0.9009688679024191
2026-07-31 12:00:00,0.3333333333333333,0.19966927004502139,-0.9988784057861465,0.5,0.0,-0.3,0.0,-0.8883017112274723,40.01653649774893,2.766333680843128,19.132438032510233,0.017475615729683078,-5.951131106179452,-0.0013725823332375597,-0.005528109491953259,0.0030444303806539757,1.2246467991473532e-16,-1.0,-0.433883739117558,-0.9009688679024191
2026-07-31 13:00:00,0.3333333333333333,0.20426627435776537,-0.9992145764103836,0.5,0.0,-0.3,0.0,-0.7014474798020188,39.78668628211173,2.7230936783345823,18.82446669498341,0.0183612439617289,-5.970678875530035,-0.0001553658560755622,-0.0032625411979640973,0.0017104036549851003,-0.2588190451025208,-0.9659258262890683,-0.433883739117558,-0.9009688679024191
2026-07-31 14:00:00,0.3333333333333333,0.2125392594376487,-0.9991276909436012,-1.0,0.0,-0.3,0.0,-0.4527391184098103,39.373037028117565,2.700908828651324,18.25405321468143,0.01951897436079522,-5.761515881449527,-0.0002639306691669674,-0.0017918788584800893,0.0016238894944052365,-0.4999999999999997,-0.8660254037844388,-0.433883739117558,-0.9009688679024191
2026-07-31 15:00:00,0.3333333333333333,0.3061287706752009,-0.9994042412037161,-1.0,0.0,-0.3,0.0,-0.744837448927096,34.693561466239956,2.719848860360634,18.47392162295401,0.021025939893664757,-6.161159207685229,-0.0031849875519966986,-0.003604284077239228,0.001609357603703179,-0.7071067811865471,-0.7071067811865479,-0.433883739117558,-0.9009688679024191
2026-07-31 16:00:00,-0.3333333333333333,0.39867726481283683,-0.9997296206611623,-1.0,0.0,-0.3,0.0,-0.952218713222756,30.06613675935816,2.765125067390706,19.733387052612215,0.023268409409450682,-7.073962151871511,-0.0038433738035656972,-0.007292292024729363,0.0017037632043207442,-0.8660254037844384,-0.5000000000000004,-0.433883739117558,-0.9009688679024191
2026-07-31 17:00:00,-0.3333333333333333,-0.07248876779996721,-0.9977731424203627,-1.0,0.0,-0.15,0.0,-0.25973716253538315,42.75112322000328,2.824534356939228,20.535622181479393,0.023334880869617446,-5.7293758426520505,0.00592254881631149,-0.0011058125392509055,0.00229372515221396,-0.9659258262890683,-0.25881904510252063,-0.433883739117558,-0.9009688679024191
2026-07-31 18:00:00,-0.3333333333333333,-0.08490073571861266,-0.9933319822431245,-1.0,0.0,0.15,0.0,0.2755148669233035,41.50992642813873,2.8210822574365504,21.05145910518223,0.023473112226019083,-4.786781703422711,-0.0009043178082457359,0.0011748572045000572,0.0022943363771535876,-1.0,-1.8369701987210297e-16,-0.433883739117558,-0.9009688679024191
2026-07-31 19:00:00,-0.3333333333333333,-0.09262651760056365,-0.9863541044993062,-1.0,0.0,0.15,0.0,0.8042870179283229,40.737348239943636,2.7871044020773166,21.53045053433486,0.022475386946734326,-4.042753331135593,-0.0005489193597281172,0.004469311648337637,0.0021271073544856336,-0.9659258262890684,0.2588190451025203,-0.433883739117558,-0.9009688679024191
2026-07-31 20:00:00,-0.3333333333333333,-0.04224904678933782,-0.9295786844946113,-1.0,0.0,0.15,0.0,0.2682573256019034,45.77509532106622,2.7749131665575035,21.445521449302763,0.021257675268896204,-2.654612104467917,0.0025417807869647646,0.0010885436189909115,0.002236975101376149,-0.8660254037844386,0.5000000000000001,-0.433883739117558,-0.9009688679024191
2026-07-31 21:00:00,-0.3333333333333333,-0.05255907970608448,-0.81160555025889,-1.0,0.0,0.15,0.0,0.3400035910181625,44.74409202939155,2.739290652702551,21.341304039051877,0.019186354393694306,-1.7514431881237336,-0.0006391597857895448,0.0013537016414471026,0.002194035889113955,-0.7071067811865477,0.7071067811865474,-0.433883739117558,-0.9009688679024191
2026-07-31 22:00:00,-0.3333333333333333,-0.051990436372267086,-0.5927165943118408,-1.0,0.0,0.15,0.0,0.47800784512168254,44.80095636277329,2.708564561316828,21.18808853721704,0.016762964050306518,-1.023291541811786,2.7154090828318544e-05,0.0019297750920035384,0.0022002365252226457,-0.5000000000000004,0.8660254037844384,-0.433883739117558,-0.9009688679024191
2026-07-31 23:00:00,-0.3333333333333333,-0.07253388290782255,-0.4748606970632428,-1.0,0.0,-0.15,0.0,-0.46032138812006534,42.746611709217746,2.6787210668789743,21.244274514678406,0.015135281064011524,-0.752106153236956,-0.0011781779126920355,-0.0017901836076532618,0.0021515408654906266,-0.25881904510252157,0.9659258262890681,-0.433883739117558,-0.9009688679024191
2026-08-03 01:00:00,0.3333333333333333,0.013791581617176262,0.3703742849585223,-1.0,0.0,0.1,-0.5333333333333333,0.6553215498173738,51.379158161717626,2.7675486952098862,20.685630093195737,0.013999743625361516,0.6190430446557649,0.004229545753982933,0.003078521932119216,0.0023530020025881214,0.25881904510252074,0.9659258262890683,0.0,1.0
2026-08-03 02:00:00,0.3333333333333333,0.06115807675078422,0.8920493570694065,0.5,0.0,0.1,-0.5333333333333333,0.9087847284839934,56.11580767507842,2.7498057562442106,20.15548656269901,0.013901424042971707,2.239387850449109,0.0028016110374977643,0.005852978878788662,0.0024102814862156695,0.49999999999999994,0.8660254037844387,0.0,1.0
2026-08-03 03:00:00,-0.3333333333333333,0.03603714937022943,0.8537142648845601,0.5,0.0,0.1,-0.5333333333333333,0.5781989200676431,48.19814253148853,2.7861337074712775,18.952077783148667,0.01328792100297834,2.0592117987810337,-0.004390216760780774,0.002640940030699923,0.0026013852785470868,0.7071067811865475,0.7071067811865476,0.0,1.0
2026-08-03 04:00:00,-0.3333333333333333,0.04028533855016022,0.8170921875780063,0.5,0.0,-0.1,-0.5333333333333333,-0.405248015990844,47.98573307249199,2.785789263567154,18.047240242203404,0.012139585594663618,1.8612160356317178,-0.0001281836380258028,-0.0017167893613088125,0.002579675121361515,0.8660254037844386,0.5000000000000001,0.0,1.0
2026-08-03 05:00:00,0.3333333333333333,-0.015428592192779008,0.8596587857133606,0.5,0.0,-0.1,-0.5333333333333333,-0.637181303573182,50.77142960963895,2.7821142592399104,16.87277601987504,0.011489061484519692,2.0870431006527532,0.0015272744573628927,-0.002991125941443684,0.0025947541844509236,0.9659258262890683,0.25881904510252074,0.0,1.0
2026-08-03 06:00:00,0.3333333333333333,-0.03789332539722281,0.9028605752403429,0.5,0.0,0.1,-0.5333333333333333,0.48051635074198396,51.89466626986114,2.749835289454651,15.702490584451951,0.010526834943964869,2.326431902769312,0.0006176371270747438,0.0020167279464118337,0.0025902633021703007,1.0,6.123233995736766e-17,0.0,1.0
2026-08-03 07:00:00,0.3333333333333333,-0.023267942934349577,0.9091944509659674,0.5,0.0,0.3,-0.5333333333333333,0.4457489268928121,51.16339714671748,2.716257961610613,14.906564381134382,0.010290119035627444,2.303113248132216,-0.0003592166164008148,0.0017856949680368217,0.002535785450681436,0.9659258262890683,-0.25881904510252063,0.0,1.0
2026-08-03 08:00:00,0.3333333333333333,-0.07563136759818705,0.9329915821551216,0.5,0.0,0.3,-0.5333333333333333,0.40376604229765245,53.78156837990935,2.7201062794666266,14.386182035372025,0.010717315978221413,2.552087847516176,0.0013402536683759791,0.0015986741790499082,0.002521560441611668,0.8660254037844387,-0.4999999999999998,0.0,1.0
2026-08-03 09:00:00,0.3333333333333333,-0.02070213673341371,0.9099490234225153,0.5,0.0,-0.3,-0.5333333333333333,-0.07285529924726179,51.035106836670685,2.7036843222894054,13.689348127731048,0.010929152333779552,2.2808621989740345,-0.0012492071127638837,-0.0002681700607887194,0.002517911503114906,0.7071067811865476,-0.7071067811865475,0.0,1.0
2026-08-03 10:00:00,-0.3333333333333333,0.012233498237422395,0.8420304461475305,0.5,0.0,-0.3,-0.5333333333333333,-0.18083223533480292,49.38832508812888,2.696076464835217,13.741735222983678,0.011017063926251382,1.820239990973778,-0.0007581538824688039,-0.0006671073268567085,0.0025248298266236572,0.49999999999999994,-0.8660254037844387,0.0,1.0
2026-08-03 11:00:00,-0.3333333333333333,0.029963311382649353,0.7373291199109184,0.5,0.0,-0.15,-0.5333333333333333,-0.5929798597332726,48.50183443086753,2.662699337814215,13.790380382861121,0.011054870400972193,1.3540793600496186,-0.0003990000422380291,-0.0024063610374707167,0.002525972946023251,0.258819045102521,-0.9659258262890682,0.0,1.0
2026-08-03 12:00:00,-0.3333333333333333,0.07278002005687995,0.48400405647310113,0.5,0.0,-0.3,-0.5333333333333333,-0.5326872123021039,46.360998997156,2.6693297303097028,14.436018948097317,0.010561332678636492,0.7622082991471257,-0.0009538116834271193,-0.0021109656081339523,0.0024217113625341763,1.2246467991473532e-16,-1.0,0.0,1.0
2026-08-03 13:00:00,-0.3333333333333333,0.13622546103868116,-0.009732299535428816,0.5,-0.5,-0.3,-0.5333333333333333,-0.6683141642616607,43.18872694806594,2.6533114737949397,15.083401479035267,0.008144035455936909,-0.013821262364848597,-0.0014756398761068823,-0.0028284516017720307,0.0022674940460805687,-0.2588190451025208,-0.9659258262890683,0.0,1.0
2026-08-03 14:00:00,0.3333333333333333,-0.018782637212060395,0.22758544168677838,0.5,0.5,0.3,-0.5333333333333333,0.20240521315714596,50.93913186060302,2.6721408807343865,14.964858208477924,0.008009645180017556,0.3352065288518542,0.0031608300681842394,0.0007313785086502378,0.0019719822772605194,-0.4999999999999997,-0.8660254037844388,0.0,1.0
2026-08-03 15:00:00,-0.3333333333333333,0.12604283966163707,-0.24141139217090454,0.5,-0.5,-0.3,-0.5333333333333333,-0.46710092040355283,43.69785801691815,2.7112921559110963,15.12238418538132,0.007843730178143606,-0.37060801321164405,-0.0035659013687414642,-0.0018807111766641071,0.0021311901663050984,-0.7071067811865471,-0.7071067811865479,0.0,1.0
2026-08-03 16:00:00,-0.3333333333333333,0.2487646527957044,-0.7897781575750462,0.5,-0.5,-0.3,-0.5333333333333333,-0.7769506341662881,37.56176736021478,2.800382822711913,16.781775651205663,0.009067692167499931,-1.7616357727599565,-0.003819183951867089,-0.004224255252424314,0.002296954048179126,-0.8660254037844384,-0.5000000000000004,0.0,1.0
2026-08-03 17:00:00,-0.3333333333333333,0.20143045038735083,-0.8847940975637806,0.5,0.0,-0.15,-0.5333333333333333,-0.9211895683820142,39.92847748063246,2.7850653134701093,18.322639155185414,0.010097915621655261,-2.263953242999364,0.0009964233690045177,-0.0063886619516040355,0.002227155246634,-0.9659258262890683,-0.25881904510252063,0.0,1.0
2026-08-03 18:00:00,-0.3333333333333333,0.2032911684094934,-0.9134807346848117,-1.0,0.0,-0.15,-0.5333333333333333,-0.6266248023376718,39.83544157952533,2.7611909228198552,19.553112489385597,0.010948698164462265,-2.448977073082995,-5.698252743790988e-05,-0.002879743110300481,0.002225064865959773,-1.0,-1.8369701987210297e-16,0.0,1.0
2026-08-03 19:00:00,-0.3333333333333333,-0.09825158398438191,-0.9183822729088977,-1.0,0.0,0.15,-0.5333333333333333,0.2792218267948037,40.17484160156181,2.709775935730104,20.69569487114291,0.011655413876535738,-2.3719831796159907,0.00012882543428105464,0.0010682662758476624,0.0022256830759830766,-0.9659258262890684,0.2588190451025203,0.0,1.0
2026-08-03 20:00:00,-0.3333333333333333,-0.1258348191442743,-0.9435287105664059,-1.0,0.0,-0.15,-0.5333333333333333,-0.3928784896936062,37.41651808557257,2.674083665985822,22.038742460531918,0.01268589614572142,-2.5652662146813743,-0.001564369396092502,-0.0014925264892493573,0.002236479309656653,-0.8660254037844386,0.5000000000000001,0.0,1.0
2026-08-03 21:00:00,-0.3333333333333333,-0.04371128718456703,-0.8198822170321138,-1.0,0.0,0.15,-0.5333333333333333,0.4516784132168363,45.6288712815433,2.6799825891027105,22.314148557907675,0.012714904520159033,-1.686675470431215,0.0031930745645212255,0.0017575306027097781,0.0021383943134097535,-0.7071067811865477,0.7071067811865474,0.0,1.0
2026-08-03 22:00:00,-0.3333333333333333,0.004178300832620821,-0.2948127974383637,-1.0,0.0,0.15,-0.5333333333333333,0.7877638290426836,50.41783008326208,2.6702638308220825,21.37409068299268,0.011739558360495225,-0.4388439793675749,0.0021765374978173213,0.003805242666246045,0.0020956216547664075,-0.5000000000000004,0.8660254037844384,0.0,1.0
2026-08-03 23:00:00,-0.3333333333333333,0.020192679402908028,0.41106108240946826,0.5,0.0,0.15,-0.5333333333333333,0.9437765222187422,52.0192679402908,2.639001880407275,20.265186007592746,0.011710698607707605,0.6116084235108143,0.0007647391502221268,0.006134351212560674,0.0018680002242837926,-0.25881904510252157,0.9659258262890681,0.0,1.0
2026-08-04 01:00:00,-0.3333333333333333,-0.015989805394741836,0.692498012898862,0.5,0.0,0.1,-0.5333333333333333,0.6206412221291955,50.79949026973709,2.5994564669943676,19.345615238324438,0.011671240913514692,1.147482449316441,-0.0005278541863731334,0.0024134224616663147,0.0018713397377901838,0.25881904510252074,0.9659258262890683,0.7818314824680298,0.6234898018587336
2026-08-04 02:00:00,-0.3333333333333333,-0.02393700809046294,0.8256150589548749,0.5,0.0,0.1,-0.5333333333333333,0.12754686895654352,51.19685040452315,2.5545853220959556,18.40185154018506,0.011425304770037708,1.5107259594801228,0.00017022641387498538,0.00040711137772397876,0.0018357399652891644,0.49999999999999994,0.8660254037844387,0.7818314824680298,0.6234898018587336
2026-08-04 03:00:00,-1.0,0.033677707710765364,0.7781781020686986,0.5,0.0,-0.1,-0.5333333333333333,-0.4303024461487283,48.31611461446173,2.5972650684396776,18.022973348838427,0.010998517808115277,1.3973911938719166,-0.0011674963468877309,-0.0015251241193858789,0.001841935810293332,0.7071067811865475,0.7071067811865476,0.7818314824680298,0.6234898018587336
2026-08-04 04:00:00,-0.3333333333333333,-0.07868652676189412,0.8784747855747139,0.5,0.0,0.1,-0.5333333333333333,0.37599006988626793,53.934326338094706,2.6290098654624976,17.02700101415089,0.010754244144727278,1.897504365763932,0.0023484149132340093,0.0013511449802212638,0.0019270252107428697,0.8660254037844386,0.5000000000000001,0.7818314824680298,0.6234898018587336
2026-08-04 05:00:00,-0.3333333333333333,-0.08431649670653428,0.9223684416076152,1.0,0.0,0.1,-0.5333333333333333,0.37146102856241275,54.215824835326714,2.607127008086823,16.416631315672237,0.010094407245035488,2.175937937639659,0.00012318881658224257,0.001304107382928521,0.0018994014303218697,0.9659258262890683,0.25881904510252074,0.7818314824680298,0.6234898018587336
2026-08-04 06:00:00,-0.3333333333333333,0.00016770804151633456,0.8842815723536109,1.0,0.5,0.1,-0.5333333333333333,0.2644160939001828,49.99161459792418,2.587121941186053,15.470975310056328,0.009596845848528705,1.854253446620521,-0.0015828991063475684,0.0008887046234686835,0.0019112364916158756,1.0,6.123233995736766e-17,0.7818314824680298,0.6234898018587336
2026-08-04 07:00:00,-0.3333333333333333,-0.12434935733874568,0.9342110819449144,1.0,0.5,0.3,-0.5333333333333333,0.35300563763838744,56.217467866937284,2.598708318323838,15.029012085486553,0.009763683412012676,2.2731091779394683,0.0026810724572357003,0.0012213621674703745,0.0020051473454724186,0.9659258262890683,-0.25881904510252063,0.7818314824680298,0.6234898018587336
2026-08-04 08:00:00,0.3333333333333333,-0.09902371287812528,0.9409577364234397,1.0,0.5,0.3,-0.5333333333333333,0.19290533859593995,54.951185643906264,2.584604695180279,14.765083433467916,0.00989055317454864,2.3153079751149854,-0.00046029806958358677,0.0006378752813045452,0.002005886731819782,0.8660254037844387,-0.4999999999999998,0.7818314824680298,0.6234898018587336
2026-08-04 09:00:00,0.3333333333333333,-0.11857537116699078,0.9459976621106929,1.0,0.0,0.3,-0.5333333333333333,0.6751912750055201,55.92876855834954,2.5702900818663643,14.360327813316388,0.010262076479432352,2.3424035536022947,0.00042092256508041714,0.0026416969527325307,0.001993974690984014,0.7071067811865476,-0.7071067811865475,0.7818314824680298,0.6234898018587336
2026-08-04 10:00:00,0.3333333333333333,-0.14202644363423247,0.9550651833452377,0.5,0.0,0.3,-0.5333333333333333,0.14531515871000378,57.10132218171162,2.5315118716956815,14.034762603803511,0.010787132868797651,2.371780643204362,0.0004920824042056182,0.0004527068997024486,0.0019605497256614214,0.49999999999999994,-0.8660254037844387,0.7818314824680298,0.6234898018587336
2026-08-04 11:00:00,-0.3333333333333333,0.002955174082501486,0.8476583791994344,0.5,0.0,-0.15,-0.5333333333333333,-0.4589261369741781,49.852241295874926,2.5638085815365743,14.354385334129029,0.010518848277160498,1.6202573609612858,-0.002499825821518087,-0.0015868208522320515,0.0019180796679883086,0.258819045102521,-0.9659258262890682,0.7818314824680298,0.6234898018587336
2026-08-04 12:00:00,-0.3333333333333333,0.06821901220419861,0.5183531550443388,0.5,0.0,-0.3,-0.5333333333333333,-0.7812622308958451,46.58904938979007,2.5440585843299655,13.578967617222046,0.010504313809677954,0.730881488115548,-0.001283123891379745,-0.0032908673086922136,0.001761743907740836,1.2246467991473532e-16,-1.0,0.7818314824680298,0.6234898018587336
2026-08-04 13:00:00,-0.3333333333333333,0.013665294661557824,0.2900735058988177,1.0,0.5,-0.3,-0.5333333333333333,-0.7074901977833796,49.31673526692211,2.5572609859722952,13.358989723788145,0.009695582435776501,0.3852669854614006,0.0009797643673259415,-0.0028031853455718903,0.0015206881352220604,-0.2588190451025208,-0.9659258262890683,0.7818314824680298,0.6234898018587336
2026-08-04 14:00:00,0.3333333333333333,-0.2135930630678398,0.7757021990712657,1.0,0.0,0.3,-0.5333333333333333,0.8800962015613522,60.67965315339199,2.6577371145063213,14.915590599428022,0.010289061951252556,1.4755914990539292,0.005132367499774304,0.004829007975720501,0.0018669554503545076,-0.4999999999999997,-0.8660254037844388,0.7818314824680298,0.6234898018587336
2026-08-04 15:00:00,1.0,-0.15797169016896448,0.8372566532014359,0.5,0.0,0.3,-0.5333333333333333,0.882107205554766,57.898584508448224,2.703332770154952,16.370170451234138,0.010150642060375976,1.8093352130022784,-0.0010189638633892883,0.005093168003710957,0.0018935422051211328,-0.7071067811865471,-0.7071067811865479,0.7818314824680298,0.6234898018587336
2026-08-04 16:00:00,1.0,-0.2758000409385102,0.9377290626458638,0.5,0.0,0.3,-0.5333333333333333,0.9540969898454814,63.79000204692551,2.7851975887965352,18.237598267665945,0.01106803608136961,2.7851184470968806,0.0033549753972810237,0.007468379033666039,0.002001303704278253,-0.8660254037844384,-0.5000000000000004,0.7818314824680298,0.6234898018587336
2026-08-04 17:00:00,1.0,-0.2624492543138355,0.959945720545411,0.5,0.0,0.15,-0.5333333333333333,0.4820338679086525,63.122462715691775,2.791424707075919,19.971638382924052,0.010604975150662941,3.171528997907049,-0.00023506999562172837,0.002100941538270007,0.0019474566821242611,-0.9659258262890683,-0.25881904510252063,0.7818314824680298,0.6234898018587336
2026-08-04 18:00:00,1.0,0.1467345781600906,0.9727206331137712,0.5,0.0,0.15,-0.5333333333333333,0.7690514160324003,64.67345781600906,2.783091482798087,21.581818489949434,0.011368177895017517,3.4609903531167694,0.000915481989292033,0.004035387390951328,0.0018555340774026922,-1.0,-1.8369701987210297e-16,0.7818314824680298,0.6234898018587336
2026-08-04 19:00:00,1.0,0.17203504137996475,0.9846650598710159,0.5,0.0,0.15,-0.5333333333333333,0.5228295876600815,67.20350413799648,2.7580916750017246,23.35152731380665,0.012920073884385562,3.8344639469287003,0.0015573299711189037,0.0022377419647892083,0.0018317906998138332,-0.9659258262890684,0.2588190451025203,0.7818314824680298,0.6234898018587336
2026-08-04 20:00:00,1.0,0.23546741126947282,0.9698414371217674,0.5,0.0,0.15,-0.5333333333333333,0.17528669046140474,61.77337056347364,2.7782706123224905,25.60306394346583,0.013544354873225157,3.3624424045836063,-0.001775109332124103,0.0006977026282868337,0.0018998489778550439,-0.8660254037844386,0.5000000000000001,0.7818314824680298,0.6234898018587336
2026-08-04 21:00:00,1.0,0.14975157719642027,0.9111877135241017,0.5,0.0,-0.15,-0.5333333333333333,-0.4189496297871856,57.487578859821014,2.768003211570496,26.272529227243805,0.01353138985735696,2.443931724064,-0.0015233339952782643,-0.0017411133562834635,0.001937585800333044,-0.7071067811865477,0.7071067811865474,0.7818314824680298,0.6234898018587336
2026-08-04 22:00:00,1.0,0.12727338392870052,0.7715525264877582,0.5,0.0,-0.15,-0.5333333333333333,-0.7538848649713727,56.363669196435026,2.7356116203526932,26.894175562180497,0.013362556556479206,1.5791584815622723,-0.00040694154576748076,-0.003705384873169848,0.0019444001861814635,-0.5000000000000004,0.8660254037844384,0.7818314824680298,0.6234898018587336
2026-08-04 23:00:00,1.0,0.11441102060752811,0.5140249896319877,0.5,0.0,-0.15,-0.5333333333333333,-0.5343566064875066,55.720551030376406,2.6907549540290323,27.259895672749206,0.012725331489455852,0.8376636927371219,-0.00022315270726558367,-0.0021534282483113287,0.0019181095702512083,-0.25881904510252157,0.9659258262890681,0.7818314824680298,0.6234898018587336
2026-08-05 01:00:00,1.0,0.09055503238905543,0.1138836688672089,0.5,0.0,-0.1,0.0,-0.28241144242773214,54.52775161945277,2.6695391461644586,27.95641719340258,0.012510846745199223,0.16508808615999282,-0.0003973841383189125,-0.001027478391351977,0.001865064360168782,0.25881904510252074,0.9659258262890683,0.9749279121818236,-0.22252093395631434
2026-08-05 02:00:00,1.0,0.043766895229379654,-0.35363704840590426,0.5,0.0,-0.1,0.0,-0.37850266410789707,52.18834476146898,2.6574739835910055,27.34348365017628,0.012226694520929253,-0.5270500822784392,-0.0007731437266524921,-0.0013936805722369883,0.001878048817029861,0.49999999999999994,0.8660254037844387,0.9749279121818236,-0.22252093395631434
2026-08-05 03:00:00,1.0,0.16512222440050026,-0.24849718358967254,-1.0,0.0,0.1,0.0,0.34686500973673673,58.25611122002501,2.653507956041407,27.230706730892695,0.011660034440143689,-0.36050671580046956,0.0024303196022579243,0.0012597917372865197,0.0018954728983857732,0.7071067811865475,0.7071067811865476,0.9749279121818236,-0.22252093395631434
2026-08-05 04:00:00,1.0,0.3349058032489478,0.5297945556858894,0.5,0.0,0.1,0.0,0.9333725310131378,66.74529016244739,2.708474437528302,28.20148325019415,0.012888882393315057,0.8851646994270013,0.0045236173638052435,0.006180793239410676,0.002052099915520929,0.8660254037844386,0.5000000000000001,0.9749279121818236,-0.22252093395631434
2026-08-05 05:00:00,1.0,0.5000584946671092,0.9632358833485284,0.5,0.0,0.1,0.0,0.9975633550923291,75.00292473335546,2.8210928916615226,30.245002093685883,0.01695507774606425,3.340419262589301,0.006784827295073015,0.013738764261136183,0.0024765792337799078,0.9659258262890683,0.25881904510252074,0.9749279121818236,-0.22252093395631434
2026-08-05 06:00:00,1.0,0.48625034551842733,0.9926911555116655,0.5,0.0,0.1,0.0,0.9924386570843543,74.31251727592137,2.791855262581167,32.181352992232185,0.019631529923863068,4.573802809151578,-0.00023494903288501234,0.011073495625993246,0.0024865029854944584,1.0,6.123233995736766e-17,0.9749279121818236,-0.22252093395631434
2026-08-05 07:00:00,1.0,0.5219627690056399,0.9978347964048331,0.5,0.0,0.3,0.0,0.9720638650432817,76.098138450282,2.7785809750661223,34.10822379764379,0.022352710209856196,5.494670905126398,0.0017692372814792634,0.008319115543667266,0.0024948353919072622,0.9659258262890683,-0.25881904510252063,0.9749279121818236,-0.22252093395631434
2026-08-05 08:00:00,1.0,0.6222370296274682,0.9995044850404512,0.5,0.0,0.3,0.0,0.9491332938504965,81.1118514813734,2.8733633699150545,36.59244129014715,0.026595623707544244,7.346510201046442,0.006248302773910197,0.007782591022504448,0.002638644270589033,0.8660254037844387,-0.4999999999999998,0.9749279121818236,-0.22252093395631434
2026-08-05 09:00:00,1.0,0.6688975753134315,0.9999243799607852,0.5,0.0,0.3,0.0,0.9923393472227287,83.44487876567158,2.8773254865275013,38.994484892347906,0.0308402793145028,9.045821328255306,0.0038782746778629473,0.011895814733252408,0.0026259804750823745,0.7071067811865476,-0.7071067811865475,0.9749279121818236,-0.22252093395631434
2026-08-05 10:00:00,1.0,0.5811027423146214,0.9999280325098777,0.5,0.0,0.3,0.0,0.9634502204772731,79.05513711573107,2.8759306848888917,41.244066849810764,0.03301370320771842,9.07713194572123,-0.001617117356211395,0.00850946009556175,0.002718208105451429,0.49999999999999994,-0.8660254037844387,0.9749279121818236,-0.22252093395631434
2026-08-05 11:00:00,1.0,0.4536102931935881,0.9997355644121987,0.5,0.0,-0.15,0.0,-0.05886476480478616,72.6805146596794,2.86091463203897,42.97004727199372,0.0345280222166606,7.80451682796955,-0.002508706763705959,-0.00024754944205440665,0.002705844000301842,0.258819045102521,-0.9659258262890682,0.9749279121818236,-0.22252093395631434
2026-08-05 12:00:00,1.0,0.42844556061597616,0.9986404417303726,1.0,0.0,-0.3,0.0,-0.8072663688496691,71.42227803079881,2.848588514854856,43.95871867446092,0.03513844301136549,6.295151975049507,-0.0005097121919543923,-0.004635536311871746,0.0026878104482267362,1.2246467991473532e-16,-1.0,0.9749279121818236,-0.22252093395631434
2026-08-05 13:00:00,1.0,0.4451810553083675,0.9950396008483398,1.0,0.0,-0.3,0.0,-0.4945080166184765,72.25905276541837,2.8251310596339305,44.570352283282965,0.03611756548450249,5.056360483888408,0.0008245460355880141,-0.0021938729200723373,0.002633240549823811,-0.2588190451025208,-0.9659258262890683,0.9749279121818236,-0.22252093395631434
2026-08-05 14:00:00,1.0,0.5564263438557197,0.9959328078602604,1.0,0.0,0.3,0.0,0.9204927382643083,77.82131719278598,2.887912442457276,45.93804951810147,0.03853237201292955,5.56262544468364,0.006533810685443342,0.006848644529076964,0.002896580561823908,-0.4999999999999997,-0.8660254037844388,0.9749279121818236,-0.22252093395631434
2026-08-05 15:00:00,1.0,0.4962616222634179,0.9907258993083895,1.0,0.0,0.3,0.0,0.8764444841393388,74.8130811131709,2.9361158182023344,47.584379976822106,0.039964115209052097,5.0583007866649865,-0.0012134764240112617,0.006144880297020094,0.002949123232071366,-0.7071067811865471,-0.7071067811865479,0.9749279121818236,-0.22252093395631434
2026-08-05 16:00:00,1.0,0.5735314677079398,0.9946362681267523,1.0,0.0,0.3,0.0,0.9805772198217664,78.67657338539699,2.9529467119410473,49.11311540277698,0.04268662831616783,5.6706690543983385,0.005270779705682571,0.010591113967114651,0.003088503972637741,-0.8660254037844384,-0.5000000000000004,0.9749279121818236,-0.22252093395631434
2026-08-05 17:00:00,1.0,0.6681457492887382,0.9990043578707438,1.0,0.0,0.15,0.0,0.9897780850840551,83.4072874644369,3.041662482959737,51.082027975196425,0.047583852378677786,7.962206360011265,0.009032078196787197,0.013089381478458506,0.003437864466436827,-0.9659258262890683,-0.25881904510252063,0.9749279121818236,-0.22252093395631434
2026-08-05 18:00:00,1.0,0.5600212389122495,0.9987343475475801,1.0,0.0,0.15,0.0,0.9783389238483283,78.00106194561248,3.0817472690304846,53.082412457228514,0.04955668268793757,8.026197046884338,-0.0026117652745512032,0.011691092627918565,0.0035028161742675437,-1.0,-1.8369701987210297e-16,0.9749279121818236,-0.22252093395631434
2026-08-05 19:00:00,1.0,0.5848878322498356,0.9986515505239386,1.0,0.0,0.15,0.0,0.9319246361307237,79.24439161249178,3.0852591856850284,54.3462312189756,0.0509800518093773,7.985086188461516,0.002241767167452835,0.008662080089688828,0.00346324107908323,-0.9659258262890684,0.2588190451025203,0.9749279121818236,-0.22252093395631434
2026-08-05 20:00:00,1.0,0.6044278838541942,0.9985458333377686,1.0,0.0,0.15,0.0,0.2787378740244402,80.22139419270971,3.0654940461711164,55.587130888997216,0.05165553054547608,7.747821571859802,0.001815683905800114,0.0014456857987017457,0.0034250084206072923,-0.8660254037844386,0.5000000000000001,0.9749279121818236,-0.22252093395631434
2026-08-05 21:00:00,1.0,0.6302916316647628,0.9983959619939646,1.0,0.0,0.15,0.0,0.8645848454391373,81.51458158323814,3.055871751911609,56.92807589611412,0.051638405167201494,7.569376285424788,0.002500289164624192,0.006557740237877141,0.003375882753146767,-0.7071067811865477,0.7071067811865474,0.9749279121818236,-0.22252093395631434
2026-08-05 22:00:00,1.0,0.49323112392601415,0.9927127357632469,1.0,0.0,0.15,0.0,0.21140639977081407,74.66155619630071,3.0384017431513146,57.93095587903463,0.04884548190474205,5.855729132547609,-0.0032605441102404598,0.0010554289601838462,0.003534040362075032,-0.5000000000000004,0.8660254037844384,0.9749279121818236,-0.22252093395631434
2026-08-05 23:00:00,1.0,0.49339646984314756,0.9696220286073746,1.0,0.0,-0.15,0.0,-0.15869103123008166,74.66982349215738,2.9891900399174873,58.57815573096465,0.04550800919627665,4.144674896164915,1.177305782817939e-05,-0.0007484818877880883,0.0035632159424205155,-0.25881904510252157,0.9659258262890681,0.9749279121818236,-0.22252093395631434
2026-08-06 01:00:00,1.0,0.5028984096906288,0.887336273692635,1.0,0.0,-0.1,0.0,-0.5244113326467678,75.14492048453144,2.9475340763143967,59.254893725618786,0.04273277292506758,2.6858887499857573,0.000640245574871301,-0.0026085254775409794,0.003522540007412315,0.25881904510252074,0.9659258262890683,0.43388373911755823,-0.900968867902419
2026-08-06 02:00:00,1.0,0.5887717084247589,0.9110356719517412,1.0,0.0,0.1,0.0,0.9120858186530659,79.43858542123795,2.9987835896253543,60.28436316958973,0.043126315514569746,3.076538313020926,0.006595095425401709,0.0072471140581011895,0.003508579210371152,0.49999999999999994,0.8660254037844387,0.43388373911755823,-0.900968867902419
2026-08-06 03:00:00,1.0,0.6304780096839955,0.950518674641196,1.0,0.0,0.1,0.0,0.9784731285207403,81.52390048419977,3.0535784298628013,61.44683509963483,0.0435864426105406,3.893064438498449,0.003980053686413854,0.011215394686686864,0.003508382983653335,0.7071067811865475,0.7071067811865476,0.43388373911755823,-0.900968867902419
2026-08-06 04:00:00,1.0,0.5465175051908818,0.9066387478789839,1.0,0.0,0.1,0.0,0.9328614244897451,77.32587525954409,3.0839835531125246,62.557322964867836,0.042659443346012314,3.2949418787264477,-0.0019763819544031946,0.008598767157412368,0.003618527235945159,0.8660254037844386,0.5000000000000001,0.43388373911755823,-0.900968867902419
2026-08-06 05:00:00,1.0,0.4699968974506388,0.6825275561851742,1.0,0.0,0.1,0.0,0.02768048077834673,73.49984487253194,3.1087364904352848,63.600398883398036,0.04221460168672986,1.8671748484185215,-0.0018587496157067562,0.00014492211630390273,0.0035466258437541523,0.9659258262890683,0.25881904510252074,0.43388373911755823,-0.900968867902419
2026-08-06 06:00:00,1.0,0.35364709126698046,-0.14332174820898855,1.0,0.0,-0.1,0.0,-0.8654300216179494,67.68235456334902,3.1033865034560293,63.36893589463169,0.041550705024657825,-0.32143722473479386,-0.003005585062416216,-0.006840716632526167,0.0036254274258165024,1.0,6.123233995736766e-17,0.43388373911755823,-0.900968867902419
2026-08-06 07:00:00,1.0,0.32290968994010966,-0.780980482494887,1.0,0.0,-0.3,0.0,-0.807245385076391,66.14548449700548,3.077977865085166,62.57265629996934,0.03988276911744465,-2.275411968828813,-0.0008208486628422662,-0.005685183340965239,0.003598938761365745,0.9659258262890683,-0.25881904510252063,0.43388373911755823,-0.900968867902419
2026-08-06 08:00:00,1.0,0.3472190223143693,-0.9173991182153034,1.0,0.0,-0.3,0.0,-0.46799021568321586,67.36095111571846,3.0770746732186125,61.392403224756634,0.03688256991851829,-3.411193900218464,0.0012497671502966767,-0.0025766665749618056,0.0034981825506792937,0.8660254037844387,-0.4999999999999998,0.43388373911755823,-0.900968867902419
2026-08-06 09:00:00,1.0,0.2462383641577192,-0.9812668420356013,1.0,0.0,-0.3,0.0,-0.40835577597703926,62.31191820788596,3.0698552454651025,60.29762211025034,0.0323704657739423,-5.019825514079102,-0.0026209136575019443,-0.0021919951700475337,0.003585537573070762,0.7071067811865476,-0.7071067811865475,0.43388373911755823,-0.900968867902419
2026-08-06 10:00:00,1.0,0.2793596502373869,-0.9914995814345521,1.0,0.0,0.3,0.0,0.024839253989803516,63.967982511869344,3.0411978697234505,59.2810396467802,0.026958885878070424,-5.710338176478118,0.001493143790570528,0.0001219972833652605,0.003585299557085539,0.49999999999999994,-0.8660254037844387,0.43388373911755823,-0.900968867902419
2026-08-06 11:00:00,1.0,0.3534873303898172,-0.9866711617276057,1.0,0.0,0.15,0.0,0.4700906667725873,67.67436651949086,3.033832510190577,58.74162900665653,0.023988947774197713,-5.198628978903358,0.003608603201007199,0.0024808333340757827,0.003411713348335303,0.258819045102521,-0.9659258262890682,0.43388373911755823,-0.900968867902419
2026-08-06 12:00:00,1.0,0.30516836290614774,-0.9889124923374416,1.0,0.0,0.3,0.0,0.674958064065741,65.25841814530739,3.009308247383577,58.40857684050595,0.018698892614472638,-5.260457493176013,-0.00120454185260499,0.003897205138972737,0.003411401451908964,1.2246467991473532e-16,-1.0,0.43388373911755823,-0.900968867902419
2026-08-06 13:00:00,1.0,0.2863468272016547,-0.992687694388913,1.0,0.0,0.3,0.0,0.4019679736640124,64.31734136008274,2.9695856310076056,57.50135531309044,0.014867635767058443,-5.462959186789824,-0.00045880902411354896,0.00194525232428866,0.003276563181947285,-0.2588190451025208,-0.9659258262890683,0.43388373911755823,-0.900968867902419
2026-08-06 14:00:00,1.0,0.2147370467616062,-0.9961108428209817,0.5,0.0,-0.3,0.0,-0.6331766552540321,60.73685233808031,2.9696815138301815,55.77815805493009,0.014329999170813575,-6.080286239217191,-0.0017435202425737373,-0.0034068711192922763,0.002677175871934484,-0.4999999999999997,-0.8660254037844388,0.43388373911755823,-0.900968867902419
2026-08-06 15:00:00,0.3333333333333333,0.09779304757912215,-0.9987898514625031,0.5,0.0,-0.3,0.0,-0.818113312101634,54.88965237895611,2.97812919015092,53.781860110043915,0.01309576565770632,-7.280264380484521,-0.0031055487854896313,-0.0053078780521769175,0.0027068622432544483,-0.7071067811865471,-0.7071067811865479,0.43388373911755823,-0.900968867902419
2026-08-06 16:00:00,1.0,0.20326462376438784,-0.9967103958126569,0.5,0.0,-0.3,0.0,-0.1751227200584218,60.16323118821939,3.0616311833231986,50.631194353293026,0.012232087179322094,-6.84502722329356,0.003963628147175768,-0.0008854408808876002,0.0028008350333114584,-0.8660254037844384,-0.5000000000000004,0.43388373911755823,-0.900968867902419
2026-08-06 17:00:00,1.0,0.23711903402798185,-0.994053010931686,0.5,0.0,0.15,0.0,0.42913423308831544,61.85595170139909,3.0418688219976437,47.76401289024,0.011861557648830933,-6.0896105112671925,0.0013933955316929314,0.0022514748933790685,0.002790301197415921,-0.9659258262890683,-0.25881904510252063,0.43388373911755823,-0.900968867902419
2026-08-06 18:00:00,0.3333333333333333,-0.051076479038312354,-0.9983679235088408,0.5,0.0,-0.15,0.0,-0.6260680370110951,47.44617604808438,3.121000001099913,45.28736340644238,0.0136212938687307,-8.059106839206823,-0.009284458500195214,-0.003927434821326514,0.0034586001808908423,-1.0,-1.8369701987210297e-16,0.43388373911755823,-0.900968867902419
2026-08-06 19:00:00,0.3333333333333333,-0.00230114291452864,-0.9990587203636696,0.5,0.0,-0.15,0.0,-0.8183870127592746,49.88494285427357,3.1120459313821542,43.25275859805966,0.014001192536522065,-8.605910434632818,0.0018076871724801435,-0.006083375796022139,0.0034172505123380033,-0.9659258262890684,0.2588190451025203,0.43388373911755823,-0.900968867902419
2026-08-06 20:00:00,0.3333333333333333,0.036060863646443835,-0.9991022010365334,0.5,0.0,-0.15,0.0,-0.8315120351324796,51.80304318232219,3.071172723313079,41.045918719596656,0.01397988633413751,-8.312274384312765,0.001437208388111344,-0.0060395629396037265,0.0034338001764677556,-0.8660254037844386,0.5000000000000001,0.43388373911755823,-0.900968867902419
2026-08-06 21:00:00,0.3333333333333333,0.010390326131721394,-0.9992203790796105,-1.0,0.0,0.15,0.0,0.4490315741668919,50.51951630658607,3.029316742806547,38.90317666049124,0.014325184818916334,-8.117556743548977,-0.0008856415944755724,0.002359253966115915,0.0034358816509104753,-0.7071067811865477,0.7071067811865474,0.43388373911755823,-0.900968867902419
2026-08-06 22:00:00,0.3333333333333333,0.04515180377056225,-0.9985336936705895,-1.0,0.0,0.15,0.0,0.3485850115117884,52.25759018852811,3.0219576708401803,37.30591536595762,0.014388590318035578,-7.409206080841674,0.0012081406115314053,0.0017597074051671768,0.003078276487744392,-0.5000000000000004,0.8660254037844384,0.43388373911755823,-0.900968867902419
2026-08-06 23:00:00,0.3333333333333333,-0.014921036964793046,-0.9984874364032355,-1.0,0.0,-0.15,0.0,-0.3290538825568217,49.25394815176035,3.005147809176682,35.82274416389068,0.01339206121134899,-7.254322718708185,-0.001948347054479882,-0.0016258480374240492,0.002921721741539263,-0.25881904510252157,0.9659258262890681,0.43388373911755823,-0.900968867902419
2026-08-07 01:00:00,0.3333333333333333,-0.011740529588858096,-0.9983928454700626,0.5,0.0,-0.1,0.0,-0.13986409573636585,49.412973520557095,2.961139351107901,34.445513761971384,0.012739215793058884,-6.883351612456504,9.90402528699974e-05,-0.0006411661900784793,0.0029084955988470276,0.25881904510252074,0.9659258262890683,-0.433883739117558,-0.9009688679024191
2026-08-07 02:00:00,1.0,0.07459028153184193,-0.9950413946967617,0.5,0.0,0.1,0.0,0.19638731879419305,53.729514076592096,2.9390093362263734,32.4253936075182,0.012011271514471929,-5.666579604094007,0.002733879535403716,0.0008845727337938314,0.0029788320999213896,0.49999999999999994,0.8660254037844387,-0.433883739117558,-0.9009688679024191
2026-08-07 03:00:00,0.3333333333333333,-0.07163456548867372,-0.9960666806993415,0.5,0.0,-0.1,0.0,-0.38831624314555796,46.41827172556631,2.9551056190288025,31.170938669046965,0.012836232334420876,-5.981440481219531,-0.004690561731591103,-0.0018576419433173896,0.003081320211293113,0.7071067811865475,0.7071067811865476,-0.433883739117558,-0.9009688679024191
2026-08-07 04:00:00,1.0,0.09090777214434709,-0.9768379032644524,0.5,0.0,0.1,0.0,0.6678015019684146,54.545388607217355,2.9866870659581988,29.510030280126376,0.012758349577930983,-4.406696350604724,0.005720009187895059,0.0037633269917076717,0.0033668907775082075,0.8660254037844386,0.5000000000000001,-0.433883739117558,-0.9009688679024191
2026-08-07 05:00:00,1.0,0.043654945945302476,-0.9562581794132036,-1.0,0.0,-0.1,0.0,-0.1201381152963995,52.182747297265124,2.9686871507390817,27.799471379205066,0.012505656433691668,-3.699077100958646,-0.0015822137125915958,-0.0005527662562876401,0.003368397021373711,0.9659258262890683,0.25881904510252074,-0.433883739117558,-0.9009688679024191
2026-08-07 06:00:00,1.0,0.13955493638903277,-0.7980126262567702,-1.0,0.0,0.1,0.0,0.9406836590037503,56.97774681945164,2.9592627858497758,25.870358660227552,0.012743319489550327,-2.1079376414148783,0.0037762391024322994,0.007914034577735762,0.0034298811982850655,1.0,6.123233995736766e-17,-0.433883739117558,-0.9009688679024191
2026-08-07 07:00:00,1.0,0.06548602952532817,-0.5478331452956279,-1.0,0.0,0.3,0.0,0.41668642529035455,56.54860295253282,2.9192320321497958,24.177446199297243,0.012821190304365467,-1.1399325686655173,-0.0002649047003249194,0.0019291206895157842,0.0034152497745033907,0.9659258262890683,-0.25881904510252063,-0.433883739117558,-0.9009688679024191
2026-08-07 08:00:00,1.0,0.10438981894728969,0.1789631453690806,-1.0,0.0,0.3,0.0,0.9127286838550488,60.43898189472897,2.921015268179015,23.384483826863057,0.012882842514499258,0.33577360841860404,0.0032069541081813924,0.006718288510288772,0.0033942089055766546,0.8660254037844387,-0.4999999999999998,-0.433883739117558,-0.9009688679024191
2026-08-07 09:00:00,1.0,0.1496165495394136,0.8496288296835093,-1.0,0.0,0.3,0.0,0.9291467112966929,64.96165495394136,2.9290259880337732,23.649938839062152,0.015142322856573815,2.347686709744128,0.0042770687334332536,0.0072191181412897265,0.003510398451238041,0.7071067811865476,-0.7071067811865475,-0.433883739117558,-0.9009688679024191
2026-08-07 10:00:00,1.0,0.12077913678828459,0.9234036822862164,-1.0,0.0,0.3,0.0,0.8768150851406572,62.07791367882846,2.91484049615798,23.896432778961312,0.016437558484252067,2.9728310728946585,-0.0016116639490100226,0.005872358892604623,0.0035326147955322645,0.49999999999999994,-0.8660254037844387,-0.433883739117558,-0.9009688679024191
2026-08-07 11:00:00,1.0,0.1576721887673962,0.9736973299298263,-1.0,0.0,0.15,0.0,0.8882830793361391,65.76721887673962,2.950347466141658,24.970895632882485,0.019217267571406866,4.126402662430685,0.003629565366042087,0.006294970150465318,0.0035790107119323014,0.258819045102521,-0.9659258262890682,-0.433883739117558,-0.9009688679024191
2026-08-07 12:00:00,1.0,0.35996287733101723,0.991489595924734,-1.0,0.0,0.3,0.0,0.7608488993477333,67.99814386655086,2.9493656060878033,26.12716688492668,0.022345428855428544,5.208176959737743,0.002407778422963247,0.004425679839995311,0.003498595825337446,1.2246467991473532e-16,-1.0,-0.433883739117558,-0.9009688679024191
2026-08-07 13:00:00,1.0,0.36229121665607295,0.9948020477968825,-1.0,0.0,0.3,0.0,0.8900122031501126,68.11456083280365,2.925845683919558,27.20084733325343,0.02494476911542606,5.548405408244946,0.00012510164524925926,0.006162445434254593,0.0034185287588522455,-0.2588190451025208,-0.9659258262890683,-0.433883739117558,-0.9009688679024191
2026-08-07 14:00:00,1.0,0.38310245984395636,0.9961116567870989,-1.0,0.0,0.3,0.0,0.695777541002256,69.15512299219782,2.8972523494909037,28.48371780223059,0.02745492243734637,5.655656607421815,0.0010766170263281083,0.0036094970945406146,0.0034152829039286936,-0.4999999999999997,-0.8660254037844388,-0.433883739117558,-0.9009688679024191
2026-08-07 15:00:00,1.0,0.5258135569961883,0.9984654033894134,-1.0,0.0,0.3,0.0,0.9679020451458071,76.29067784980941,3.0851668172428415,30.899932372865287,0.03244360356954476,7.8428367461896045,0.009172389775473633,0.010374108447051,0.0030930900149429446,-0.7071067811865471,-0.7071067811865479,-0.433883739117558,-0.9009688679024191
2026-08-07 16:00:00,1.0,0.4091723285746048,0.998143437137895,-1.0,0.0,0.3,0.0,0.8843196660715162,70.45861642873024,3.108628771155683,33.14356018845465,0.03493594622737561,7.815617975440077,-0.0030381584081524693,0.007210848393649272,0.0032521644243527132,-0.8660254037844384,-0.5000000000000004,-0.433883739117558,-0.9009688679024191
2026-08-07 17:00:00,1.0,0.3538241808906599,0.995176112650675,1.0,0.0,0.15,0.0,0.7092718488727545,67.691209044533,3.1180895113634906,34.20673475945987,0.03639697594742838,6.8090959879042074,-0.0015121823300194848,0.004622049037301679,0.003309236447214508,-0.9659258262890683,-0.25881904510252063,-0.433883739117558,-0.9009688679024191
2026-08-07 18:00:00,1.0,0.35069365241838796,0.9870593325986359,1.0,0.0,-0.15,0.0,-0.7175273831555199,67.5346826209194,3.106254149849549,35.361085909790994,0.03707023680712567,5.622317647340665,-8.292542475096809e-05,-0.004633266162922922,0.003288755102375563,-1.0,-1.8369701987210297e-16,-0.433883739117558,-0.9009688679024191
2026-08-07 19:00:00,1.0,0.2466911568277473,0.9263080517268418,1.0,0.0,-0.15,0.0,-0.6935350143901928,62.334557841387365,3.100876418967512,35.56307509163355,0.03687368172193023,3.6252899326531534,-0.002781983044707559,-0.004377090799478012,0.003403128385899422,-0.9659258262890684,0.2588190451025203,-0.433883739117558,-0.9009688679024191
2026-08-07 20:00:00,1.0,0.3003314906813398,0.845991627686497,1.0,0.0,-0.15,0.0,-0.05839027465960044,65.01657453406699,3.078484675998281,35.66033023985644,0.036266862025689205,2.698046308269415,0.0025723353327276044,-0.00029257313673092256,0.0033512325402346053,-0.8660254037844386,0.5000000000000001,-0.433883739117558,-0.9009688679024191
2026-08-07 21:00:00,1.0,0.25827434136436933,0.6027469886331013,1.0,0.0,-0.15,0.0,-0.2685011928645325,62.91371706821847,3.042755341123978,35.7506385917777,0.034867497628189394,1.4620600784978386,-0.001120401801955495,-0.0013300495139354496,0.003382529614519274,-0.7071067811865477,0.7071067811865474,-0.433883739117558,-0.9009688679024191
2026-08-07 22:00:00,1.0,0.30100663934109323,0.4311615480706205,1.0,0.0,0.15,0.0,0.6173872855740672,65.05033196705466,3.023410003306233,36.130403655272936,0.03409702856943692,0.9485385933988901,0.00196563543729944,0.0034175689680715493,0.0033673343513498846,-0.5000000000000004,0.8660254037844384,-0.433883739117558,-0.9009688679024191
2026-08-07 23:00:00,1.0,0.2792338338802813,0.11023670932106731,1.0,0.0,0.15,0.0,0.06714894763886721,63.961691694014064,2.98451503161336,36.48304264280423,0.030797792446213567,0.21890374157255366,-0.000538840263022422,0.00030639337232152286,0.003112342193401686,-0.25881904510252157,0.9659258262890681,-0.433883739117558,-0.9009688679024191
2026-08-10 01:00:00,1.0,0.2778559467640676,-0.2340862989568005,1.0,0.0,0.1,0.0,0.2988924012857344,63.89279733820338,2.976730788910785,37.03042441911369,0.028907565285303978,-0.4680381826170965,-3.224751348973598e-05,0.001394547660787282,0.0029404939576591544,0.25881904510252074,0.9659258262890683,0.0,1.0
2026-08-10 02:00:00,1.0,0.19507653314698273,-0.681270790199735,1.0,0.0,-0.1,0.0,-0.5063777364293423,59.75382665734914,2.9669147789913985,37.453120062723016,0.025340802051655443,-1.615724818969209,-0.0019275247657724037,-0.0024986125422845618,0.0029573095327633503,0.49999999999999994,0.8660254037844387,0.0,1.0
2026-08-10 03:00:00,1.0,0.18862922224906398,-0.8612123604360935,0.5,0.0,-0.1,0.0,-0.4428543389587359,59.4314611124532,2.9565621136033284,37.655013688896425,0.022602226207854823,-2.4963169331312507,-0.00015002313846501636,-0.002109795417727156,0.0028904279221257756,0.7071067811865475,0.7071067811865476,0.0,1.0
2026-08-10 04:00:00,1.0,0.09379564253723117,-0.9547565146383691,0.5,0.0,-0.1,0.0,-0.7366914012727569,54.68978212686156,2.987529575437571,36.13906883897217,0.018844260114654843,-3.7351975278389986,-0.002241485032032031,-0.004319032936269451,0.0029605667225063026,0.8660254037844386,0.5000000000000001,0.0,1.0
2026-08-10 05:00:00,0.3333333333333333,0.06502249900447353,-0.9843185890436138,0.5,0.0,-0.1,0.0,-0.59792989200865,53.25112495022368,2.9664359448028876,34.731405764042506,0.01596686650464842,-4.700801497916217,-0.0007058363701570869,-0.0030973445406541344,0.002912982582738975,0.9659258262890683,0.25881904510252074,0.0,1.0
2026-08-10 06:00:00,1.0,0.12401167019085534,-0.9872413185011157,-1.0,0.0,-0.1,0.0,-0.2827329616862538,56.20058350954277,2.940383581454609,33.33531428389923,0.014494209678774963,-4.776466403417523,0.0016769930940530031,-0.001270328308136115,0.0027897421225087935,1.0,6.123233995736766e-17,0.0,1.0
2026-08-10 07:00:00,1.0,0.21606678946782595,-0.9705424021089514,-1.0,0.0,0.3,0.0,0.7122766587889553,60.8033394733913,2.931728257673515,32.676615602625404,0.011809173205118612,-3.942524466779272,0.002891692846400673,0.0038628495702965893,0.002805269960242458,0.9659258262890683,-0.25881904510252063,0.0,1.0
2026-08-10 08:00:00,1.0,0.2697546896702784,-0.9067045724560181,-1.0,0.5,0.3,0.0,0.9007616371874918,63.48773448351392,2.939843173263658,32.76162902570687,0.010664933236940831,-2.8533489312526825,0.0018740911310963781,0.006442777071550054,0.002730958099336301,0.8660254037844387,-0.4999999999999998,0.0,1.0
2026-08-10 09:00:00,1.0,0.3331923965822972,-0.6629578711928771,-1.0,0.5,0.3,0.0,0.9293751826260563,66.65961982911486,2.936389527909378,33.20092903130061,0.0108487422887902,-1.5041812559921155,0.0024122637341914555,0.007178047711688507,0.002731124785007895,0.7071067811865476,-0.7071067811865475,0.0,1.0
2026-08-10 10:00:00,1.0,0.30562219421581177,-0.4461793051517091,-1.0,0.5,0.3,0.0,0.7097176857287967,65.28110971079059,2.9096675890747083,33.71475790488803,0.01056788022457477,-0.8806861433484592,-0.0005439741229995576,0.003742380742288276,0.002739807641104077,0.49999999999999994,-0.8660254037844387,0.0,1.0
2026-08-10 11:00:00,1.0,0.2052754053473687,-0.5673517406575704,-1.0,0.5,-0.15,0.0,-0.04058979832313839,60.263770267368436,2.888978202225438,33.49642963275626,0.009988179842362506,-1.1568825547327535,-0.0020362159172417904,-0.00016792630604989256,0.0027901901338295673,0.258819045102521,-0.9659258262890682,0.0,1.0
2026-08-10 12:00:00,1.0,0.14749551936155414,-0.7665987805690772,0.5,0.5,-0.3,0.0,-0.7427252907773455,57.37477596807771,2.855049390612591,32.951760794699155,0.008960555371129714,-1.7584254483742328,-0.0012407677776788972,-0.0038209578179202452,0.0018637622660941946,1.2246467991473532e-16,-1.0,0.0,1.0
2026-08-10 13:00:00,1.0,0.0905663434620783,-0.9066107517485484,0.5,-0.5,-0.3,0.0,-0.8253346059094561,54.528317173103915,2.8207785349685808,31.924071903029446,0.008786537556980532,-2.532176594139816,-0.00125614692921161,-0.004533130624132298,0.0017621730614473818,-0.2588190451025208,-0.9659258262890683,0.0,1.0
2026-08-10 14:00:00,1.0,0.0823958381138712,-0.9542530119825435,0.5,-0.5,-0.3,0.0,-0.6108142664791134,54.11979190569356,2.79404842556226,30.360580850780618,0.008792544740635906,-3.0688652131516996,-0.00017760125336252486,-0.002674515960253032,0.0017324503662409097,-0.4999999999999997,-0.8660254037844388,0.0,1.0
2026-08-10 15:00:00,0.3333333333333333,0.05541206557166603,-0.9750351054540043,0.5,-0.5,-0.3,0.0,-0.49024634493178576,52.7706032785833,2.781618618554562,28.474429703196467,0.008842144974692892,-3.528414462802589,-0.0005629968191733781,-0.001996745001747513,0.0017359298138868134,-0.7071067811865471,-0.7071067811865479,0.0,1.0
2026-08-10 16:00:00,0.3333333333333333,-0.09109760248285767,-0.9927828086379823,0.5,-0.5,-0.3,0.0,-0.7898330642097796,45.44511987585712,2.8139822280223847,26.784260263310145,0.009554954261212232,-4.686695624067548,-0.003386969313822874,-0.004127567386358777,0.0017896351324990865,-0.8660254037844384,-0.5000000000000004,0.0,1.0
2026-08-10 17:00:00,1.0,0.14636248893524695,-0.9620710687136286,0.5,0.5,0.15,0.0,0.513386592721019,57.31812444676235,2.8862781902644796,25.47555782861848,0.009674947449797137,-3.5369291804557488,0.006293147502107743,0.002343181369111491,0.002225312361894071,-0.9659258262890683,-0.25881904510252063,0.0,1.0
2026-08-10 18:00:00,1.0,0.11680235136022261,-0.7853268022184993,1.0,0.5,0.15,0.0,0.8957987132790765,61.68023513602226,2.880377790123907,24.774871199784723,0.010528566130592108,-1.8874581389677303,0.0030423097206924155,0.005948487908977285,0.0023024666604471783,-1.0,-1.8369701987210297e-16,0.0,1.0
2026-08-10 19:00:00,1.0,0.1074603579870022,-0.5008793629359228,1.0,0.0,0.15,0.0,0.9754297712856804,60.74603579870022,2.869047019481518,24.465645212755796,0.011093634389772055,-0.9699565821512586,-0.0004245402694298406,0.008910916953370318,0.0022715242519288333,-0.9659258262890684,0.2588190451025203,0.0,1.0
2026-08-10 20:00:00,1.0,0.11976378319951181,-0.11742277995544961,1.0,0.0,0.15,0.0,0.6999750469020325,61.97637831995118,2.854468368602701,24.23156696416969,0.011864092595169604,-0.20485203390138906,0.0008420203018264516,0.0034597897530890265,0.002270525862518371,-0.8660254037844386,0.5000000000000001,0.0,1.0
2026-08-10 21:00:00,1.0,0.3480573847080791,0.6394841790975782,1.0,0.0,0.15,0.0,0.8078386040580544,67.40286923540395,2.8777031073165116,25.00557489494659,0.014119212901863427,1.345980765215689,0.004142403708076614,0.004559883740473225,0.002432490241509219,-0.7071067811865477,0.7071067811865474,0.0,1.0
2026-08-10 22:00:00,1.0,0.3976685029965853,0.9158403601783685,1.0,0.0,0.15,0.0,0.9442633912088547,69.88342514982926,2.8746707048183873,26.268216065698724,0.01669068448289489,2.768859453434187,0.0022129202455705155,0.007197344255473581,0.0023975827705200784,-0.5000000000000004,0.8660254037844384,0.0,1.0
2026-08-10 23:00:00,1.0,0.4085124634996396,0.9703889393440388,1.0,0.0,0.15,0.0,0.9438189381269372,70.42562317498198,2.8281359650867226,27.440668581397134,0.01874736557008571,3.5500915324689313,0.0004943857699366561,0.006849709723583786,0.0023908256929492614,-0.25881904510252157,0.9659258262890681,0.0,1.0
2026-08-11 01:00:00,1.0,0.45334881620835543,0.9892661129858927,1.0,0.0,0.1,,0.8538221297808577,72.66744081041777,2.807812546625314,28.88653182640061,0.020594934060476668,4.327468917770389,0.0020887569710819065,0.004796062986589078,0.0023083864895854277,0.25881904510252074,0.9659258262890683,0.7818314824680298,0.6234898018587336
2026-08-11 02:00:00,1.0,0.4659342243251973,0.9939967516998355,1.0,0.0,0.1,,0.7047988213241712,73.29671121625987,2.770564883654827,30.30567161469844,0.021743151045938287,4.635086326874271,0.0006021529991340202,0.0031852957401525828,0.0022793858273738813,0.49999999999999994,0.8660254037844387,0.7818314824680298,0.6234898018587336
2026-08-11 03:00:00,1.0,0.5005161363785788,0.9949784306766031,1.0,0.0,0.1,,0.8237719343114979,75.02580681892894,2.8008006889137516,32.21116438232216,0.0233132301770512,4.924711074575178,0.0016795664312816427,0.0043704764014975694,0.00227942926337878,0.7071067811865475,0.7071067811865476,0.7818314824680298,0.6234898018587336
2026-08-11 04:00:00,1.0,0.5801905528119886,0.9972473038524694,1.0,0.0,0.1,,0.9302196502857811,79.00952764059943,2.900682106336762,34.40166287110505,0.026675527629563923,5.989688387160019,0.00455690919260654,0.006838628623022203,0.002382281548929778,0.8660254037844386,0.5000000000000001,0.7818314824680298,0.6234898018587336
2026-08-11 05:00:00,1.0,0.3637219775870324,0.990144019237488,1.0,0.0,0.1,,0.4415560773969767,68.18609887935162,2.9356224147313252,36.457641794046985,0.027946666201755992,4.9982276114622906,-0.004209999126127073,0.0020264764977611094,0.002643078977825875,0.9659258262890683,0.25881904510252074,0.7818314824680298,0.6234898018587336
2026-08-11 06:00:00,1.0,0.39233566952578625,0.9822736753609695,1.0,0.0,0.1,,0.3862076714301983,69.61678347628931,2.9090138938142474,38.366765079635925,0.02950899850336542,4.325136968988119,0.0013456878857258658,0.0016925979522053325,0.0026179132402802912,1.0,6.123233995736766e-17,0.7818314824680298,0.6234898018587336
2026-08-11 07:00:00,1.0,0.3029921593784897,0.9250978471275753,1.0,0.0,-0.3,,-0.8195848829883862,65.14960796892449,2.9037468891769853,39.39198493957898,0.030246045218232778,2.9612377440515267,-0.0019057919391283207,-0.004770103179529528,0.0026684559134835056,0.9659258262890683,-0.25881904510252063,0.7818314824680298,0.6234898018587336
2026-08-11 08:00:00,0.3333333333333333,0.021544016555855593,-0.18552210938600913,1.0,0.0,-0.3,,-0.9474960248251605,51.07720082779278,2.9920139583342644,37.19049161448855,0.02971990093724335,-0.3739980409934489,-0.007634554756393186,-0.00819465880979564,0.003200651439926705,0.8660254037844387,-0.4999999999999998,0.7818314824680298,0.6234898018587336
2026-08-11 09:00:00,0.3333333333333333,-0.03647752829200954,-0.9182839941046385,1.0,0.0,-0.3,,-0.9868585057384415,48.17612358539952,3.004355816480491,34.6469815758305,0.028946344089077213,-3.1832694566544824,-0.001985911666475104,-0.01152625836199661,0.0032240887059383472,0.7071067811865476,-0.7071067811865475,0.7818314824680298,0.6234898018587336
2026-08-11 10:00:00,0.3333333333333333,-0.0914127745898763,-0.9928764723247683,1.0,0.0,-0.3,,-0.9890362802199448,45.429361270506185,2.9720315329582694,32.22414358359142,0.02798608383136803,-5.501972864116972,-0.001966916107194905,-0.011587382530063195,0.003245846793974974,0.49999999999999994,-0.8660254037844387,0.7818314824680298,0.6234898018587336
2026-08-11 11:00:00,0.3333333333333333,-0.011297867064753149,-0.996216507250623,1.0,0.0,-0.15,,-0.3065557618793763,49.43510664676234,2.9726107998504614,30.409610527081156,0.026640764314169518,-6.125090280717728,0.0025370108751303633,-0.0014158168985396458,0.0032834658884085825,0.258819045102521,-0.9659258262890682,0.7818314824680298,0.6234898018587336
2026-08-11 12:00:00,0.3333333333333333,0.014666106224130147,-0.997056744213571,0.5,0.0,0.3,,0.3182884527719302,50.73330531120651,2.9307646417535427,28.72468697460734,0.024879664498395532,-6.109796441820732,0.0008442419883767371,0.0014143367563121956,0.00327708647707387,1.2246467991473532e-16,-1.0,0.7818314824680298,0.6234898018587336
2026-08-11 13:00:00,1.0,0.08168554072718379,-0.9940544717624042,0.5,0.0,0.3,,0.872947275612139,54.08427703635919,2.902031403065473,27.58043109574533,0.02112033186712468,-5.295138196293795,0.0022250151955027775,0.005606268059009878,0.0031689830822758404,-0.2588190451025208,-0.9659258262890683,0.7818314824680298,0.6234898018587336
2026-08-11 14:00:00,1.0,0.11847884448844283,-0.9837637228781866,0.5,0.0,0.3,,0.7880045271965749,55.92394222442214,2.879336187805219,27.103226934659062,0.019505080945116864,-4.277486878693063,0.0012656367670516033,0.004334893950931118,0.002892558733788077,-0.4999999999999997,-0.8660254037844388,0.7818314824680298,0.6234898018587336
2026-08-11 15:00:00,1.0,0.14750794081428295,-0.9504424234387168,0.5,0.0,0.3,,0.8044550011440114,57.37539704071415,2.8737336044579873,27.022741445146238,0.01865248728082257,-3.2508678086271487,0.0009976971791871847,0.0044883491417415655,0.0028330336875965565,-0.7071067811865471,-0.7071067811865479,0.7818314824680298,0.6234898018587336
2026-08-11 16:00:00,1.0,0.12251393959342068,-0.9090913339113057,0.5,0.0,0.3,,0.3815091023012868,56.125696979671034,2.883038914797278,27.15114723416933,0.017478448247180225,-2.720055550810674,-0.0006262917471584473,0.0016370421990803408,0.0028364263375456273,-0.8660254037844384,-0.5000000000000004,0.7818314824680298,0.6234898018587336
2026-08-11 17:00:00,1.0,0.1567508784201361,-0.8167964043600745,0.5,0.0,0.15,,0.3442463331499203,57.837543921006805,2.879440765517022,26.98408138258058,0.01639819524581559,-2.0423612411373977,0.001083806086604966,0.0014552115186337033,0.002839034571262893,-0.9659258262890683,-0.25881904510252063,0.7818314824680298,0.6234898018587336
