dt,ema_stack,rsi_momentum,macd_hist,market_structure,bb_squeeze,session_filter,mtf_daily_trend,candle_momentum,rsi14,log_atr14,adx14,bb_bandwidth,macd_hist_raw,ret1,ret3,rv20,hour_sin,hour_cos,dow_sin,dow_cos
2026-07-10 08:00:00,,,,,,,0.53333333333333333,,,,,,0,,,,0.86602540378443871,-0.49999999999999978,-0.43388373911755801,-0.90096886790241915
2026-07-10 09:00:00,,,,,,,0.53333333333333333,,,,,,2.7441595441603566,0.00081840073846528583,,,0.70710678118654757,-0.70710678118654746,-0.43388373911755801,-0.90096886790241915
2026-07-10 10:00:00,,,,,,,0.53333333333333333,,,,,,5.5903909870865753,0.00038042341584443307,,,0.49999999999999994,-0.86602540378443871,-0.43388373911755801,-0.90096886790241915
2026-07-10 11:00:00,,,,,,0.14999999999999999,0.53333333333333333,,,,,,6.3603057530620131,-0.00020921496914283466,0.00098960918516688423,,0.25881904510252102,-0.9659258262890682,-0.43388373911755801,-0.90096886790241915
2026-07-10 12:00:00,,,,,,0.29999999999999999,0.53333333333333333,,,,,,7.8161340654000169,0.00039937242008392104,0.00057058086678551945,,1.2246467991473532e-16,-1,-0.43388373911755801,-0.90096886790241915
2026-07-10 13:00:00,,,,,,0.29999999999999999,0.53333333333333333,,,,,,12.479543095689889,0.0012541331024724656,0.0014442905534135519,,-0.25881904510252079,-0.96592582628906831,-0.43388373911755801,-0.90096886790241915
2026-07-10 14:00:00,,,,,,0.29999999999999999,0.53333333333333333,,,,,,10.839468927444781,-0.0011400559862178028,0.00051344953633858381,,-0.49999999999999972,-0.86602540378443882,-0.43388373911755801,-0.90096886790241915
2026-07-10 15:00:00,,,,,,0.29999999999999999,0.53333333333333333,,,,,,13.15933631440434,0.0011970246819341668,0.0013111017981888295,,-0.70710678118654713,-0.70710678118654791,-0.43388373911755801,-0.90096886790241915
2026-07-10 16:00:00,,,,,,-0.29999999999999999,0.53333333333333333,,,,,,9.1942296648212825,-0.0013681452367819702,-0.0013111765410656062,,-0.86602540378443837,-0.50000000000000044,-0.43388373911755801,-0.90096886790241915
2026-07-10 17:00:00,,,,,,-0.14999999999999999,0.53333333333333333,,,,,,4.2208845268658735,-0.00055158773069763356,-0.00072270828554543698,,-0.96592582628906831,-0.25881904510252063,-0.43388373911755801,-0.90096886790241915
2026-07-10 18:00:00,,,,0,,-0.14999999999999999,0.53333333333333333,,,,,,5.9504464415461022,0.0015588764040472824,-0.00036085656343232131,,-1,-1.8369701987210297e-16,-0.43388373911755801,-0.90096886790241915
2026-07-10 19:00:00,,,,0,,0.14999999999999999,0.53333333333333333,,,,,,8.7776016758771291,0.00066463480765222016,0.001671923481001869,,-0.96592582628906842,0.2588190451025203,-0.43388373911755801,-0.90096886790241915
2026-07-10 20:00:00,,,,0,,0.14999999999999999,0.53333333333333333,,,,,,10.082331818089735,5.6948148726476688e-05,0.0022804593604259793,,-0.8660254037844386,0.50000000000000011,-0.43388373911755801,-0.90096886790241915
2026-07-10 21:00:00,,,,0,,0.14999999999999999,0.53333333333333333,,,,,,12.766530848240365,0.0007779665107801037,0.0014995494671588006,,-0.70710678118654768,0.70710678118654735,-0.43388373911755801,-0.90096886790241915
2026-07-10 22:00:00,,,0.860184191579627,0,,0.14999999999999999,0.53333333333333333,0.15473097746703729,76.986601846767471,4.4970600383186419,,,11.614492466744036,-0.00056918437418040924,0.00026573028532617116,,-0.50000000000000044,0.86602540378443837,-0.43388373911755801,-0.90096886790241915
2026-07-10 23:00:00,,,0.92490859469845399,0,,0.14999999999999999,0.53333333333333333,0.7165293067367775,79.587535149821591,4.4868589880540997,,,14.409843491761293,0.0013086400547557275,0.001517422191355422,,-0.25881904510252157,0.96592582628906809,-0.43388373911755801,-0.90096886790241915
2026-07-13 01:00:00,,,0.49582275937131076,0,,-0.10000000000000001,0.53333333333333333,-0.82184135546304149,62.673125603179258,4.5856563054035897,,,5.3324404876503522,-0.0029040819886230196,-0.0021646263080477013,,0.25881904510252074,0.96592582628906831,0,1
2026-07-13 02:00:00,,,-0.1608422649145507,0,,-0.10000000000000001,0.53333333333333333,-0.75488598189992939,61.840555273764771,4.5485075154783967,,,-1.5331323840400088,-0.00017109127761294474,-0.0017665332114802368,,0.49999999999999994,0.86602540378443871,0,1
2026-07-13 03:00:00,,,-0.68935815589391169,1,,-0.10000000000000001,0.53333333333333333,-0.96678775715785126,59.115465217118619,4.5390201509199777,,,-7.9253272617730062,-0.00055149332474435653,-0.0036266665909803208,,0.70710678118654746,0.70710678118654757,0,1
2026-07-13 04:00:00,,,-0.91830589087781944,1,,-0.10000000000000001,0.53333333333333333,-0.69450865426622022,55.483685830711856,4.5114774859209792,,0.0048082704628514697,-14.369659443701348,-0.00076117986548673855,-0.0014837644678440398,,0.8660254037844386,0.50000000000000011,0,1
2026-07-13 05:00:00,,,-0.97609305529398183,1,,-0.10000000000000001,0.53333333333333333,-0.77117247678944523,53.707026569327134,4.4656874831296669,,0.0048704403261878816,-19.199743099186776,-0.00038080731610179441,-0.0016934805063328895,0.0010883549139417642,0.96592582628906831,0.25881904510252074,0,1
2026-07-13 06:00:00,,,-0.99195357075283086,1,,-0.10000000000000001,0.53333333333333333,-0.75694213525853904,51.744217602533901,4.4177647183468025,,0.0052618998664602521,-22.848721314335034,-0.00041905560719257551,-0.0015610427887811085,0.0010738889243147632,1,6.123233995736766e-17,0,1
2026-07-13 07:00:00,,,-0.99601009606185398,1,,-0.29999999999999999,0.53333333333333333,-0.5736525959566946,50.834786236693553,4.3774983075732417,,0.0057154018579559209,-24.748231230097517,-0.00019053788903455882,-0.00099040081232892874,0.0010688229524192293,0.96592582628906831,-0.25881904510252063,0,1
2026-07-13 08:00:00,,,-0.99476453294913014,1,,-0.29999999999999999,0.53333333333333333,-0.13868163428065267,52.714284992837463,4.3670047137658186,,0.0059773907707263881,-23.41687905669486,0.00040008764358034909,-0.00020950585264678523,0.0010742143791069346,0.86602540378443871,-0.49999999999999978,0,1
2026-07-13 09:00:00,,,-0.93147503204427273,1,,0.29999999999999999,0.53333333333333333,0.9230215549107994,61.780396344841044,4.4071494326856477,,0.0059768129987282353,-13.695138613003866,0.0023021538150249654,0.0025117035695707557,0.0011953545521365125,0.70710678118654757,-0.70710678118654746,0,1
2026-07-13 10:00:00,,,-0.57683403095287977,0.5,,0.29999999999999999,0.53333333333333333,0.9634801593185941,63.223791331345112,4.4166511872128629,,0.0059428351848689453,-5.4470121117845931,0.00043700066245655478,0.0031392421210618693,0.0011647283611249842,0.49999999999999994,-0.86602540378443871,0,1
2026-07-13 11:00:00,,,0.6220502932924572,0.5,,0.14999999999999999,0.53333333333333333,0.99343612864107256,68.560807061007552,4.4305107991651989,,0.0063297652664420639,6.116205599473421,0.0018219435303148401,0.0045610980077963603,0.0012018919524045696,0.25881904510252102,-0.9659258262890682,0,1
2026-07-13 12:00:00,,,0.88795369819076675,0.5,,0.29999999999999999,0.53333333333333333,0.82751031105049988,66.190190626533081,4.409038767179954,,0.00651363443753924,11.606670877222282,-0.00041723563039042233,0.0018417085623809726,0.0011806856865530595,1.2246467991473532e-16,-1,0,1
2026-07-13 13:00:00,,0.12890349187270053,0.91486232675431001,0.5,,0.29999999999999999,0.53333333333333333,0.49274583203085437,62.890349187270054,4.377978701120691,23.013303775705975,0.0065940860169332411,12.402220390913836,-0.00058821856861435151,0.00081648933131006629,0.0011436025207499795,-0.25881904510252079,-0.96592582628906831,0,1
2026-07-13 14:00:00,,0.078783756605362076,0.80922778448100219,0.5,,-0.29999999999999999,0.53333333333333333,-0.85943805595437306,57.878375660536207,4.3791642009395089,21.546880624277232,0.0065122002368895758,8.9725808577280048,-0.00094946931801942469,-0.0019549235170241985,0.0011587334289036573,-0.49999999999999972,-0.86602540378443882,0,1
2026-07-13 15:00:00,,0.10393762328228327,0.79340895225918739,0.5,,-0.29999999999999999,0.53333333333333333,-0.50235629820478112,60.393762328228327,4.377576861142682,20.189070243123904,0.0065547898743638375,8.6061484824053309,0.00070269400568889751,-0.0008349938809448787,0.0011159068432853682,-0.70710678118654713,-0.70710678118654791,0,1
2026-07-13 16:00:00,,0.20910520521825815,0.97961739880685872,0.5,,0.29999999999999999,0.53333333333333333,0.97144204726497374,70.910520521825816,4.5228613837808247,20.88251032420953,0.0077646622850632945,21.07208935963822,0.0039411158123439094,0.0036943405000133822,0.0014147146985739212,-0.86602540378443837,-0.50000000000000044,0,1
2026-07-13 17:00:00,,0.02291067471731317,0.76497537756555178,0.5,,-0.14999999999999999,0.53333333333333333,-0.12672966610645953,52.291067471731317,4.6993653062563165,20.480867532183343,0.0077291948987200463,11.076751410473044,-0.0049098228542394651,-0.00026601303620665817,0.0018181385729563999,-0.96592582628906831,-0.25881904510252063,0,1
2026-07-13 18:00:00,,0.035280877189882459,-0.080684116662905231,0.5,,-0.14999999999999999,0.53333333333333333,-0.82481525156667113,48.235956140505877,4.6935776052518605,19.791450590356209,0.0077024992415644471,-0.88334017021747613,-0.0014643379341272578,-0.0024330449760228134,0.0018330779338715643,-1,-1.8369701987210297e-16,0,1
2026-07-13 19:00:00,,0.078268375954053657,-0.76013052410249737,0.5,,-0.14999999999999999,0.53333333333333333,-0.99753826742755147,46.086581202297317,4.7287541683756888,18.961818076872323,0.0078668018409200884,-11.276119619051858,-0.00081868120749106765,-0.0071928419958577905,0.0018367960141424499,-0.96592582628906842,0.2588190451025203,0,1
2026-07-13 20:00:00,,0.071096424572127864,-0.91051507920636776,0.5,,-0.14999999999999999,0.53333333333333333,-0.77271096171628295,46.445178771393607,4.7095356964881185,17.98316730144721,0.0076282054389008374,-16.988965430969692,0.00011427483109294201,-0.0021687443105253834,0.0018049685389654355,-0.8660254037844386,0.50000000000000011,0,1
2026-07-13 21:00:00,,0.028136574706111334,-0.92263866847561149,0.5,,-0.14999999999999999,0.53333333333333333,-0.018274633049543638,48.593171264694433,4.6952771966251747,17.184838559401516,0.0076914283720873368,-17.579609147700598,0.00066634303900059422,-3.8063337397531427e-05,0.0017012294714666043,-0.70710678118654768,0.70710678118654735,0,1
2026-07-13 22:00:00,,0.011902304813471716,-0.9031958248938009,0.5,,0.14999999999999999,0.53333333333333333,0.45707559469797909,49.404884759326414,4.6949970427613597,16.614485089621635,0.0077254159165131,-16.292714423842078,0.00024738579941363525,0.0010280036695071715,0.0017023878119593124,-0.50000000000000044,0.86602540378443837,0,1
2026-07-13 23:00:00,,0.05751637448827765,-0.91918908789248377,0.5,,0.14999999999999999,0.53333333333333333,0.10182344808760553,47.124181275586118,4.6789385079131369,16.084871153397458,0.0078235393333523796,-17.050224926346065,-0.00070425889182601509,0.00020946994658821438,0.0017051398465955281,-0.25881904510252157,0.96592582628906809,0,1
2026-07-14 01:00:00,,0.091806312005108304,-0.94277060808738833,1,,-0.10000000000000001,0.53333333333333333,-0.4604447953955173,45.409684399744584,4.6505699633159541,15.593086784046438,0.0079433534061706546,-18.442580946250885,-0.00053518764746307568,-0.00099206073987545551,0.0017009122688127216,0.25881904510252074,0.96592582628906831,0.7818314824680298,0.62348980185873359
2026-07-14 02:00:00,,0.091654097411405788,-0.94809050328805178,1,,-0.10000000000000001,0.53333333333333333,-0.56705010348843199,45.417295129429711,4.6157426417051699,15.672860628439615,0.0080067681043117962,-18.318163741958379,1.9050903059536495e-06,-0.0012375414489831371,0.0016989952394051034,0.49999999999999994,0.86602540378443871,0.7818314824680298,0.62348980185873359
2026-07-14 03:00:00,,0.15271538177345165,-0.9599017065817862,1,,-0.10000000000000001,0.53333333333333333,-0.62236645106923694,42.364230911327418,4.6470091060690386,16.390450005788537,0.0082081507196671444,-20.277463450047044,-0.0009148608334363928,-0.0014481433905935148,0.0017087428433897422,0.70710678118654746,0.70710678118654757,0.7818314824680298,0.62348980185873359
2026-07-14 04:00:00,,0.19172461818089773,-0.97508520066186666,1,,-0.10000000000000001,0.53333333333333333,-0.65319337796099908,40.413769090955114,4.6281501508119884,17.056782999041111,0.0085406168134521607,-22.37278776021672,-0.00061037253692752813,-0.0015233282800579673,0.0017132251425067383,0.8660254037844386,0.50000000000000011,0.7818314824680298,0.62348980185873359
2026-07-14 05:00:00,,0.22533287515848899,-0.98371828659923333,0.5,,-0.10000000000000001,0.53333333333333333,-0.79113524084461184,38.733356242075551,4.6103139697030944,17.888777789386257,0.0090837288726521789,-24.137266528916989,-0.00053438175212860983,-0.0020596151224925308,0.0017126482595310993,0.96592582628906831,0.25881904510252074,0.7818314824680298,0.62348980185873359
2026-07-14 06:00:00,,0.20604533151457061,-0.98321408850313197,0.5,,-0.10000000000000001,0.53333333333333333,-0.4745730209176735,39.697733424271469,4.5737562861013075,18.837152737411319,0.0095667283361567292,-23.121795891091956,0.00019088340899386935,-0.00095387088006226861,0.0016185886161553537,1,6.123233995736766e-17,0.7818314824680298,0.62348980185873359
2026-07-14 07:00:00,,0.052595171919057292,-0.91911976541194196,0.5,,0.29999999999999999,0.53333333333333333,0.60053298095120711,47.370241404047135,4.5848192952134816,18.449667295887735,0.0095880290188649041,-15.514297770609076,0.0016400949591446334,0.001296596616009893,0.0016658087119459757,0.96592582628906831,-0.25881904510252063,0.7818314824680298,0.62348980185873359
2026-07-14 08:00:00,,-0.0014950878857469263,-0.65091225707297262,0.5,,0.29999999999999999,0.53333333333333333,0.87507774130215066,50.074754394287346,4.5642077264412091,17.351989589632343,0.0090942185803115552,-7.4570004507462357,0.00064766841642160955,0.0024786467845601123,0.0016122574712734909,0.86602540378443871,-0.49999999999999978,0.7818314824680298,0.62348980185873359
2026-07-14 09:00:00,,0.11643289048692168,-0.61489395376157696,0.5,,0.29999999999999999,0.53333333333333333,0.37415970748248645,44.178355475653916,4.5708927350686608,16.804432119718943,0.0088044325909141154,-6.9260075367451321,-0.0015627385403256255,0.00072502483524061745,0.0016399395752336064,0.70710678118654757,-0.70710678118654746,0.7818314824680298,0.62348980185873359
2026-07-14 10:00:00,,0.12051316571129832,-0.54873053608369282,-1,,-0.29999999999999999,0.53333333333333333,-0.475337860836065,43.974341714435084,4.5916465636287116,16.958983975414984,0.0085640512304331687,-6.0828107278120882,-5.7219695035470863e-05,-0.00097228981893948685,0.0016388486158975934,0.49999999999999994,-0.86602540378443871,0.7818314824680298,0.62348980185873359
2026-07-14 11:00:00,,0.18533670408714087,-0.670520352175213,-1,,-0.14999999999999999,0.53333333333333333,-0.87606585083039212,40.733164795642956,4.5839010460134499,17.200891201485682,0.0086351849548425667,-7.9460632516987886,-0.00091596067773380696,-0.0025359189130949034,0.0016381079593572976,0.25881904510252102,-0.9659258262890682,0.7818314824680298,0.62348980185873359
2026-07-14 12:00:00,,0.079968420702508217,-0.43269320194236149,-1,,0.29999999999999999,0.53333333333333333,0.081061107766294729,46.001578964874589,4.5897969706066153,17.09270235338834,0.0082158956754165204,-4.5613902946107459,0.0011257502214476744,0.00015256984867839662,0.0016536307924768321,1.2246467991473532e-16,-1,0.7818314824680298,0.62348980185873359
2026-07-14 13:00:00,,0.16159060804360947,-0.48919693116375645,-0.5,,-0.29999999999999999,0.53333333333333333,-0.43341024922002497,41.920469597819526,4.6595011985156169,15.955450334776682,0.0050366493806320309,-5.6487551277249537,-0.0011448416598920375,-0.00093505211617816997,0.0013411669969100974,-0.25881904510252079,-0.96592582628906831,0.7818314824680298,0.62348980185873359
2026-07-14 14:00:00,,0.29515210967063976,-0.79203129806486405,-0.5,,-0.29999999999999999,0.53333333333333333,-0.75150871324773394,35.242394516468011,4.8113618628600117,17.240983556615749,0.0054930187015748257,-13.234472658311198,-0.0022744875486537808,-0.0022935789870981438,0.00095722213724772965,-0.49999999999999972,-0.86602540378443882,0.7818314824680298,0.62348980185873359
2026-07-14 15:00:00,,0.046271426769081359,-0.4029651760165196,-0.5,,-0.29999999999999999,0.53333333333333333,-0.094034404135448571,47.686428661545932,5.000193046525764,16.109530442969188,0.0052778400401530551,-6.3411953534354026,0.0031523166955160775,-0.00026701251302974072,0.0011991935344528044,-0.70710678118654713,-0.70710678118654791,0.7818314824680298,0.62348980185873359
2026-07-14 16:00:00,,-0.15678272571661622,0.59616612253329582,-1,,0.29999999999999999,0.53333333333333333,0.90264962339047494,57.839136285830811,5.0759518886474169,15.058895408868809,0.0059217507542507391,11.003408212612435,0.0036556846561275336,0.0045335138029898303,0.0014516603261874265,-0.86602540378443837,-0.50000000000000044,0.7818314824680298,0.62348980185873359
2026-07-14 17:00:00,,-0.088085085992492512,0.7966869969566287,-1,,0.14999999999999999,0.53333333333333333,0.9477036009357489,54.404254299624625,5.1078134348749948,14.718319567921176,0.0061131179602677849,18.009972876308389,-0.0011029133239404132,0.0057050880277031979,0.0014767431894935393,-0.96592582628906831,-0.25881904510252063,0.7818314824680298,0.62348980185873359
2026-07-14 18:00:00,,0.019004873803149424,0.71086742852994333,-1,,0.14999999999999999,0.53333333333333333,0.19792516890838913,49.049756309842529,5.1619290481711557,14.095452479299828,0.0059268708328584817,15.511986751888948,-0.0018853736814428146,0.00066739765074430579,0.0015298334871554574,-1,-1.8369701987210297e-16,0.7818314824680298,0.62348980185873359
2026-07-14 19:00:00,,0.0071439201958665424,0.68421701228124421,0.5,,-0.14999999999999999,0.53333333333333333,-0.69742117042498064,49.642803990206673,5.1318029739507924,13.517075897008578,0.0056594787567272962,14.172268951970302,0.00020966158790614031,-0.0027786254174770875,0.0015294330341469806,-0.96592582628906842,0.2588190451025203,0.7818314824680298,0.62348980185873359
2026-07-14 20:00:00,,-0.0019547010047352843,0.6769204352416035,0.5,,-0.14999999999999999,0.53333333333333333,-0.45532938959854002,50.097735050236764,5.0925170319132338,12.771075929520631,0.0055530251947266034,13.405007060160379,0.00015245354960491397,-0.0015232585439317603,0.0015230401832596954,-0.8660254037844386,0.50000000000000011,0.7818314824680298,0.62348980185873359
2026-07-14 21:00:00,,-0.067713819916200887,0.77225081215002311,0.5,,0.14999999999999999,0.53333333333333333,0.45238671267722913,53.385690995810045,5.0618662529019485,11.940342183727337,0.0057103832908862989,16.197101045698009,0.0011045936980504933,0.0014667088355615476,0.0015389260093145642,-0.70710678118654768,0.70710678118654735,0.7818314824680298,0.62348980185873359
2026-07-14 22:00:00,,-0.10912911721912195,0.85929134033137977,0.5,,0.14999999999999999,0.53333333333333333,0.59103923762561916,55.456455860956098,5.0311396503571695,11.566529167171302,0.0060505276823945705,19.760494412557289,0.00072303831447406708,0.0019800855621294744,0.0015463206849151909,-0.50000000000000044,0.86602540378443837,0.7818314824680298,0.62348980185873359
2026-07-14 23:00:00,,-0.13419935004085373,0.91560020579482582,0.5,,0.14999999999999999,0.53333333333333333,0.67579775891153326,56.709967502042687,4.9759433950752419,11.219417080369269,0.0065055678784655289,22.618221199385459,0.00043737461832726865,0.0022650066308518291,0.0015300107141034524,-0.25881904510252157,0.96592582628906809,0.7818314824680298,0.62348980185873359
2026-07-15 01:00:00,,-0.1253028106942469,0.92995106716017495,-1,,0.10000000000000001,0.53333333333333333,0.37720994633414839,56.265140534712344,4.9316491784215435,10.976106326934845,0.0067902750799179058,22.981579332535283,-0.00011407928522721988,0.0010463336475741158,0.0015210695584547895,0.25881904510252074,0.96592582628906831,0.97492791218182362,-0.22252093395631434
2026-07-15 02:00:00,,-0.2068217975712531,0.96317130076488111,-1,,0.10000000000000001,0.53333333333333333,0.58420597067506563,60.341089878562656,4.9020435693618172,11.174902663679772,0.0073341583512685112,26.75168345734939,0.0013870813666425619,0.0017103766997426106,0.0015347003865319004,0.49999999999999994,0.86602540378443871,0.97492791218182362,-0.22252093395631434
2026-07-15 03:00:00,,-0.14690168071703255,0.95787661241728761,-1,,0.10000000000000001,0.53333333333333333,0.21641768320699342,57.345084035851627,4.8819023730564677,11.225852078675484,0.0075168785500436576,25.314701700398672,-0.00072180225752838112,0.00055119982388696087,0.0015506150269465281,0.70710678118654746,0.70710678118654757,0.97492791218182362,-0.22252093395631434
2026-07-15 04:00:00,,-0.14208055358243329,0.94908679716580691,-1,,0.10000000000000001,0.53333333333333333,0.24966817429958268,57.104027679121664,4.8319966994822101,11.27316224974293,0.0078025032829894172,22.865269256788608,-5.7006584276209082e-05,0.00060827252483797167,0.001515001171929465,0.8660254037844386,0.50000000000000011,0.97492791218182362,-0.22252093395631434
2026-07-15 05:00:00,,-0.14722784581605325,0.93618521123024701,0.5,,-0.10000000000000001,0.53333333333333333,-0.30127850185394339,57.361392290802662,4.7791210009149436,11.390115311288325,0.0080735263230933968,20.304264706306402,7.6008056890231046e-05,-0.00070280078491435916,0.0015102637980751526,0.96592582628906831,0.25881904510252074,0.97492791218182362,-0.22252093395631434
2026-07-15 06:00:00,,-0.17001939627440166,0.92949058932350237,0.5,,0.10000000000000001,0.53333333333333333,0.15884719330293293,58.500969813720083,4.7216801224398157,11.508415290710309,0.0082539871380539719,18.590933114390452,0.00032296980513102369,0.00034197127774504565,0.001458349731644687,1,6.123233995736766e-17,0.97492791218182362,-0.22252093395631434
2026-07-15 07:00:00,,-0.17974072903369887,0.91952402353000617,0.5,,0.29999999999999999,0.53333333333333333,0.25806777036351308,58.987036451684943,4.6638697810747667,11.780788253047525,0.0083694360686610951,16.818173048638116,0.00013295725443818185,0.00053193511645943659,0.0014571787132602817,0.96592582628906831,-0.25881904510252063,0.97492791218182362,-0.22252093395631434
2026-07-15 08:00:00,,-0.16920642840453212,0.88410193882329891,0.5,,0.29999999999999999,0.53333333333333333,0.18319747088655922,58.460321420226606,4.6302763816519432,11.699639176956005,0.0081445115855528615,14.296951394643507,-9.4967663581968509e-05,0.00036095939598723703,0.0014350927984758716,0.86602540378443871,-0.49999999999999978,0.97492791218182362,-0.22252093395631434
2026-07-15 09:00:00,,-0.059202872582471852,0.68189095015047529,0.5,,-0.29999999999999999,0.53333333333333333,-0.47998844626701642,52.960143629123593,4.5994763018550735,11.215155305077939,0.00796720767323735,8.2791239512028056,-0.0010262258597322216,-0.00098823626887600824,0.0014469344349064578,0.70710678118654757,-0.70710678118654746,0.97492791218182362,-0.22252093395631434
2026-07-15 10:00:00,,0.016459920922923033,0.12024815463075525,0.5,,-0.29999999999999999,0.53333333333333333,-0.76591863393521842,49.177003953853848,4.5948449089460199,11.11614985028014,0.0073749761419918151,1.1959160294691245,-0.00077987544967506039,-0.0019010689729892505,0.0014320141314115372,0.49999999999999994,-0.86602540378443871,0.97492791218182362,-0.22252093395631434
2026-07-15 11:00:00,,-0.1853151913702753,0.44263239261033749,0.5,,0.14999999999999999,0.53333333333333333,0.3473739001095989,59.265759568513765,4.6257751519195747,10.736808792614783,0.0054844706125367826,4.8539918334085144,0.0025086485466285779,0.00070254723722129597,0.0014022826176726059,0.25881904510252102,-0.9659258262890682,0.97492791218182362,-0.22252093395631434
2026-07-15 12:00:00,,-0.17958408787867086,0.57200485598005446,1,,0.29999999999999999,0.53333333333333333,0.71177661952736193,58.979204393933543,4.5929995143076523,10.762850128457375,0.0049896844680170525,6.4262859603931481,-5.6944905818312463e-05,0.0016718281911352051,0.0012461723797466283,1.2246467991473532e-16,-1,0.97492791218182362,-0.22252093395631434
2026-07-15 13:00:00,,-0.053424481069028362,0.23138357513880317,1,,0.29999999999999999,0.53333333333333333,0.53242582871016964,52.671224053451418,4.6160211145829111,10.275723397609889,0.0049838143405473842,2.3822176667701029,-0.0013106286244486398,0.0011410750163616257,0.0010012019507091058,-0.25881904510252079,-0.96592582628906831,0.97492791218182362,-0.22252093395631434
2026-07-15 14:00:00,,-0.05657414909612285,-0.044442304221596403,1,,-0.29999999999999999,0.53333333333333333,-0.60462715000763645,52.828707454806143,4.6045864566986223,10.128918524858896,0.0049549877532714106,-0.44445646750163093,3.8013418739879512e-05,-0.0013295601115270728,0.0009672665072971761,-0.49999999999999972,-0.86602540378443882,0.97492791218182362,-0.22252093395631434
2026-07-15 15:00:00,,-0.17355275206473608,0.23798685436739075,1,,0.29999999999999999,0.53333333333333333,0.11346617644899146,58.677637603236803,4.6568414837044161,9.9857135877997223,0.0045849771373006262,2.5550605216046876,0.0015003753752349525,0.00022776016952619216,0.00090454114082412431,-0.70710678118654713,-0.70710678118654791,0.97492791218182362,-0.22252093395631434
2026-07-15 16:00:00,,-0.24384830772990468,0.55271921577176464,1,,0.29999999999999999,0.53333333333333333,0.80987590096786055,62.192415386495234,4.7933900386565345,10.969539650356744,0.0044800276390327218,7.5116341663406416,0.0010432375449447306,0.0025816263389195626,0.00092297949211205118,-0.86602540378443837,-0.50000000000000044,0.97492791218182362,-0.22252093395631434
2026-07-15 17:00:00,,-0.25987280591159007,0.69543347363403729,1,,0.14999999999999999,0.53333333333333333,0.82592408879256463,62.993640295579503,4.8290155087817954,11.883092422731121,0.0043054868791135509,10.737558813476802,0.0002464244768844992,0.0027900373970641823,0.00092262484125694392,-0.96592582628906831,-0.25881904510252063,0.97492791218182362,-0.22252093395631434
2026-07-15 18:00:00,,-0.12199176590854847,0.53281743347418076,1,,-0.14999999999999999,0.53333333333333333,-0.016080024590337322,56.099588295427424,4.823238467820337,12.474374286394985,0.0040246686242490452,7.3882987311767749,-0.001327618447856338,-3.7956426027108137e-05,0.00096582730328369801,-1,-1.8369701987210297e-16,0.97492791218182362,-0.22252093395631434
2026-07-15 19:00:00,,0.035525129297772649,-0.1250447964077735,1,,-0.14999999999999999,0.53333333333333333,-0.82609649663175633,48.223743535111367,4.8750738588721294,12.045037633921755,0.0039418806708448311,-1.6465023595231969,-0.001842618178180544,-0.0029238121491523827,0.0010517633150599565,-0.96592582628906842,0.2588190451025203,0.97492791218182362,-0.22252093395631434
2026-07-15 20:00:00,,-0.1367084681492142,0.044303496677240775,1,,-0.14999999999999999,0.53333333333333333,-0.28427252900451677,56.835423407460709,4.8934537310333885,11.392051292468835,0.0040475740051406656,0.59145586633212588,0.0024307809454615636,-0.0007394556805753183,0.0011802008071603513,-0.8660254037844386,0.50000000000000011,0.97492791218182362,-0.22252093395631434
2026-07-15 21:00:00,,-0.050016275671893172,-0.16363471234081159,0.5,,-0.14999999999999999,0.53333333333333333,-0.21106017696060056,52.500813783594658,4.8726729834781013,10.583697788411737,0.0039159672301965981,-2.1576074075386771,-0.0011197040596719887,-0.00053154129239096903,0.0012116009729087312,-0.70710678118654768,0.70710678118654735,0.97492791218182362,-0.22252093395631434
2026-07-15 22:00:00,,-0.11529027654513768,-0.057690095193818319,0.5,,0.14999999999999999,0.53333333333333333,0.74318502475862069,55.764513827256884,4.847391435735573,10.012134186349332,0.0040430681037506681,-0.73583273206343591,0.0010058930995526794,0.0023169699853422543,0.0011925988585167577,-0.50000000000000044,0.86602540378443837,0.97492791218182362,-0.22252093395631434
2026-07-15 23:00:00,,-0.10145014443712398,-0.05960151838270155,-1,,-0.14999999999999999,0.53333333333333333,-0.12210152626756496,55.072507221856199,4.8059506022149021,9.3162405801674151,0.0040861972752461555,-0.72940745539521856,-0.00017074073061529305,-0.0002845516907346024,0.0011801690559787689,-0.25881904510252157,0.96592582628906809,0.97492791218182362,-0.22252093395631434
2026-07-16 01:00:00,,-0.11576181261346548,-0.029224314934019259,-1,,0.10000000000000001,0.53333333333333333,0.44117992139052481,55.788090630673274,4.7527050905038148,8.6700536601413489,0.0041336264831665021,-0.33879860855053323,0.00020678226944070843,0.0010419346383780947,0.0011800789892021388,0.25881904510252074,0.96592582628906831,0.43388373911755823,-0.90096886790241903
2026-07-16 02:00:00,,-0.1141838176200372,-0.043600057827590431,-1,,0.10000000000000001,0.53333333333333333,0.0090861402731127385,55.709190881001859,4.7009775530853926,8.151106291175946,0.0041594601371126071,-0.4801435464815853,-1.7072145940488781e-05,1.8969392884926606e-05,0.0011803170194539024,0.49999999999999994,0.86602540378443871,0.43388373911755823,-0.90096886790241903
2026-07-16 03:00:00,,-0.13753651236208669,0.012432002802120935,-1,,0.10000000000000001,0.53333333333333333,0.23990296618497509,56.876825618104334,4.6659367504043656,7.9562935099640919,0.0042574193473784907,0.13211558694739267,0.00030346135842229671,0.00049317148192251636,0.0011801176045348918,0.70710678118654746,0.70710678118654757,0.43388373911755823,-0.90096886790241903
2026-07-16 04:00:00,,-0.058640358821592145,-0.24100154871259116,-1,,-0.10000000000000001,0.53333333333333333,-0.25684116497723969,52.932017941079607,4.6287793352803961,7.4207342028078278,0.0042457044541610693,-2.5171021024964944,-0.00079678255846893364,-0.00051039334598712571,0.0011962687776030285,0.8660254037844386,0.50000000000000011,0.43388373911755823,-0.90096886790241903
2026-07-16 05:00:00,,-0.12406579884046735,-0.16864835859432212,0.5,,0.10000000000000001,0.53333333333333333,0.15841965579884953,56.203289942023368,4.6066384411301824,7.1594563570724477,0.0043091406961193769,-1.7052531647687417,0.00079678255846893364,0.00030346135842229671,0.0012076548572542475,0.96592582628906831,0.25881904510252074,0.43388373911755823,-0.90096886790241903
2026-07-16 06:00:00,,-0.17132235527358289,0.062096678542291263,0.5,,0.10000000000000001,0.53333333333333333,0.3204243806342042,58.566117763679145,4.5679949073411077,6.8853758726114433,0.0042336453184289276,0.59907679875828279,0.00060664659010356559,0.00060664659010356559,0.0011837768769524498,1,6.123233995736766e-17,0.43388373911755823,-0.90096886790241903
2026-07-16 07:00:00,,-0.16497688439078659,0.15999868237169418,1,,0.29999999999999999,0.53333333333333333,0.64844065416898278,58.248844219539329,4.5206694804364078,6.7043933791355066,0.0036496536132153983,1.4830845198518006,-5.6857486724126716e-05,0.0013465716618483725,0.0011643395625273848,0.96592582628906831,-0.25881904510252063,0.43388373911755823,-0.90096886790241903
2026-07-16 08:00:00,,-0.11510074894000212,0.016690806683574907,1,,0.29999999999999999,0.53333333333333333,0.066323388004411385,55.755037447000106,4.5035030865759085,6.8359313458016642,0.0036920995754074143,0.1507871041479234,-0.00043601483141131325,0.00011377427196812562,0.0010360766084830276,0.86602540378443871,-0.49999999999999978,0.43388373911755823,-0.90096886790241903
2026-07-16 09:00:00,,-0.13588737163271161,-0.030285601353788608,1,,-0.29999999999999999,0.53333333333333333,-0.15721889191212032,56.794368581635581,4.4808446863635538,6.5395323768328266,0.0037528067302128204,-0.26753164299202581,0.00022750971754170735,-0.00026536260059373262,0.0010364522438237802,0.70710678118654757,-0.70710678118654746,0.43388373911755823,-0.90096886790241903
2026-07-16 10:00:00,,0.056953241532088868,-0.65332638976991386,1,,-0.29999999999999999,0.53333333333333333,-0.83277729783462495,47.152337923395557,4.5022036692747962,6.7145687167741528,0.0035041853518744059,-7.0465729048153705,-0.0018405204190017344,-0.0020490255328713403,0.0010793887971739906,0.49999999999999994,-0.86602540378443871,0.43388373911755823,-0.90096886790241903
2026-07-16 11:00:00,,-0.045585517696208486,-0.68792988094664942,1,,-0.14999999999999999,0.53333333333333333,-0.30081933932592081,52.279275884810424,4.5020328592865688,6.877102461005383,0.0030930652932090507,-7.6130424734378224,0.0010819533158166195,-0.00053105738564340754,0.0011042479366662448,0.25881904510252102,-0.9659258262890682,0.43388373911755823,-0.90096886790241903
2026-07-16 12:00:00,,-0.21883444883800721,-0.015468846115643978,0.5,,0.29999999999999999,0.53333333333333333,0.67099533151851354,60.94172244190036,4.60202526348922,7.3584454741062419,0.0036347854520698687,-0.15421504335350278,0.0022929053184430614,0.0015343382152579466,0.0011697235932199247,1.2246467991473532e-16,-1,0.43388373911755823,-0.90096886790241903
2026-07-16 13:00:00,,-0.15360296406576224,0.19898097652848667,0.5,,0.29999999999999999,0.53333333333333333,0.89574927782599834,57.680148203288113,4.5910843177872973,7.8054068434141826,0.003826941642825678,1.9885049423834715,-0.00066269682153397014,0.0027121618127257108,0.0011619299711808757,-0.25881904510252079,-0.96592582628906831,0.43388373911755823,-0.90096886790241903
2026-07-16 14:00:00,,-0.13860295655371771,0.22849108609615867,0.5,,0.29999999999999999,0.53333333333333333,0.63767113676618581,56.930147827685886,4.6387546714525083,7.610853346281452,0.0039336946232413211,2.4054115678770671,-0.00015153524170408161,0.0014786732552050097,0.0011617322439556586,-0.49999999999999972,-0.86602540378443882,0.43388373911755823,-0.90096886790241903
2026-07-16 15:00:00,,-0.0064751757393842983,-0.23972345325517078,0.5,,-0.29999999999999999,0.53333333333333333,-0.80957683895755594,50.323758786969215,4.6521909315168051,7.4301965275153474,0.0038958716504993406,-2.5625090157935233,-0.0014217607581539227,-0.0022359928213919744,0.001167683240622684,-0.70710678118654713,-0.70710678118654791,0.43388373911755823,-0.90096886790241903
2026-07-16 16:00:00,,0.054939142686415893,-0.62396426764017709,0.5,,-0.29999999999999999,0.53333333333333333,-0.78937909760268543,47.253042865679205,4.7365660995340901,7.5182707221086824,0.0032930667813523867,-8.3418319928123736,-0.00074011522607264624,-0.0023134112259306505,0.0010990387539764898,-0.86602540378443837,-0.50000000000000044,0.43388373911755823,-0.90096886790241903
2026-07-16 17:00:00,,-0.19678788141518638,0.0042418883508955826,0.5,,0.14999999999999999,0.53333333333333333,0.53438108947607355,59.839394070759319,4.7937488873639928,7.6000539028024932,0.0039402958076283088,0.051222471291076488,0.0035248672032786033,0.0013629912190520344,0.0012404924418470242,-0.96592582628906831,-0.25881904510252063,0.43388373911755823,-0.90096886790241903
2026-07-16 18:00:00,,-0.1296764204049326,0.18611673227530701,1,,0.14999999999999999,0.53333333333333333,0.69710406211894882,56.48382102024663,4.7933032445500681,8.1463648584091946,0.0039423181505484645,2.2729090064210737,-0.00081378518670760513,0.0019709667904983519,0.0012260524978852582,-1,-1.8369701987210297e-16,0.43388373911755823,-0.90096886790241903
2026-07-16 19:00:00,,-0.055554541234867257,0.0046239512968957444,1,,0.14999999999999999,0.53333333333333333,0.62898437381733663,52.777727061743363,4.834064221378827,8.3724885086213128,0.0039290355470464229,0.058133137497321741,-0.00094709532963577203,0.0017639866869352261,0.0012318005210509731,-0.96592582628906842,0.2588190451025203,0.43388373911755823,-0.90096886790241903
2026-07-16 20:00:00,,0.15660324082455446,-0.75635213931507816,1,,-0.14999999999999999,0.53333333333333333,-0.96805676649186279,42.169837958772277,4.8792085998714469,9.0582094972687663,0.0046750100457714095,-12.990022672784541,-0.0033789587759347484,-0.0051398392922781255,0.0014513007444187016,-0.8660254037844386,0.50000000000000011,0.43388373911755823,-0.90096886790241903
2026-07-16 21:00:00,,0.21926339330782155,-0.95909815344195426,1,,-0.14999999999999999,0.53333333333333333,-0.97921055731247508,39.036830334608922,4.8602801373895588,10.346567121704355,0.0058911483931177091,-24.967140027368789,-0.0012557796044951886,-0.0055818337100657089,0.0014711515211806633,-0.70710678118654768,0.70710678118654735,0.43388373911755823,-0.90096886790241903
2026-07-16 22:00:00,,0.1213848601635155,-0.96506875926439084,1,,-0.14999999999999999,0.53333333333333333,-0.86019078551129369,43.930756991824225,4.8896961609273895,12.069357351847064,0.0063012036372825002,-26.781348175121515,0.0013698632279144363,-0.0032648751525155006,0.0015115793088927043,-0.50000000000000044,0.86602540378443837,0.43388373911755823,-0.90096886790241903
2026-07-16 23:00:00,,0.16737345985140137,-0.98078728584446839,1,,-0.14999999999999999,0.53333333333333333,-0.30336509568231179,41.631327007429931,4.8497236929166894,13.669091136979578,0.0069318463335109473,-29.599982152034983,-0.0008749739017126501,-0.00076089027829340239,0.0015173701109659173,-0.25881904510252157,0.96592582628906809,0.43388373911755823,-0.90096886790241903
2026-07-17 01:00:00,,0.17355112243863957,-0.98569012117575439,0.5,,0.10000000000000001,0.53333333333333333,0.16065141289599028,41.322443878068022,4.8105374069320508,15.161675187649061,0.0074900726427419833,-30.28662419595387,-0.00011608666167717274,0.00037880266452461342,0.0015102789728004631,0.25881904510252074,0.96592582628906831,-0.43388373911755801,-0.90096886790241915
2026-07-17 02:00:00,,0.20868901227800721,-0.99039671807346064,0.5,,-0.10000000000000001,0.53333333333333333,-0.62467869287552746,39.56554938609964,4.7654461679025202,16.807810641677968,0.0081612052347305314,-31.306081800492557,-0.00064538301151451094,-0.0016364435749043338,0.0014975839190319062,0.49999999999999994,0.86602540378443871,-0.43388373911755801,-0.90096886790241915
2026-07-17 03:00:00,,0.28585421992864041,-0.99531460645648673,0.5,,-0.10000000000000001,0.53333333333333333,-0.77291670780781685,35.707289003567979,4.7603317130040246,18.894862805549323,0.0091838260320030261,-35.351341507511222,-0.0015246810653266607,-0.0022861507385183444,0.0015120338487917425,0.70710678118654746,0.70710678118654757,-0.43388373911755801,-0.90096886790241915
2026-07-17 04:00:00,,-0.184727173640334,-0.99856186008850956,0.5,,-0.10000000000000001,0.53333333333333333,-0.95046069764080443,31.5272826359666,4.7622963693280527,21.332196685042184,0.010746955732346197,-42.34065423655916,-0.0019282358803334176,-0.0040982999571745893,0.0015523586584542818,0.8660254037844386,0.50000000000000011,-0.43388373911755801,-0.90096886790241915
2026-07-17 05:00:00,,-0.19315329139997373,-0.99938231337398276,0.5,,-0.10000000000000001,0.53333333333333333,-0.94641615365948351,30.684670860002626,4.7275055325935904,23.759468345474538,0.012118120661164881,-45.670752684251021,-0.000420505377197955,-0.0038734223228580333,0.001552349918160188,0.96592582628906831,0.25881904510252074,-0.43388373911755801,-0.90096886790241915
2026-07-17 06:00:00,,-0.41971071651839426,-0.9996322001001765,0.5,,-0.10000000000000001,0.53333333333333333,-0.90540793242298423,29.014464174080288,4.711569903404845,26.106569268605686,0.013429526735104037,-47.832652968168226,-0.0008415416007778731,-0.0031902828583092457,0.0015475958757977786,1,6.123233995736766e-17,-0.43388373911755801,-0.90096886790241915
2026-07-17 07:00:00,,-0.46266231268842062,-0.99977983473896237,0.5,,-0.29999999999999999,0.53333333333333333,-0.81675252049095848,26.866884365578969,4.6991459003860889,28.655120050195958,0.015024207579344329,-50.061081218948793,-0.0011486992245810512,-0.0024107462025568793,0.0015227581232836725,0.96592582628906831,-0.25881904510252063,-0.43388373911755801,-0.90096886790241915
2026-07-17 08:00:00,,-0.45878625841268844,-0.99974829168998924,0.5,,-0.29999999999999999,0.53333333333333333,-0.74037410559293915,27.060687079365579,4.6748914502481229,31.168047397235064,0.016157779322511057,-48.143595532194681,3.831124052311452e-05,-0.0019519295848358098,0.001485644864982489,0.86602540378443871,-0.49999999999999978,-0.43388373911755801,-0.90096886790241915
2026-07-17 09:00:00,,-0.34728306384131885,-0.99889512860596164,0.5,,0,0.53333333333333333,0,32.635846807934058,4.6707385736297455,32.038292197354423,0.016202398182974913,-40.044530910818665,0.0011103879840579367,0,0.0013898250386949937,0.70710678118654757,-0.70710678118654746,-0.43388373911755801,-0.90096886790241915
2026-07-17 10:00:00,,-0.22395133088750441,-0.98870713061804627,0.5,,0.29999999999999999,0.53333333333333333,0.84209152052399139,38.802433455624779,4.6695494202246737,32.187640156003596,0.015872263348212793,-27.57463950508432,0.0013575917264301296,0.0025062909510111808,0.001452549829107589,0.49999999999999994,-0.86602540378443871,-0.43388373911755801,-0.90096886790241915
2026-07-17 11:00:00,,-0.31522795580796897,-0.97196912047423734,0.5,,0.14999999999999999,0.53333333333333333,0.28875917458472244,34.238602209601552,4.7098170368899748,32.546419662999369,0.015742660392952045,-23.613592537250696,-0.001836056056474078,0.00063192365401398831,0.0014834283216731737,0.25881904510252102,-0.9659258262890682,-0.43388373911755801,-0.90096886790241915
2026-07-17 12:00:00,,-0.2981005184299636,-0.93354739378713447,0.5,,-0.29999999999999999,0.53333333333333333,-0.13671587967680784,35.094974078501821,4.6916191187736702,33.052094596620378,0.015693177365104675,-18.374876528145762,0.00019141320426818709,-0.00028705112577576131,0.0014759189062578189,1.2246467991473532e-16,-1,-0.43388373911755801,-0.90096886790241915
2026-07-17 13:00:00,,-0.15984145996378105,-0.59728733869838291,0.5,,-0.29999999999999999,0.53333333333333333,-0.0088527712229681411,42.007927001810948,4.726998611699277,31.949159876414861,0.015379794597116952,-7.7817596195240526,0.0016255346328062359,-1.9108219399655013e-05,0.0015441526879174789,-0.25881904510252079,-0.96592582628906831,-0.43388373911755801,-0.90096886790241915
2026-07-17 14:00:00,,-0.16992265689980968,-0.032950159722232912,1,,0.29999999999999999,0.53333333333333333,0.64584494604735543,41.503867155009516,4.7181342424198007,30.925006207652594,0.013662998341367553,-0.36904084630108969,-0.00017199040718196557,0.0016449574298924574,0.0012527282505071333,-0.49999999999999972,-0.86602540378443882,-0.43388373911755801,-0.90096886790241915
2026-07-17 15:00:00,,-0.3063637986018401,-0.29483158625491501,0.5,,-0.29999999999999999,0.53333333333333333,-0.48434003815380067,34.681810069907996,4.7483233883901272,30.639035397702045,0.012260704472811832,-3.5061408267533523,-0.0026217350991259991,-0.0011681908735017288,0.0013380860206183794,-0.70710678118654713,-0.70710678118654791,-0.43388373911755801,-0.90096886790241915
2026-07-17 16:00:00,,0.091551675003432531,0.82668105392059932,0.5,,0.29999999999999999,0.53333333333333333,0.86532225619160619,54.577583750171627,4.9894984967156635,28.676554683271242,0.010624629344192716,17.293988328098592,0.0064748633760487451,0.0036811378697407804,0.0020674389511207221,-0.86602540378443837,-0.50000000000000044,-0.43388373911755801,-0.90096886790241915
2026-07-17 17:00:00,,0.11048759311436583,0.97341341989522545,0.5,,0.14999999999999999,0.53333333333333333,0.90869022553944001,55.524379655718292,4.9929637767871133,27.575772196212515,0.010397980571869659,31.73751589507944,0.00041875250435730038,0.0042718807812800463,0.0019330139059990893,-0.96592582628906831,-0.25881904510252063,-0.43388373911755801,-0.90096886790241915
2026-07-17 18:00:00,,0.12477611436115538,0.99214789127505731,-1,,0.14999999999999999,0.53333333333333333,0.98778998370910909,56.238805718057769,4.9976191557878007,25.997881311168666,0.010586489921049642,40.984452951290194,0.00030443717413142224,0.0071980530545374677,0.0019127405487750038,-1,-1.8369701987210297e-16,-0.43388373911755801,-0.90096886790241915
2026-07-17 19:00:00,,-0.021433756218264221,0.98093138526654278,0.5,,-0.14999999999999999,0.53333333333333333,-0.67597512397371406,47.856624378173578,5.0167039852813096,24.157870114435084,0.00987626850208345,35.036572011593663,-0.0030867162438426021,-0.0023635265653538795,0.0020067052494014631,-0.96592582628906842,0.2588190451025203,-0.43388373911755801,-0.90096886790241915
2026-07-17 20:00:00,,-0.067306506019665868,0.91247788773805516,0.5,,-0.14999999999999999,0.53333333333333333,-0.93208065689886999,43.269349398033413,5.0181639911745695,23.168892087909892,0.0093882083659824495,23.306787347047347,-0.0020439943313181885,-0.0048262734010293684,0.002044536579309671,-0.8660254037844386,0.50000000000000011,-0.43388373911755801,-0.90096886790241915
2026-07-17 21:00:00,,-0.081439680365176348,0.70745426493620667,0.5,,-0.14999999999999999,0.53333333333333333,-0.96710053217849434,41.856031963482366,5.0014198008628821,22.766184997527219,0.0088788210880694617,13.109663048559099,-0.00066950411376431873,-0.0058002146889251094,0.0020464695154560632,-0.70710678118654768,0.70710678118654735,-0.43388373911755801,-0.90096886790241915
2026-07-17 22:00:00,,-0.10858310544378547,0.14972490250318049,0.5,,-0.14999999999999999,0.53333333333333333,-0.89401932028331232,39.141689455621453,4.9861046422101962,22.731542286489322,0.0086688015256381097,2.2080505369202683,-0.001321193861944181,-0.0040346923070266882,0.002058522369746719,-0.50000000000000044,0.86602540378443837,-0.43388373911755801,-0.90096886790241915
2026-07-17 23:00:00,,-0.099481681122605969,-0.22337050357732671,0.5,,-0.14999999999999999,0.53333333333333333,-0.55827834458886705,40.051831887739404,4.9501505995439787,22.785664954882314,0.0086623457265288858,-3.2079898297285538,0.00028736458141942478,-0.0017033333942890749,0.0020418091089816942,-0.25881904510252157,0.96592582628906809,-0.43388373911755801,-0.90096886790241915
2026-07-20 01:00:00,,-0.11680323406452103,-0.54044825592148749,0.5,,-0.10000000000000001,0,-0.59196171741046633,38.319676593547896,4.9500513272896551,23.269117592111101,0.0089957489926763765,-8.5385390097491438,-0.00080674605002784006,-0.0018405753305525963,0.0020073644748074822,0.25881904510252074,0.96592582628906831,0,1
2026-07-20 02:00:00,,-0.10732972921440335,-0.62776479075588387,0.5,,-0.10000000000000001,0,-0.09627978021329181,39.267027078559664,4.9023438913194752,23.718037898109259,0.0092341371327452539,-9.930054009756816,0.00027026535046559275,-0.00024911611814282253,0.0020085524543956338,0.49999999999999994,0.86602540378443871,0,1
2026-07-20 03:00:00,,-0.096140549316494989,-0.58076401261652744,1,,-0.10000000000000001,0,-0.091952772740422156,40.385945068350502,4.8685580053234352,23.611005679632836,0.0093787006210025396,-8.6358270188643047,0.00030659564107793358,-0.00022988505848431373,0.0020033495416064673,0.70710678118654746,0.70710678118654757,0,1
2026-07-20 04:00:00,,-0.12797245258285897,-0.69705913626269156,1,,-0.10000000000000001,0,-0.29231448473297278,37.202754741714102,4.8613232742197567,23.856359634522168,0.0096839515484685862,-11.130893124901519,-0.0013228656344921319,-0.00074600464294860558,0.0020086748155157203,0.8660254037844386,0.50000000000000011,0,1
2026-07-20 05:00:00,,-0.097820026270057522,-0.60776751502350812,0.5,,-0.10000000000000001,0,-0.0956227742224776,40.217997372994247,4.8291908632482965,24.084188306919405,0.0098046691721995049,-8.8249066681667614,0.00078626155875660686,-0.00023000843465759147,0.0020178326520504256,0.96592582628906831,0.25881904510252074,0,1
2026-07-20 06:00:00,,-0.096315884152529355,-0.46850421804021092,0.5,,-0.10000000000000001,0,-0.21328629049195832,40.368411584747065,4.7877452552532933,24.206984564533315,0.010000462487218545,-6.0993722389621752,3.8338413178351516e-05,-0.00049826566255717353,0.0019998980177986002,1,6.123233995736766e-17,0,1
2026-07-20 07:00:00,,-0.068584556582820824,-0.09052172050160881,0.5,,0.29999999999999999,0,0.58507353716195953,43.141544341717918,4.7697129234546862,23.847093921675512,0.010040801930628352,-1.0700480142033797,0.00068984021438112109,0.0015144401863160795,0.0019799161273380407,0.96592582628906831,-0.25881904510252063,0,1
2026-07-20 08:00:00,,-0.10486448849786192,-0.11830668102121321,0.5,,-0.29999999999999999,0,-0.23870568327603553,39.513551150213807,4.7452489319758326,23.556886380787486,0.010288171228014977,-1.3673613173765204,-0.0012650708018302481,-0.00053689217427077551,0.001957929927072409,0.86602540378443871,-0.49999999999999978,0,1
2026-07-20 09:00:00,,-0.11438880165193936,-0.17101226382403251,0.5,0,-0.29999999999999999,0,-0.4065473747392172,38.561119834806064,4.7117630325770747,23.631953703993069,0.010590497326282894,-1.9213578180196009,-0.0003452972468078741,-0.00092052783425700113,0.0019574641071971712,0.70710678118654757,-0.70710678118654746,0,1
2026-07-20 10:00:00,,-0.015512803749156064,0.54202058075666826,0.5,0,0.29999999999999999,0,0.39935040203397504,48.448719625084394,4.752496967682406,22.022836771772681,0.01052393356146995,7.0336494375261367,0.00254855320796743,0.00093818515932930779,0.0020109988994890257,0.49999999999999994,-0.86602540378443871,0,1
2026-07-20 11:00:00,,0.0038820636193810996,0.87049690120620815,-1,0,0.14999999999999999,0,0.86176305193351754,50.38820636193811,4.7142502668312796,20.504591802615213,0.010474150662760679,14.890029266596045,0.00057396496563200117,0.0027772209267915571,0.0020160457242172024,0.25881904510252102,-0.9659258262890682,0,1
2026-07-20 12:00:00,,-0.079841880790212233,0.9723105302228009,-1,0,0.29999999999999999,0,0.96504123302355782,53.992094039510611,4.697767047927174,19.655382663680879,0.010479301867785963,23.398923494273404,0.0011087323356306911,0.0042312505092301222,0.0019354962133470476,1.2246467991473532e-16,-1,0,1
2026-07-20 13:00:00,,-0.029836823899635191,0.98367266052227098,-1,0,0.29999999999999999,0,0.44893012093697365,51.49184119498176,4.6782382191078131,18.750599709230102,0.0094776304488910883,25.81855953137466,-0.0006880339701496041,0.00099466333111308813,0.0012412123123484655,-0.25881904510252079,-0.96592582628906831,0,1
2026-07-20 14:00:00,,-0.1458003484626812,0.99470923187864868,-1,0,0.29999999999999999,0,0.79526308225690823,57.29001742313406,4.7053676516618106,18.809484771576351,0.0084156808980828408,32.787446415672683,0.0018718728008408902,0.0022925711663219772,0.0013200320920189487,-0.49999999999999972,-0.86602540378443882,0,1
2026-07-20 15:00:00,,0.024599713323573979,0.98422004394169038,-1,0,-0.29999999999999999,0,-0.55511551829114036,48.770014333821301,4.7314918539122885,18.340212465548717,0.0063606200667933165,27.425785466855928,-0.0025412488717346804,-0.0013574100410433942,0.0014194375888430975,-0.70710678118654713,-0.70710678118654791,0,1
2026-07-20 16:00:00,,0.14954127048379534,0.83279921655027533,-1,0,-0.29999999999999999,0,-0.84316838914667291,42.522936475810234,4.84757908634678,17.263076501105566,0.0057719660209530673,15.256128534571424,-0.0023367629242976307,-0.0030061389951914208,0.0013495890323941754,-0.86602540378443837,-0.50000000000000044,0,1
2026-07-20 17:00:00,,0.25485812325314755,-0.057730320586245075,-1,0,-0.14999999999999999,0,-0.99341240715622292,37.257093837342623,4.8906765184950869,17.488809982769649,0.0064870820674779303,-0.76891965594367662,-0.0023999013160107552,-0.0072779131120430662,0.001376662017809232,-0.96592582628906831,-0.25881904510252063,0,1
2026-07-20 18:00:00,,0.21343103807816163,-0.5522179523652101,0.5,0,-0.14999999999999999,0,-0.92175608778262397,39.328448096091918,4.9002708247323303,17.916830080891629,0.0068877010149944401,-8.349267146683701,0.00061492344219438166,-0.0041217407981140042,0.0013865136732952069,-1,-1.8369701987210297e-16,0,1
2026-07-20 19:00:00,,0.24124976395191169,-0.78704804488649738,0.5,0,-0.14999999999999999,0,-0.73186017625971289,37.937511802404416,4.9059306462993773,18.146446908967672,0.0074830360878641337,-14.36838397788442,-0.00063414589401844523,-0.0024191237678348188,0.0013655345415921906,-0.96592582628906842,0.2588190451025203,0,1
2026-07-20 20:00:00,,0.25585068264092597,-0.87653999008122363,0.5,0,-0.14999999999999999,0,-0.13493674753806528,37.207465867953701,4.8872031674967138,18.658463970345434,0.0080748921509825114,-18.039588552749983,-0.00032683822760226633,-0.0003460606794263299,0.0013617941257335659,-0.8660254037844386,0.50000000000000011,0,1
2026-07-20 21:00:00,,0.34943250024562045,-0.95718970738842557,0.5,0,-0.14999999999999999,0,-0.83784320890221387,32.528374987718976,4.9301321372752849,19.739984517507853,0.0094333841011927655,-26.451184776014571,-0.002271590704600257,-0.0032325748262209686,0.0014340246120003119,-0.70710678118654768,0.70710678118654735,0,1
2026-07-20 22:00:00,,-0.16254956082557726,-0.97023313833233449,0.5,0,-0.14999999999999999,0,-0.69970795813982756,33.745043917442274,4.9221534246792311,20.90815828997836,0.01039078137611541,-28.781162322120167,0.00030831486899884908,-0.0022901140632036743,0.0014347987018910422,-0.50000000000000044,0.86602540378443837,0,1
2026-07-20 23:00:00,,-0.15225805902567957,-0.96884041978134694,0.5,0,-0.14999999999999999,0,-0.58875040053747574,34.774194097432044,4.8805664313848727,21.992891078700971,0.011069795038867092,-27.303012729534828,0.0002504358560173614,-0.0017128399795840465,0.0014336773048986133,-0.25881904510252157,0.96592582628906809,0,1
2026-07-21 01:00:00,,-0.16435135399385017,-0.96803504200363066,0.5,0,0.10000000000000001,0,0.0079019924533395534,33.564864600614982,4.8406195276336419,22.850509056521371,0.011829943235884828,-26.069784993945859,-0.00053947826054923098,1.92724644669795e-05,0.0014138772675529115,0.25881904510252074,0.96592582628906831,0.7818314824680298,0.62348980185873359
2026-07-21 02:00:00,,-0.12901478586699838,-0.93253648278842294,0.5,0,0.10000000000000001,0,0.21712521441112534,37.098521413300162,4.8070728553661093,23.490792129697716,0.012242660854905376,-20.528062588500148,0.00080910829126423778,0.0005200658867323682,0.0014147487050465456,0.49999999999999994,0.86602540378443871,0.7818314824680298,0.62348980185873359
2026-07-21 03:00:00,,-0.1213875531683864,-0.84150591983440137,0.5,0,0.10000000000000001,0,0.19036567129371323,37.86124468316136,4.7820289708969632,24.211500466280317,0.012538755665094404,-14.635560738110058,0.0001732952088211448,0.00044292523953615159,0.0014164003307186087,0.70710678118654746,0.70710678118654757,0.7818314824680298,0.62348980185873359
2026-07-21 04:00:00,,-0.12997761513432926,-0.71694069183783693,0.5,0,0.10000000000000001,0,0.29451166717386734,37.002238486567073,4.7477240721007714,24.479810233658977,0.012746099442782263,-10.394176003282993,-0.00030810113663370942,0.00067430236345167316,0.0014001472374977053,0.8660254037844386,0.50000000000000011,0.7818314824680298,0.62348980185873359
2026-07-21 05:00:00,,-0.090313180622917461,-0.30878822493579439,1,0,0.10000000000000001,0,0.32032840168710724,40.968681937708254,4.7134990127306544,24.756742796568535,0.012869573326780282,-3.5572696267044535,0.00084704981481920072,0.0007122438870066361,0.001400786211724498,0.96592582628906831,0.25881904510252074,0.7818314824680298,0.62348980185873359
2026-07-21 06:00:00,,-0.03432194170440276,0.50940297525303946,1,0,0.10000000000000001,0,0.70946803396643876,46.567805829559724,4.685260172505056,23.973827144624689,0.012869503339255446,6.0877891702636191,0.0013076673465892696,0.0018466160247747609,0.001437816520845251,1,6.123233995736766e-17,0.7818314824680298,0.62348980185873359
2026-07-21 07:00:00,,-0.0083584936118928973,0.89185041332305182,1,0,0.29999999999999999,0,0.88775132497990261,49.16415063881071,4.639157392544754,22.686497416269479,0.012482853505358977,14.803657708783916,0.00065319298411026239,0.0028079101455187327,0.0013123215909057765,0.96592582628906831,-0.25881904510252063,0.7818314824680298,0.62348980185873359
2026-07-21 08:00:00,,0.0023642213016611181,0.97083183977488974,1,0,0.29999999999999999,0,0.81916561220035367,50.236422130166112,4.6101170601386157,21.155540384484006,0.011892317861497552,21.170133756904207,0.00026883785398723603,0.0022296981846867681,0.0013048919933292818,0.86602540378443871,-0.49999999999999978,0.7818314824680298,0.62348980185873359
2026-07-21 09:00:00,,-0.0031008866149539929,0.98728314989521615,1,0,0.29999999999999999,0,0.44635200848787676,50.1550443307477,4.5838348178998833,19.663777721994723,0.010800634135574416,24.724798938406011,-1.9200307205480271e-05,0.00090283053089201815,0.0012696308914787802,0.70710678118654757,-0.70710678118654746,0.7818314824680298,0.62348980185873359
2026-07-21 10:00:00,,0.025790811397162088,0.98756324073650414,1,0,-0.29999999999999999,0,-0.040163296944415582,48.710459430141896,4.6005579998263064,18.737663453587849,0.0097808419941754817,25.253298680752863,-0.00032646163885630131,-7.6824092074545547e-05,0.0012656036800830521,0.49999999999999994,-0.86602540378443871,0.7818314824680298,0.62348980185873359
2026-07-21 11:00:00,,-0.020667940082473281,0.99087816090887437,1,0,0.14999999999999999,0,0.080980643996710136,51.033397004123664,4.5907944656443291,17.877700204352895,0.0073732398389027487,26.543953890851192,0.00049925113368587404,0.00015358918762409246,0.0011799457456607345,0.25881904510252102,-0.9659258262890682,0.7818314824680298,0.62348980185873359
2026-07-21 12:00:00,,0.04052914937645255,0.98711747659726201,0.5,0,-0.29999999999999999,0,-0.25298494825553991,47.973542531177372,4.5713513294386487,17.108336148372942,0.0059168492221543028,24.355096234646687,-0.00065291702592240597,-0.00048012753109283324,0.0010605579068835018,1.2246467991473532e-16,-1,0.7818314824680298,0.62348980185873359
2026-07-21 13:00:00,,-0.093719331333972922,0.99244367091007546,0.5,0,0.29999999999999999,0,0.61538547050274395,54.685966566698646,4.5804167543708374,16.926183728901758,0.0058269217392325663,27.192159015188743,0.0014972361519340893,0.0013435702596975574,0.00099954465533069682,-0.25881904510252079,-0.96592582628906831,0.7818314824680298,0.62348980185873359
2026-07-21 14:00:00,,0.075842608123302707,0.97390769681897404,0.5,0,-0.29999999999999999,0,-0.53410203877318896,46.207869593834864,4.5952753567626363,16.238133577765705,0.005837609972120782,21.417674256446489,-0.0019775943162105847,-0.0011332751901989013,0.00094967212233245117,-0.49999999999999972,-0.86602540378443882,0.7818314824680298,0.62348980185873359
2026-07-21 15:00:00,,0.068911991334951489,0.93979306045579925,1,0,-0.29999999999999999,0,-0.20736925750533292,46.554400433252425,4.603168292530424,15.62853785625312,0.0057973557942551778,17.328021182924289,7.6872813966843978e-05,-0.00040348535030965138,0.00093915630718337966,-0.70710678118654713,-0.70710678118654791,0.7818314824680298,0.62348980185873359
2026-07-21 16:00:00,,0.041808393223216882,0.88728887776056675,1,0,-0.29999999999999999,0,-0.65279347105878449,47.909580338839156,4.679084355792356,15.006298739558172,0.0058451245032325886,15.171274577656071,0.00028822043298148969,-0.001612501069262251,0.00092992193282284978,-0.86602540378443837,-0.50000000000000044,0.7818314824680298,0.62348980185873359
2026-07-21 17:00:00,,-0.12269225457793183,0.94111399828691467,1,0,0.14999999999999999,0,0.78959582771592263,56.134612728896592,4.7360284483567154,15.651403821851575,0.0063576050649568061,19.920472533322229,0.0019768731547209484,0.002341966401669282,0.0010218096707124904,-0.96592582628906831,-0.25881904510252063,0.7818314824680298,0.62348980185873359
2026-07-21 18:00:00,,-0.25752667157873188,0.98606544563303211,0.5,0,0.14999999999999999,0,0.95949779231016286,62.876333578936595,4.7668929909156761,16.662030999871885,0.0072391266163064558,29.15054280521306,0.0021069172114351886,0.0043720107991376267,0.00094327307232892844,-1,-1.8369701987210297e-16,0.7818314824680298,0.62348980185873359
2026-07-21 19:00:00,,-0.38442171406018955,0.99820246113727529,0.5,0,0.14999999999999999,0,0.99393130753782188,69.221085703009479,4.7941331202727939,18.570175271465466,0.0091800378080892035,42.361918439857092,0.0026178775759149175,0.0067016679420710545,0.0010693093195798026,-0.96592582628906842,0.2588190451025203,0.7818314824680298,0.62348980185873359
2026-07-21 20:00:00,,0.1102284998220275,0.99816119409218518,0.5,0,0.14999999999999999,0,0.83933207463824788,61.02284998220275,4.7924763402790029,20.34202352365951,0.0096939531577143537,42.154799297784791,-0.0019101837673911604,0.0028146110199589458,0.0011951852904152223,-0.8660254037844386,0.50000000000000011,0.7818314824680298,0.62348980185873359
2026-07-21 21:00:00,,0.08201949244552019,0.99677012019161171,0.5,0,-0.14999999999999999,0,-0.0085898240951108248,58.201949244552019,4.7571524252515829,21.245555638025966,0.0095869555899583004,37.408700958841607,-0.00072682762084141928,-1.9133812317662091e-05,0.0012033899199470888,-0.70710678118654768,0.70710678118654735,0.7818314824680298,0.62348980185873359
2026-07-21 22:00:00,,0.089018905148481264,0.9949321435063806,0.5,0,-0.14999999999999999,0,-0.80884550481596063,58.901890514848127,4.7117037886807882,22.084549744223391,0.0095885577750139152,33.235895569635289,0.00024871100865730966,-0.00238830037957527,0.0011988996238450065,-0.50000000000000044,0.86602540378443837,0.7818314824680298,0.62348980185873359
2026-07-21 23:00:00,,0.066995496163087156,0.9875626504365792,0.5,0,-0.14999999999999999,0,-0.46128651253549313,56.699549616308715,4.6655526929559361,22.812954158466063,0.0093412952154486896,26.948888903084182,-0.00053576213443307097,-0.0010138787466171806,0.0012142266865282645,-0.25881904510252157,0.96592582628906809,0.7818314824680298,0.62348980185873359
2026-07-22 01:00:00,,0.07673450610497852,0.97674890411751658,0.5,0,0.10000000000000001,0,0.0099110702867869303,57.673450610497852,4.6140701912884667,23.489329685977115,0.0088791917191870275,22.412872351974272,0.0003061849380934234,1.9133812317662091e-05,0.0012058664591957937,0.25881904510252074,0.96592582628906831,0.97492791218182362,-0.22252093395631434
2026-07-22 02:00:00,,0.075862727781185413,0.95603021637199659,1,0,-0.10000000000000001,0,-0.13562953693154683,57.586272778118541,4.5565962333451351,24.117392675808802,0.008515329669596847,18.076144211296146,-1.9133812317662091e-05,-0.00024871100865730966,0.0012017645476592308,0.49999999999999994,0.86602540378443871,0.97492791218182362,-0.22252093395631434
2026-07-22 03:00:00,,0.073064137642267546,0.91116803520094691,1,0,0.10000000000000001,0,0.13148008040548109,57.306413764226754,4.5080006023114132,24.555987163453366,0.0083833503325396186,13.922830123928684,-5.7403633665131792e-05,0.00022964749211062951,0.0011791160986257003,0.70710678118654746,0.70710678118654757,0.97492791218182362,-0.22252093395631434
2026-07-22 04:00:00,,0.072066138885414119,0.81925354705690057,1,0,-0.10000000000000001,0,-0.056545402307911927,57.206613888541412,4.481082021523874,24.349410708980194,0.0083115941372010164,10.19810238083123,-1.9135276840387405e-05,-9.5672722823181289e-05,0.0011755664568818126,0.8660254037844386,0.50000000000000011,0.97492791218182362,-0.22252093395631434
2026-07-22 05:00:00,,0.080716064266730433,0.71752705297940111,1,0,0.10000000000000001,0,0.082078521935078488,58.071606426673043,4.4437368435712239,24.210099965332283,0.0082608831526353593,7.6798290659484678,0.00021046790920387082,0.00013392899869835162,0.0011754122780433113,0.96592582628906831,0.25881904510252074,0.97492791218182362,-0.22252093395631434
2026-07-22 06:00:00,,0.035176081885527705,0.30060922719504041,0.5,0,-0.10000000000000001,0,-0.37636584634070996,53.517608188552771,4.4233058604316735,23.84432650304808,0.0080629224364570078,2.5860923321265972,-0.00082299018013998193,-0.00063165754777649852,0.0011961122204090502,1,6.123233995736766e-17,0.97492791218182362,-0.22252093395631434
2026-07-22 07:00:00,,0.043249670653417525,-0.06854204896376144,0.5,0,-0.29999999999999999,0,-0.28322449490155444,54.324967065341752,4.3692930307470546,23.50467971664132,0.0077464469514179346,-0.54224859010752624,0.0001723098134700507,-0.00044021245746606041,0.0011910855435605726,0.96592582628906831,-0.25881904510252063,0.97492791218182362,-0.22252093395631434
2026-07-22 08:00:00,,0.057949496961995021,-0.23694505851368813,-1,0,-0.29999999999999999,0,-0.23360206354462518,55.794949696199502,4.3258728728941165,23.365028666010033,0.0075166348585505756,-1.8267651522476598,0.00030625526615679632,-0.00034442510051313491,0.0011890060365314136,0.86602540378443871,-0.49999999999999978,0.97492791218182362,-0.22252093395631434
2026-07-22 09:00:00,,-0.034766886082851445,-0.805738279394978,-1,0,-0.29999999999999999,0,-0.69160085966023122,46.523311391714856,4.3660147596849468,21.7241901615483,0.0070746236810141005,-8.7764159705550284,-0.0017622500059193413,-0.0012836849262924943,0.0012528074362551322,0.70710678118654757,-0.70710678118654746,0.97492791218182362,-0.22252093395631434
2026-07-22 10:00:00,,-0.045378696333121409,-0.93651571338591899,-1,0,-0.29999999999999999,0,-0.79715798342195887,45.462130366687859,4.3904555284672719,20.907597124686738,0.0070332121776965637,-13.787134676403539,-0.00023008781786515442,-0.0016860825576276994,0.001210143001532236,0.49999999999999994,-0.86602540378443871,0.97492791218182362,-0.22252093395631434
2026-07-22 11:00:00,,-0.092269691557449102,-0.83916132256957066,-1,0,-0.14999999999999999,0,-0.065365983184501389,54.613484577872455,4.4310745017011373,19.761333539818018,0.0062315240134004869,-10.23662262249519,0.0018870731548155106,-0.00010526466896898512,0.0011839164307755883,0.25881904510252102,-0.9659258262890682,0.97492791218182362,-0.22252093395631434
2026-07-22 12:00:00,,-0.085300957688599938,-0.74180512442581037,-1,0,0.29999999999999999,0,0.75788611480468926,54.265047884429997,4.4276497548524709,18.846406324213913,0.0052277396772697259,-7.992291071583395,-6.6992377249164292e-05,0.0015899929597011919,0.0011851767324885857,1.2246467991473532e-16,-1,0.97492791218182362,-0.22252093395631434
2026-07-22 13:00:00,,-0.10463546931915502,-0.59315655993892702,-1,0.5,0.29999999999999999,0,0.85113215611294779,55.231773465957751,4.4321314603656541,18.502080127048352,0.0040478305524870367,-5.740727550123303,0.00021053236055834645,0.0020306131381246928,0.0011849945162935552,-0.25881904510252079,-0.96592582628906831,0.97492791218182362,-0.22252093395631434
2026-07-22 14:00:00,,0.10170674936064131,-0.85969994909819236,-1,-0.5,-0.29999999999999999,0,-0.82609715797239214,44.914662531967934,4.4776910978706583,17.887149286043673,0.0041272860881139553,-11.375332556390354,-0.0021264986892060023,-0.0019829587058968201,0.0012150227501212345,-0.49999999999999972,-0.86602540378443882,0.97492791218182362,-0.22252093395631434
2026-07-22 15:00:00,,0.033351517248245699,-0.87359821638626833,0.5,0,-0.29999999999999999,0,-0.60475093028550631,48.332424137587715,4.5068525663707435,17.409875734077321,0.0042753549091710547,-12.218427813200172,0.00069975319781256928,-0.0012162131308350865,0.0011232282443949437,-0.70710678118654713,-0.70710678118654791,0.97492791218182362,-0.22252093395631434
2026-07-22 16:00:00,,-0.33649912004503446,0.57184054588283928,0.5,0,0.29999999999999999,0,0.97053672383777878,66.824956002251724,4.6954477715617617,18.504162204833619,0.0052722802356784107,7.1168810321459901,0.0058186637962052146,0.0043919183048117816,0.0016380415952563158,-0.86602540378443837,-0.50000000000000044,0.97492791218182362,-0.22252093395631434
2026-07-22 17:00:00,,-0.11846738049385153,0.62730480548123591,1,0,0.14999999999999999,0,0.91612494343697182,55.923369024692576,4.7836280195875993,19.726361895181338,0.0053773451735745787,8.8094141364497602,-0.002938540859352301,0.0035798761346654828,0.00171796278036972,-0.96592582628906831,-0.25881904510252063,0.97492791218182362,-0.22252093395631434
2026-07-22 18:00:00,,0.11615949278399398,0.89308922516832989,1,0,0.14999999999999999,0,0.98043494656024854,61.615949278399398,4.7999049864018852,20.861261607647076,0.0064163993885825851,17.459209908964681,0.0024811540546103572,0.0053612769914632707,0.0017919702207851455,-1,-1.8369701987210297e-16,0.97492791218182362,-0.22252093395631434
2026-07-22 19:00:00,,0.10770709820348039,0.94498014613024439,1,0,-0.14999999999999999,0,-0.3061926203858214,60.770709820348038,4.7618596900848189,22.141780694712345,0.007132907240170034,20.850527552894071,-0.00024783856304289031,-0.00070522536778483413,0.001794524482717457,-0.96592582628906842,0.2588190451025203,0.97492791218182362,-0.22252093395631434
2026-07-22 20:00:00,,0.050752853310459541,0.87289518469209837,1,0,0.14999999999999999,0,0.21856765719440588,55.075285331045954,4.7624926318002494,21.896219812797625,0.0072665606658843971,15.742854156990433,-0.0017365919462122292,0.00049672354535523766,0.0018386897152034289,-0.8660254037844386,0.50000000000000011,0.97492791218182362,-0.22252093395631434
2026-07-22 21:00:00,,0.036472665457450475,0.70262765652253634,1,0,-0.14999999999999999,0,-0.81364374380228843,53.647266545745047,4.7230070712366503,21.397314879239925,0.0073266521845599952,9.8158328362862193,-0.00045850528084301345,-0.002442935790098133,0.0018421949309082402,-0.70710678118654768,0.70710678118654735,0.97492791218182362,-0.22252093395631434
2026-07-22 22:00:00,,-0.0028587284314436092,0.077397486099130136,1,0,-0.14999999999999999,0,-0.93004249699218888,49.714127156855639,4.7034491734466046,20.235497427780913,0.0073260848084244403,0.85561488474061775,-0.0013002411101794564,-0.0034953383372346991,0.0018673755153287158,-0.50000000000000044,0.86602540378443837,0.97492791218182362,-0.22252093395631434
2026-07-22 23:00:00,,-0.073857606639450207,-0.0427980347430892,1,0,-0.14999999999999999,0,-0.16057764651357465,53.692880331972511,4.7106567885254078,19.622161992029408,0.0073860576467435109,-0.47588437842894393,0.0014148871406867158,-0.00034385925033575404,0.0018937868825480446,-0.25881904510252157,0.96592582628906809,0.97492791218182362,-0.22252093395631434
2026-07-23 01:00:00,-0.33333333333333331,0.043936722685024278,-0.63544587915070139,1,0,-0.10000000000000001,0.53333333333333333,-0.71195773340273361,47.803163865748786,4.730371089627897,18.32693542342081,0.0074258163460738441,-8.5059636832386474,-0.0020464963295871996,-0.0019318502990799402,0.0019524179801090162,0.25881904510252074,0.96592582628906831,0.43388373911755823,-0.90096886790241903
2026-07-23 02:00:00,-0.33333333333333331,0.001903927891680155,-0.76576284388669658,0.5,0,0.10000000000000001,0.53333333333333333,0.045708133991102226,49.904803605415992,4.6942198802129909,17.124225038284255,0.0074262382914389788,-11.040685093473634,0.00072727275932926716,9.5663570428783373e-05,0.0019591318624048943,0.49999999999999994,0.86602540378443871,0.43388373911755823,-0.90096886790241903
2026-07-23 03:00:00,0.33333333333333331,-0.070239254834608578,-0.63076029963334357,0.5,0,-0.10000000000000001,0.53333333333333333,-0.0092158710414898936,53.511962741730429,4.6867998562187072,16.795433859014352,0.0074222050920446829,-8.0584544842476475,0.001300116811240315,-1.9106759017617492e-05,0.0019697372119636212,0.70710678118654746,0.70710678118654757,0.43388373911755823,-0.90096886790241903
2026-07-23 04:00:00,0.33333333333333331,-0.048712724662197643,-0.60050750804353847,0.5,0,0.10000000000000001,0.53333333333333333,0.68735740928420963,52.435636233109882,4.6482092044866539,16.625930029463262,0.0073885751907169783,-7.244590927280619,-0.00034398410368119414,0.001683405466888388,0.001972193040485242,0.8660254037844386,0.50000000000000011,0.43388373911755823,-0.90096886790241903
2026-07-23 05:00:00,0.33333333333333331,-0.019274755626626075,-0.67019524644439554,0.5,0,0.10000000000000001,0.53333333333333333,0.25168645768226766,50.963737781331304,4.6159491812505156,16.028950991357821,0.0073588832560428832,-8.1988759976706618,-0.00045882961020637936,0.00049730309735274147,0.001974978988253352,0.96592582628906831,0.25881904510252074,0.43388373911755823,-0.90096886790241903
2026-07-23 06:00:00,-0.33333333333333331,0.053452468319774342,-0.8517598406024357,0.5,0,-0.10000000000000001,0.53333333333333333,-0.7762454419547048,47.327376584011283,4.5995030777230914,14.955963048311384,0.0070683222818926699,-12.553943837076403,-0.0011671403519528667,-0.0019699540658404402,0.0019507128022835047,1,6.123233995736766e-17,0.43388373911755823,-0.90096886790241903
2026-07-23 07:00:00,-0.33333333333333331,0.067547579869131902,-0.92416940392229274,0.5,0,-0.29999999999999999,0.53333333333333333,-0.76232010209431289,46.622621006543405,4.5729816455947585,14.233267880486263,0.0067149661448689633,-15.65657807498382,-0.00022976181459632983,-0.0018557317767555759,0.0019507101563462864,0.96592582628906831,-0.25881904510252063,0.43388373911755823,-0.90096886790241903
2026-07-23 08:00:00,-0.33333333333333331,0.11486272212802774,-0.96691822386521153,0.5,0,-0.29999999999999999,0.53333333333333333,-0.82741186020034496,44.256863893598613,4.5619802082246492,13.734758503018714,0.0069455787239422013,-19.562776059974198,-0.00076625420399878408,-0.0021631563705479806,0.0019105038692067997,0.86602540378443871,-0.49999999999999978,0.43388373911755823,-0.90096886790241903
2026-07-23 09:00:00,-0.33333333333333331,0.15635437366719501,-0.98647017902794087,0.5,0,-0.29999999999999999,0.53333333333333333,-0.73311324623095109,42.18228131664025,4.5440910101321252,13.690396007427944,0.0073397551031517318,-23.468004701909081,-0.00069013115230553979,-0.0016861471709006537,0.0019156677763034805,0.70710678118654757,-0.70710678118654746,0.43388373911755823,-0.90096886790241903
2026-07-23 10:00:00,-0.33333333333333331,0.25828308465820737,-0.99607725484689036,0.5,0,-0.29999999999999999,0.53333333333333333,-0.94080596888695889,37.08584576708963,4.6022898832611752,15.100608711221932,0.0083767257092943644,-31.071114066798238,-0.0018811069523820834,-0.0033374923086864072,0.0019549216158118374,0.49999999999999994,-0.86602540378443871,0.43388373911755823,-0.90096886790241903
2026-07-23 11:00:00,-1,0.1239771862992653,-0.99281688024518788,0.5,0,-0.14999999999999999,0.53333333333333333,-0.40855531188122773,43.801140685036735,4.6191864925705639,16.41009193617349,0.0084012235651225124,-28.524877720808654,0.0017276797724559145,-0.00084355833223170862,0.001944698959297141,0.25881904510252102,-0.9659258262890682,0.43388373911755823,-0.90096886790241903
2026-07-23 12:00:00,-1,0.19397972358802831,-0.99395755443008416,-1,0,-0.29999999999999999,0.53333333333333333,-0.62929703767231426,40.301013820598584,4.6314987379014756,17.103518626707846,0.0089671735854324648,-29.768882942326076,-0.0013050823286437918,-0.0014585095085699606,0.0019580954570094576,1.2246467991473532e-16,-1,0.43388373911755823,-0.90096886790241903
2026-07-23 13:00:00,-1,0.095542009454004664,-0.9819751973983708,-1,0,0.29999999999999999,0.53333333333333333,0.71447849519582063,45.222899527299766,4.6421092275054976,17.83374673313067,0.0084394228620360782,-24.384820763346319,0.0013626202797336617,0.0017852177235457845,0.001431223132919142,-0.25881904510252079,-0.96592582628906831,0.43388373911755823,-0.90096886790241903
2026-07-23 14:00:00,-1,0.23598774662120803,-0.98880167514020123,-1,0,-0.29999999999999999,0.53333333333333333,-0.85823387189832301,38.200612668939598,4.7178090266125832,19.328662364939504,0.0094082802436516889,-28.985328554086237,-0.0028232601458153539,-0.002765722194725484,0.0014203463515833083,-0.49999999999999972,-0.86602540378443882,0.43388373911755823,-0.90096886790241903
2026-07-23 15:00:00,-1,-0.20362976309798639,-0.99889431211371571,-1,0,-0.29999999999999999,0.53333333333333333,-0.99043471059656873,29.63702369020136,4.8173948757646556,21.851112439041714,0.011861390643691854,-46.365231749791946,-0.0048971505508426105,-0.0063577904169243027,0.001600683254452619,-0.70710678118654713,-0.70710678118654791,0.43388373911755823,-0.90096886790241903
2026-07-23 16:00:00,-1,-0.20834234332331647,-0.99931406523116029,-1,0,-0.29999999999999999,0.53333333333333333,-0.99503520459990513,29.165765667668353,4.9375285466521728,24.674018832511848,0.013576585096459195,-55.61346709619481,-0.00032861989605947883,-0.0080490305927174433,0.0015996077376774611,-0.86602540378443837,-0.50000000000000044,0.43388373911755823,-0.90096886790241903
2026-07-23 17:00:00,-1,-0.35004919512629556,-0.99919383023319763,-1,0,-0.14999999999999999,0.53333333333333333,-0.91845891560713866,32.497540243685222,4.9458316586968749,27.295289055019829,0.014682798516654775,-54.941402639469139,0.00094690571836686388,-0.0042788647285352255,0.0016200583383314882,-0.96592582628906831,-0.25881904510252063,0.43388373911755823,-0.90096886790241903
2026-07-23 18:00:00,-1,-0.37023117917475984,-0.99863429802724635,-1,0,0.14999999999999999,0.53333333333333333,0.006867214006119551,31.488441041262007,4.9809810655383142,29.993318730996513,0.015704728426558137,-53.066907718937244,-0.00059895860281855562,1.9327219488829428e-05,0.0016198957357132808,-1,-1.8369701987210297e-16,0.43388373911755823,-0.90096886790241903
2026-07-23 19:00:00,-1,-0.30814227163158192,-0.99616049724813227,-1,0,0.14999999999999999,0.53333333333333333,0.40101727803561488,34.592886418420903,4.9831286359854943,31.505299620353558,0.016361303039496816,-45.629741796478243,0.00085002806346956561,0.0011979751790178739,0.0016399630171441862,-0.96592582628906842,0.2588190451025203,0.43388373911755823,-0.90096886790241903
2026-07-23 20:00:00,-1,-0.40625753218297261,-0.99670958137447896,-1,0,-0.14999999999999999,0.53333333333333333,-0.72641752542682214,29.687123390851369,4.9948412217403231,33.213587576552442,0.017375950200140784,-47.308679689161636,-0.0028814283963800591,-0.0026303589357290491,0.0016626258732905495,-0.8660254037844386,0.50000000000000011,0.43388373911755823,-0.90096886790241903
2026-07-23 21:00:00,-1,-0.31337061169731956,-0.99269661395971354,-1,0,-0.14999999999999999,0.53333333333333333,-0.24370716325268074,34.331469415134023,4.974980235428017,34.844652727131489,0.017999865495477666,-40.593325383416584,0.0013353849924762073,-0.00069601534043428614,0.0016876045266913317,-0.70710678118654768,0.70710678118654735,0.43388373911755823,-0.90096886790241903
2026-07-23 22:00:00,-1,-0.277803138695422,-0.97513216642412848,-1,0,-0.14999999999999999,0.53333333333333333,-0.3516994298457613,36.109843065228901,4.9716457147232775,35.797905014093843,0.018105290563257506,-31.55644280206846,0.00052205691605955451,-0.0010239864878442972,0.0016803190564437854,-0.50000000000000044,0.86602540378443837,0.43388373911755823,-0.90096886790241903
2026-07-23 23:00:00,-1,-0.2494612542186026,-0.91981888395048561,0.5,0,0.14999999999999999,0.53333333333333333,0.69121360189180403,37.52693728906987,4.9243682768467476,36.68306785198746,0.017517357764836469,-21.849182057266106,0.00040585592671860127,0.0022632978352543631,0.00164087436604102,-0.25881904510252157,0.96592582628906809,0.43388373911755823,-0.90096886790241903
2026-07-24 01:00:00,-1,-0.26287625024588807,-0.80359256833537474,0.5,0,0.10000000000000001,0,0.23923708668978438,36.856187487705597,4.8764675294298243,37.497650335319761,0.016785256255327889,-14.54206677142561,-0.00030920862165295659,0.00061870422112519918,0.0016411349032213463,0.25881904510252074,0.96592582628906831,-0.43388373911755801,-0.90096886790241915
2026-07-24 02:00:00,-1,-0.26990297108550082,-0.59542814007648848,0.5,0,-0.10000000000000001,0,-0.023986288132982023,36.50485144572496,4.8286933998611881,38.364418049437539,0.015905977186969854,-8.5786815961687921,-0.00015464017195832014,-5.7992866892675465e-05,0.0016435230540402502,0.49999999999999994,0.86602540378443871,-0.43388373911755801,-0.90096886790241915
2026-07-24 03:00:00,-1,-0.17213471316096077,0.073840851045059469,0.5,0,0.10000000000000001,0,0.32210092284220404,41.393264341951962,4.8102178870135299,38.114836654753638,0.014950322471617986,0.90811108258235151,0.0012557597546756227,0.000791910961064346,0.0016839808320776245,0.70710678118654746,0.70710678118654757,-0.43388373911755801,-0.90096886790241915
2026-07-24 04:00:00,-1,-0.16618459001773558,0.60419212470854222,0.5,0,0.10000000000000001,0,0.47756539248300911,41.690770499113221,4.76513578760495,37.724884977202755,0.013806192215189906,8.2110467146351169,7.7226040659184036e-05,0.0011783456233764866,0.0016872305132627774,0.8660254037844386,0.50000000000000011,-0.43388373911755801,-0.90096886790241915
2026-07-24 05:00:00,-1,-0.20631934686222991,0.75442168172934876,0.5,0,0.10000000000000001,0,0.2754362974086999,39.684032656888505,4.7289742059117419,37.527112461856007,0.01273746818059014,11.127112251905231,-0.00071456853724605196,0.00061841725808875481,0.0016866917829001127,0.96592582628906831,0.25881904510252074,-0.43388373911755801,-0.90096886790241915
2026-07-24 06:00:00,-1,-0.22372025504491191,0.81775197577791925,0.5,0,-0.10000000000000001,0,-0.42387591623217324,38.813987247754405,4.684992376317167,37.52990050425209,0.011682541478159586,12.455517628074887,-0.00030916082405774148,-0.0009465033206446094,0.0016854533514037643,1,6.123233995736766e-17,-0.43388373911755801,-0.90096886790241915
2026-07-24 07:00:00,-1,-0.19895058945228952,0.88773154017308464,0.5,0,-0.29999999999999999,0,-0.35993015927427957,40.052470527385523,4.6395873514678216,37.563112596792159,0.011052327270164581,14.605312438819439,0.0002705209476996373,-0.00075320841360415614,0.0016533607765631369,0.96592582628906831,-0.25881904510252063,-0.43388373911755801,-0.90096886790241915
2026-07-24 08:00:00,-1,-0.16626440929170572,0.9401988208021258,0.5,0,0.29999999999999999,0,0.15881342863346923,41.686779535414715,4.604113325330025,36.868072192501209,0.0094397416508670614,17.379224631725393,0.0003477051495401895,0.00030906527318208532,0.0015929262203399801,0.86602540378443871,-0.49999999999999978,-0.43388373911755801,-0.90096886790241915
2026-07-24 09:00:00,-1,-0.13120771023984532,0.97044423257807988,0.5,0,0.29999999999999999,0,0.48106785982006961,43.439614488007734,4.5773781158105828,36.279097298226311,0.008087444722085127,20.42311534321135,0.00036689098921804941,0.00098511708645787621,0.0015838684945075534,0.70710678118654757,-0.70710678118654746,-0.43388373911755801,-0.90096886790241915
2026-07-24 10:00:00,-0.33333333333333331,0.066093655406452859,0.99436749382877365,0.5,0.5,0.29999999999999999,0,0.91673007919047322,53.304682770322643,4.6315114383180873,33.723570549466345,0.0056369222116323158,30.130963868717174,0.002391146189241411,0.0031057423279996499,0.0016545750929782854,0.49999999999999994,-0.86602540378443871,-0.43388373911755801,-0.90096886790241915
2026-07-24 11:00:00,-0.33333333333333331,0.10927008720944727,0.99873803862300981,0.5,0.5,0.14999999999999999,0,0.93738544553763914,55.463504360472363,4.6247617436190227,31.586719858952932,0.0051630456165493478,37.566850955814203,0.00061614296465428708,0.0033741801431137475,0.0015439697176668748,0.25881904510252102,-0.9659258262890682,-0.43388373911755801,-0.90096886790241915
2026-07-24 12:00:00,-0.33333333333333331,0.20012024626234393,0.99977385338294633,0.5,0.5,0.29999999999999999,0,0.97912069048705019,60.006012313117196,4.6113795473394337,30.121966438688684,0.0067041248351115811,45.719816904414373,0.001404156919209143,0.004411446073104841,0.0010713118574542325,1.2246467991473532e-16,-1,-0.43388373911755801,-0.90096886790241915
2026-07-24 13:00:00,-0.33333333333333331,0.15160234032567743,0.99988635977325291,0.5,0,0.29999999999999999,0,0.66119180865184135,57.580117016283872,4.573308879098426,28.878176356154597,0.0075198576348967511,47.345053287625575,-0.00053834767022920005,0.00148195221363423,0.0010785299029721651,-0.25881904510252079,-0.96592582628906831,-0.43388373911755801,-0.90096886790241915
2026-07-24 14:00:00,-0.33333333333333331,0.10027752060126531,0.99975324064874771,0.5,0,0.29999999999999999,0,0.15034135224405235,55.013876030063265,4.5952880838615249,27.068980047698293,0.0080336607385988277,44.558093384608704,-0.00057712286623612385,0.00028868638274381908,0.001081588283248399,-0.49999999999999972,-0.86602540378443882,-0.43388373911755801,-0.90096886790241915
2026-07-24 15:00:00,-1,-0.051475358765617048,0.99800764139896303,1,0,-0.29999999999999999,0,-0.91838739500456235,47.426232061719148,4.606038762252421,25.836165224538064,0.0080111519301969414,34.582957995940625,-0.0019261519524853554,-0.0030416224889506793,0.0011695482521292624,-0.70710678118654713,-0.70710678118654791,-0.43388373911755801,-0.90096886790241915
2026-07-24 16:00:00,-1,-0.098348713219727699,0.98157380015658691,1,0,-0.29999999999999999,0,-0.91587062051403845,45.082564339013615,4.6594754809432981,25.665184072151884,0.0080030486096954925,24.694653142634863,-0.0006750306430927111,-0.0031783054618141904,0.00116927281472937,-0.86602540378443837,-0.50000000000000044,-0.43388373911755801,-0.90096886790241915
2026-07-24 17:00:00,-0.33333333333333331,0.012737098636579134,0.96154034051896908,1,0,-0.14999999999999999,0,-0.4916812693096117,50.636854931828957,4.730259135715758,25.737481541304668,0.0074831912255961088,22.278974513172706,0.0014266712786366043,-0.0011745113169414623,0.00098383592276035962,-0.96592582628906831,-0.25881904510252063,-0.43388373911755801,-0.90096886790241915
2026-07-24 18:00:00,-0.33333333333333331,0.123767348685192,0.99041472735052527,1,0,0.14999999999999999,0,0.96425050215355301,62.3767348685192,4.8307245580998952,24.291960216772189,0.0086045987690352675,33.429686414810234,0.0040759881086724903,0.0048276287442163834,0.0012858809580376036,-1,-1.8369701987210297e-16,-0.43388373911755801,-0.90096886790241915
2026-07-24 19:00:00,-0.33333333333333331,0.063209601265347637,0.98856171987050823,0.5,0,0.14999999999999999,0,0.91037986486158862,56.320960126534764,4.8581068033027774,23.017083258700982,0.0088533906443456298,33.213700506531481,-0.0017091230984060957,0.0037935362889029989,0.0013686539547549136,-0.96592582628906842,0.2588190451025203,-0.43388373911755801,-0.90096886790241915
2026-07-24 20:00:00,-0.33333333333333331,0.052818905697036553,0.98306207914187027,0.5,0,0.14999999999999999,0,0.68386447969082398,55.281890569703656,4.8515514355146525,21.473086906934981,0.0089674212383233469,30.467599675525697,-0.00030756809992382728,0.0020592969103425673,0.0013746560197077553,-0.8660254037844386,0.50000000000000011,-0.43388373911755801,-0.90096886790241915
2026-07-24 21:00:00,-1,-0.0016395716501912715,0.92710028739459605,0.5,0,-0.14999999999999999,0,-0.89803265519829278,49.836042834980873,4.8829119924277391,20.646697658544429,0.0086499219591999049,21.615313353221275,-0.0016933175744586748,-0.0037100087727885978,0.001437714696029848,-0.70710678118654768,0.70710678118654735,-0.43388373911755801,-0.90096886790241915
2026-07-24 22:00:00,-0.33333333333333331,-0.051601203870643389,0.88279352610053907,0.5,0,-0.14999999999999999,0,-0.40632227793432485,52.580060193532169,4.86653883974867,19.879336213610344,0.0083006667940624061,18.029776345909799,0.00092398320304454273,-0.0010769024713379594,0.001444661161775153,-0.50000000000000044,0.86602540378443837,-0.43388373911755801,-0.90096886790241915
2026-07-24 23:00:00,-0.33333333333333331,-0.0076978985452136328,0.75791564825693702,1,0,-0.14999999999999999,0,-0.53399827693187019,50.384894927260682,4.8421142169531057,19.155648117104199,0.0081150118847191262,12.563427113969013,-0.00068328034955378314,-0.0014526147209679152,0.0014376203065298366,-0.25881904510252157,0.96592582628906809,-0.43388373911755801,-0.90096886790241915
2026-07-27 01:00:00,-0.33333333333333331,-0.25704780849168629,0.94011219014793279,1,0,0.10000000000000001,0,0.95652783640388328,62.852390424584314,4.9821776349479903,19.786781116324892,0.0092880863420478597,25.35334966195893,0.0050893138464136456,0.0053300166999044052,0.0018139904635202338,0.25881904510252074,0.96592582628906831,0,1
2026-07-27 02:00:00,-0.33333333333333331,0.16588458231499786,0.99112698903085306,1,0,0.10000000000000001,0,0.9822129955386415,66.588458231499786,4.9687163291095251,20.372833187029816,0.010865741507526573,38.934048668564763,0.0020954037968952122,0.0065014372937550746,0.0018327451874899608,0.49999999999999994,0.86602540378443871,0,1
2026-07-27 03:00:00,0.33333333333333331,0.11649145526706689,0.99306795481753407,1,0,0.10000000000000001,0,0.9689152176600524,61.64914552670669,4.9522732640353802,21.028195550190169,0.01116385261800977,40.052464826850077,-0.0015496019094261015,0.0056351157338827562,0.0018829201181834549,0.70710678118654746,0.70710678118654757,0,1
2026-07-27 04:00:00,0.33333333333333331,0.13069563864669667,0.99497236704896674,1,0,0.10000000000000001,0,0.45748837894488376,63.069563864669668,4.917083792761475,21.308714483584794,0.011489107255739692,40.867966296229071,0.00074640437528117332,0.0012922062627502839,0.0018833077848799578,0.8660254037844386,0.50000000000000011,0,1
2026-07-27 05:00:00,0.33333333333333331,0.12812602351930635,0.99485702430951228,1,0,-0.10000000000000001,0,-0.34084328764450333,62.812602351930636,4.8641483246013735,21.649820940334845,0.011568658455221859,38.613550866375974,-7.652866002061387e-05,-0.0008797261941655421,0.0018873938244802703,0.96592582628906831,0.25881904510252074,0,1
2026-07-27 06:00:00,0.33333333333333331,0.13532631170666776,0.99426700026401871,1,0,0.10000000000000001,0,0.40726551043558773,63.532631170666775,4.808861258709614,22.057612165043444,0.011573822773489298,35.869131691174999,0.00034433285849466699,0.0010142085737552264,0.001887465425392643,1,6.123233995736766e-17,0,1
2026-07-27 07:00:00,0.33333333333333331,0.15224582673763748,0.99422296493719775,1,0,0.29999999999999999,0,0.44265464347321848,65.224582673763749,4.7686821289934329,22.716747778887907,0.012189457581483541,34.411325574360333,0.00080298254959920712,0.0010707867480732602,0.0018350157377889876,0.96592582628906831,-0.25881904510252063,0,1
2026-07-27 08:00:00,0.33333333333333331,0.17396630515286204,0.99532662304722097,1,0,0.29999999999999999,0,0.76731943485834186,67.396630515286205,4.7399078792109677,23.698666922603511,0.013034906444079186,34.651381124040071,0.0010696413901385426,0.0022169567982324168,0.0018407570819571736,0.86602540378443871,-0.49999999999999978,0,1
2026-07-27 09:00:00,0.33333333333333331,0.178978991146125,0.99539313372009053,1,0,0.29999999999999999,0,0.76878233726049139,67.8978991146125,4.6923353271515564,24.775236466566614,0.01390124923289739,33.119902313643152,0.00024814606386236449,0.0021207700036001143,0.0018260588144826248,0.70710678118654757,-0.70710678118654746,0,1
2026-07-27 10:00:00,0.33333333333333331,0.32587277860191505,0.99007082914726918,1,0,0.29999999999999999,0,0.43489785709572837,66.293638930095753,4.6757617126137871,26.02892936673431,0.014411520278295712,28.440690537553664,-0.00036269578811420899,0.00095509166588669814,0.0018219571828226187,0.49999999999999994,-0.86602540378443871,0,1
2026-07-27 11:00:00,0.33333333333333331,0.41242974690516176,0.99235574683052541,1,0,0.14999999999999999,0,0.7433121949600382,70.621487345258089,4.6874646128334669,27.373362107887765,0.015257751061977055,30.201489279409799,0.0020979962302423161,0.0019834465059904716,0.0018473159031605387,0.25881904510252102,-0.9659258262890682,0,1
2026-07-27 12:00:00,0.33333333333333331,0.44322505347291552,0.99486910885153157,1,0,0.29999999999999999,0,0.85453323811275206,72.161252673645777,4.6641181609839011,28.90066405036422,0.015568747316361703,31.625656755378628,0.00083796759683707478,0.0025732680389651819,0.001757722710880708,1.2246467991473532e-16,-1,0,1
2026-07-27 13:00:00,0.33333333333333331,0.46385784309390599,0.99549950705294599,1,0,0.29999999999999999,0,0.94286522438398279,73.192892154695301,4.6477753248065348,30.522649720099899,0.015393708925866523,31.798644500691012,0.00057093921048512186,0.0035069030375645127,0.0017307176017926148,-0.25881904510252079,-0.96592582628906831,0,1
2026-07-27 14:00:00,0.33333333333333331,0.46385784309390599,0.99367783881176075,1,0,0.29999999999999999,0,0.62262331363424983,73.192892154695301,4.6197656488138863,32.045278896775187,0.015265941221561328,29.191343269212751,0,0.0014089068073221966,0.0017284766083274419,-0.49999999999999972,-0.86602540378443882,0,1
2026-07-27 15:00:00,0.33333333333333331,0.49835357292994786,0.99195513187031814,1,0,0.29999999999999999,0,0.64600491448509467,74.917678646497393,4.6201384896796363,33.637972737998247,0.016099767778878317,27.974804696274873,0.00091282525735891795,0.0014837644678440398,0.00152944569109916,-0.70710678118654713,-0.70710678118654791,0,1
2026-07-27 16:00:00,0.33333333333333331,0.20590407986040249,0.85281768609860087,1,0,-0.29999999999999999,0,-0.79963711366056256,60.295203993020124,4.6943611338424782,33.929463632089949,0.015646039758736328,13.845366553145055,-0.003198540538214445,-0.002285715280855527,0.0016707592046184721,-0.86602540378443837,-0.50000000000000044,0,1
2026-07-27 17:00:00,-0.33333333333333331,-0.0025139429946645464,-0.53540531054625051,1,0,-0.14999999999999999,0,-0.97827189109578161,49.874302850266773,4.8460280325863643,31.998114358263461,0.014806811788083159,-7.604677108067051,-0.0031896735188254866,-0.0054753887996810136,0.0018491696477859604,-0.96592582628906831,-0.25881904510252063,0,1
2026-07-27 18:00:00,-0.33333333333333331,-0.1760710117005074,-0.98567315562791591,1,0,-0.14999999999999999,0,-0.99902101430337409,41.19644941497463,4.9236458397038643,30.974864607681738,0.013776161682705252,-33.905343757681621,-0.0036221855101921108,-0.010010399567232042,0.0019999711480406875,-1,-1.8369701987210297e-16,0,1
2026-07-27 19:00:00,-0.33333333333333331,-0.14762647150247049,-0.99776285987084168,1,0,-0.14999999999999999,0,-0.98147464374146909,42.618676424876476,4.9535806666713711,30.02470412499871,0.012919494217179361,-48.133305324923555,0.00047987869587728937,-0.0063319803331403079,0.0019934137114964601,-0.96592582628906842,0.2588190451025203,0,1
2026-07-27 20:00:00,-0.33333333333333331,-0.10061235413170209,-0.99893880865697815,1,0,-0.14999999999999999,0,-0.70461087544292633,44.969382293414895,4.9441178340889431,29.314373774618154,0.011422078407094423,-52.917687817469343,0.0007865028844218358,-0.0023558039298929856,0.0019889148810485913,-0.8660254037844386,0.50000000000000011,0,1
2026-07-27 21:00:00,-0.33333333333333331,-0.019437610020684559,-0.99830826266662964,1,0,0.14999999999999999,0,0.76341502151590834,49.028119498965772,4.9373018063978087,27.905011937316321,0.011350436724778709,-49.305619641783366,0.0014179778948602006,0.0026843594751593258,0.0016558432833486787,-0.70710678118654768,0.70710678118654735,0,1
2026-07-27 22:00:00,-0.33333333333333331,0.00093684735351772018,-0.9969149845090538,0.5,0,0.14999999999999999,0,0.75532251765130454,50.046842367675886,4.9127164379271013,26.239849758451896,0.011464362847622762,-44.017763465265702,0.00036375123645804308,0.0025682320157400795,0.0015854186599296132,-0.50000000000000044,0.86602540378443837,0,1
2026-07-27 23:00:00,0.33333333333333331,0.016356801693005209,-0.99299680304002591,0.5,0,0.14999999999999999,0,0.7288138320560692,51.635680169300521,4.8806940899089861,24.463286166419987,0.01137019284202748,-37.218251968781431,0.00055494428061564349,0.0023366734119338872,0.0015512390690359584,-0.25881904510252157,0.96592582628906809,0,1
2026-07-28 01:00:00,-0.33333333333333331,0.0091403769109399489,-0.98860049075410872,0.5,0,0.10000000000000001,0.53333333333333333,0.27947842065027739,50.914037691093995,4.8313871629201275,22.724574205325293,0.011389969631708118,-32.359402123486646,-0.00022959476624784259,0.00068910075082584399,0.0015431522636906311,0.25881904510252074,0.96592582628906831,0.7818314824680298,0.62348980185873359
2026-07-28 02:00:00,-0.33333333333333331,0.012806678618156013,-0.98084395250835821,0.5,0,0.10000000000000001,0.53333333333333333,0.18990496470603849,51.280667861815601,4.7845123082718652,21.343616475274395,0.011389969631708118,-27.749158770262845,0.00011480397234286954,0.00044015348671067045,0.0015433083567250201,0.49999999999999994,0.86602540378443871,0.7818314824680298,0.62348980185873359
2026-07-28 03:00:00,-0.33333333333333331,-0.029457995563440847,-0.98264659033558643,-1,0,-0.10000000000000001,0.53333333333333333,-0.5474894004124331,47.054200443655915,4.7769356269125733,20.695299002654757,0.011602025767019212,-28.131857237378696,-0.0012827264478385558,-0.0013975172417435289,0.0015669055813766642,0.70710678118654746,0.70710678118654757,0.7818314824680298,0.62348980185873359
2026-07-28 04:00:00,-0.33333333333333331,-0.02049417895799607,-0.97822969041792374,-1,0,-0.10000000000000001,0.53333333333333333,-0.38771058051495583,47.950582104200393,4.7649899117836458,20.240081607502631,0.011789213613411247,-26.454441923555201,0.00024901590957249198,-0.00091890656592319431,0.0015553036470612482,0.8660254037844386,0.50000000000000011,0.7818314824680298,0.62348980185873359
2026-07-28 05:00:00,-0.33333333333333331,0.059455936875651642,-0.97821141534376643,-1,0,-0.10000000000000001,0.53333333333333333,-0.54230717485915192,47.027203156217418,4.7180454121313673,19.81737974057566,0.011958145401954662,-25.236501984165688,-0.0002681735482035208,-0.0013018840864695846,0.0015305130762604305,0.96592582628906831,0.25881904510252074,0.7818314824680298,0.62348980185873359
2026-07-28 06:00:00,0.33333333333333331,-0.051535827351792705,-0.92885641670471475,0.5,0,0.10000000000000001,0.53333333333333333,0.60455582833239696,52.576791367589635,4.7129605484735793,18.658483625071252,0.011911235033115759,-18.377836904254416,0.0015123238106138359,0.0014931661719828071,0.0015744241864706101,1,6.123233995736766e-17,0.7818314824680298,0.62348980185873359
2026-07-28 07:00:00,-0.33333333333333331,0.025043799012555042,-0.91583474076811056,0.5,0,0.29999999999999999,0.53333333333333333,0.092453005502752719,48.747810049372248,4.6807801102554061,17.582365803531445,0.011963903862159191,-16.852897285971714,-0.0010526417492719986,0.00019150851313831652,0.0015876922085626094,0.96592582628906831,-0.25881904510252063,0.7818314824680298,0.62348980185873359
2026-07-28 08:00:00,-0.33333333333333331,0.0035776856767532196,-0.88075316421733796,0.5,0,0.29999999999999999,0.53333333333333333,0.36059192071197543,49.821115716162339,4.6375712094033723,16.583113540673054,0.011601617245238376,-14.245325681084427,0.00028719402067878264,0.00074687608202061995,0.0015022491201086309,0.86602540378443871,-0.49999999999999978,0.7818314824680298,0.62348980185873359
2026-07-28 09:00:00,0.33333333333333331,-0.073072445361587204,-0.68726612844406176,0.5,0,0.29999999999999999,0.53333333333333333,0.14745189278655801,53.65362226807936,4.6149869489740132,15.706729020099159,0.010855330439386829,-8.5107000019404193,0.0010523396392532192,0.00028689191066000319,0.0015110674152699066,0.70710678118654757,-0.70710678118654746,0.7818314824680298,0.62348980185873359
2026-07-28 10:00:00,0.33333333333333331,-0.086730314318763962,-0.38003890587853284,0.5,0,0.29999999999999999,0.53333333333333333,0.66762021260525972,54.336515715938198,4.5971557539822614,15.510880553146006,0.0097343838760199346,-3.9691132292200333,0.0001912155578800423,0.0015307492178120441,0.0015028765092582868,0.49999999999999994,-0.86602540378443871,0.7818314824680298,0.62348980185873359
2026-07-28 11:00:00,0.33333333333333331,-0.15136754019931814,0.19722530126694282,0.5,0,0.14999999999999999,0.53333333333333333,0.80670779993512132,57.568377009965907,4.6162675795823382,15.802217153161763,0.0084595188690369805,2.0207400237042918,0.00091732605905114895,0.0021608812561844104,0.0015246211848538684,0.25881904510252102,-0.9659258262890682,0.7818314824680298,0.62348980185873359
2026-07-28 12:00:00,0.33333333333333331,-0.19725631987287356,0.65289198484528876,0.5,0.5,0.29999999999999999,0.53333333333333333,0.73352549922758281,59.862815993643679,4.6090960109155938,16.395885238436243,0.0063366625996413538,7.8339230024657596,0.00068744274017973339,0.0017959843571109246,0.0015167743236313043,1.2246467991473532e-16,-1,0.7818314824680298,0.62348980185873359
2026-07-28 13:00:00,0.33333333333333331,-0.24832431896943916,0.87786680094153902,0.5,0.5,0.29999999999999999,0.53333333333333333,0.85277213879193203,62.416215948471958,4.6002391938859235,16.947148460476832,0.0062335080537131646,13.596686706227029,0.00080141970057390211,0.0024061884998047844,0.0013575252528519942,-0.25881904510252079,-0.96592582628906831,0.7818314824680298,0.62348980185873359
2026-07-28 14:00:00,1,-0.43600279201509523,0.99125562747294438,0.5,0,0.29999999999999999,0.53333333333333333,0.98922644733158782,71.800139600754761,4.6828621033988593,19.054149163999877,0.0089268541619710526,29.333226928461212,0.0038835000263972574,0.0053723624671508929,0.0014064244243913403,-0.49999999999999972,-0.86602540378443882,0.7818314824680298,0.62348980185873359
2026-07-28 15:00:00,1,0.25623587901954081,0.99940469836652379,0.5,0,0.29999999999999999,0.53333333333333333,0.99724178591932666,75.623587901954082,4.7082594620742633,21.662316794234851,0.011477836605010295,45.004843824295079,0.0022584297387631125,0.006943349465734272,0.0011194190417890769,-0.70710678118654713,-0.70710678118654791,0.7818314824680298,0.62348980185873359
2026-07-28 16:00:00,1,0.13539322293568354,0.99785672431183492,0.5,0,0.29999999999999999,0.53333333333333333,0.8764376205489981,63.539322293568354,4.81633802115587,22.247658822495445,0.011956265799156408,42.225620954454165,-0.0029426582977869487,0.0031992714673734213,0.001376633984175338,-0.86602540378443837,-0.50000000000000044,0.7818314824680298,0.62348980185873359
2026-07-28 17:00:00,1,0.14600473296648261,0.99640378522401629,1,0,-0.14999999999999999,0.53333333333333333,-0.071783640360839063,64.600473296648261,4.8296017785242773,22.791190705880283,0.012513321023415064,39.546034710240392,0.00051321530508019464,-0.00017101325394364153,0.0013746309188045101,-0.96592582628906831,-0.25881904510252063,0.7818314824680298,0.62348980185873359
2026-07-28 18:00:00,1,0.23834262173814694,0.99912392750931944,1,0,0.14999999999999999,0.53333333333333333,0.84687952808288425,73.834262173814693,4.9513373235622318,24.404581835004457,0.015563341694387669,54.656726576462532,0.0057603191016930566,0.0033308761089863026,0.0018094731142788492,-1,-1.8369701987210297e-16,0.7818314824680298,0.62348980185873359
2026-07-28 19:00:00,1,0.48383958289964935,0.99976616627410231,1,0,0.14999999999999999,0.53333333333333333,0.98774662513942091,74.191979144982469,4.9125133466854365,25.937503308537831,0.017882674996796102,61.558014091390987,0.00028336907121762067,0.0065569034779908719,0.0018102748942030083,-0.96592582628906842,0.2588190451025203,0.7818314824680298,0.62348980185873359
2026-07-28 20:00:00,1,0.37706188969752702,0.99954839396107875,1,0,0.14999999999999999,0.53333333333333333,0.94397229622047141,68.853094484876351,4.9077847352075583,26.883814092445565,0.019118989387994754,56.812865541278185,-0.0014933134479608867,0.0045503747249497906,0.0018736316417954642,-0.8660254037844386,0.50000000000000011,0.7818314824680298,0.62348980185873359
2026-07-28 21:00:00,1,0.37706188969752702,0.99898744796644856,1,0,-0.14999999999999999,0.53333333333333333,-0.4512903200540988,68.853094484876351,4.8797727217110278,27.295285490590235,0.019988611126240924,49.928812451496043,0,-0.001209944376743266,0.0018692235463511481,-0.70710678118654768,0.70710678118654735,0.7818314824680298,0.62348980185873359
2026-07-28 22:00:00,1,0.30404802879142606,0.99507234605992045,1,0,-0.14999999999999999,0.53333333333333333,-0.77284172093604087,65.202401439571304,4.8558231491113428,27.570684686092136,0.020339263852614094,38.568874826558044,-0.0010030945358607823,-0.0024964079838216691,0.0019001242135988901,-0.50000000000000044,0.86602540378443837,0.7818314824680298,0.62348980185873359
2026-07-28 23:00:00,1,0.263879282287937,0.97222289866728839,1,0,-0.14999999999999999,0.53333333333333333,-0.58219304783600279,63.193964114396849,4.8196035392761996,27.57462489237912,0.020075295214910301,26.410855021308521,-0.00055876240319996384,-0.0015618569390607462,0.0018706874874617992,-0.25881904510252157,0.96592582628906809,0.7818314824680298,0.62348980185873359
2026-07-29 01:00:00,1,0.23134034743559226,0.8305777077390426,1,0,-0.10000000000000001,0.53333333333333333,-0.69489176126174623,61.567017371779613,4.8173437244234156,26.704301657593742,0.019557458938097936,14.712666557155075,-0.00044533934172008571,-0.0020071962807808319,0.0018830464222320757,0.25881904510252074,0.96592582628906831,0.97492791218182362,-0.22252093395631434
2026-07-29 02:00:00,1,0.29611578936383864,0.68090467951854905,1,0,0.10000000000000001,0.53333333333333333,0.19784087013247167,64.805789468191932,4.8258943270149945,26.310922784664054,0.018959504041724966,10.359889573172467,0.0014773849190721222,0.00047328317415207266,0.0018850827958940769,0.49999999999999994,0.86602540378443871,0.97492791218182362,-0.22252093395631434
2026-07-29 03:00:00,1,0.32516701159080069,0.59046822671786992,1,0,0.10000000000000001,0.53333333333333333,0.6393416462749939,66.258350579540036,4.7946524782059301,26.118674045377638,0.018637349983901902,8.1991174623562699,0.0007000482751582382,0.0017320938525102747,0.0018732525037702785,0.70710678118654746,0.70710678118654757,0.97492791218182362,-0.22252093395631434
2026-07-29 04:00:00,1,0.17799569137690127,-0.12320107227537808,1,0,0.10000000000000001,0.53333333333333333,0.091075949310623544,58.899784568845064,4.791181853489161,25.259807242204158,0.017384393636672362,-1.4914552610818816,-0.0019689517909640131,0.00020848140326634734,0.0019254006203016309,0.8660254037844386,0.50000000000000011,0.97492791218182362,-0.22252093395631434
2026-07-29 05:00:00,1,0.10003697943146485,-0.55616845669726256,0.5,0,-0.10000000000000001,0.53333333333333333,-0.35705200489144029,60.003697943146484,4.7460291704762358,24.324739545201798,0.015933210530149695,-7.2215050000720851,0.00045471770393312738,-0.00081418581187264749,0.0019246985437810966,0.96592582628906831,0.25881904510252074,0.97492791218182362,-0.22252093395631434
2026-07-29 06:00:00,1,0.037811833317448702,-0.91411050390252513,0.5,0,-0.10000000000000001,0.53333333333333333,-0.91104449775745355,53.78118333174487,4.7428435997778147,22.728296726036479,0.014435511919275109,-17.810457372180679,-0.0018201127427293073,-0.003334346829760193,0.0019896237422416243,1,6.123233995736766e-17,0.97492791218182362,-0.22252093395631434
2026-07-29 07:00:00,1,0.055397240558450703,-0.96690801829089035,0.5,0,-0.29999999999999999,0.53333333333333333,-0.33116870353497196,55.53972405584507,4.7042918642589493,21.149951015253031,0.012671639429159385,-22.552895470046096,0.00064500220398677754,-0.00072039283480940242,0.0019898872905159243,0.96592582628906831,-0.25881904510252063,0.97492791218182362,-0.22252093395631434
2026-07-29 08:00:00,1,0.068400735088614079,-0.97789268620371783,0.5,0,-0.29999999999999999,0.53333333333333333,-0.33440246805162327,56.840073508861408,4.6671121536351805,20.212387801309429,0.010910976421171722,-23.905201608626783,0.00047400105167660911,-0.00070110948706592069,0.0019863752695458308,0.86602540378443871,-0.49999999999999978,0.97492791218182362,-0.22252093395631434
2026-07-29 09:00:00,1,-0.20214045768303848,-0.96047021833050494,-1,0,0.29999999999999999,0.53333333333333333,0.82849257914771413,60.107022884151924,4.6519656975107573,19.757502295214394,0.0090548699209837165,-20.454557247831474,0.0012313522749316519,0.0023503555305950385,0.0019944361593517293,0.70710678118654757,-0.70710678118654746,0.97492791218182362,-0.22252093395631434
2026-07-29 10:00:00,1,-0.24296465436396106,-0.90614770389566024,-1,0.5,0.29999999999999999,0.53333333333333333,0.85892308438835507,62.148232718198052,4.6363088856879884,19.803630387394964,0.0070779536099878342,-15.531773572444635,0.00081375438571562597,0.002519107712323887,0.0019945646480847073,0.49999999999999994,-0.86602540378443871,0.97492791218182362,-0.22252093395631434
2026-07-29 11:00:00,1,-0.23820449969131602,-0.84937328118414979,-1,0.5,0.14999999999999999,0.53333333333333333,0.77190366866335136,61.910224984565801,4.6292473860454475,19.986364476152552,0.0066622726904831875,-12.844554431415503,-5.6752078560151631e-05,0.0019883545820871262,0.0018207664569462301,0.25881904510252102,-0.9659258262890682,0.97492791218182362,-0.22252093395631434
2026-07-29 12:00:00,1,-0.089871973372690664,-0.93247491826858031,-1,-0.5,-0.29999999999999999,0.53333333333333333,-0.50498441558784946,54.493598668634533,4.6645706740373027,19.000382950900256,0.0066452036279740518,-17.796632686990122,-0.0018746277538053135,-0.0011176254466498392,0.0018112919895437729,1.2246467991473532e-16,-1,0.97492791218182362,-0.22252093395631434
2026-07-29 13:00:00,0.33333333333333331,0.015346235012226685,-0.9855433815322534,-0.5,-0.5,-0.29999999999999999,0.53333333333333333,-0.93925587546314449,49.232688249388666,4.6658352773828193,17.76655988500211,0.006043025663298277,-26.15181601720694,-0.0015553872634939125,-0.0034867670958593777,0.0017163649533102016,-0.25881904510252079,-0.96592582628906831,0.97492791218182362,-0.22252093395631434
2026-07-29 14:00:00,0.33333333333333331,0.071833846766214723,-0.99714331278084767,-0.5,-0.5,-0.29999999999999999,0.53333333333333333,-0.9761010814433706,46.408307661689264,4.6418505183300738,17.019225571638696,0.0059768880823787727,-33.972601314187116,-0.00091159440364663169,-0.0043416094209458578,0.0017269236709539643,-0.49999999999999972,-0.86602540378443882,0.97492791218182362,-0.22252093395631434
2026-07-29 15:00:00,0.33333333333333331,0.24484341743848545,-0.99970199340420929,-0.5,0,-0.29999999999999999,0.53333333333333333,-0.99192864833102046,37.757829128075727,4.7169477735825494,17.923224661335887,0.0079082797728909585,-49.267323654385805,-0.0033877692178041485,-0.0058547508849446928,0.0012755480371534776,-0.70710678118654713,-0.70710678118654791,0.97492791218182362,-0.22252093395631434
2026-07-29 16:00:00,0.33333333333333331,0.4265628040236038,-0.99998763185680051,-0.5,0,-0.29999999999999999,0.53333333333333333,-0.9994038273410748,28.67185979881981,4.8275953949696442,19.998993160509915,0.012302265530563274,-74.905719497509395,-0.0053715780293561721,-0.0096709416508069523,0.0016701848525032437,-0.86602540378443837,-0.50000000000000044,0.97492791218182362,-0.22252093395631434
2026-07-29 17:00:00,0.33333333333333331,-0.26381525777176906,-0.99999945822241909,-0.5,0,-0.14999999999999999,0.53333333333333333,-0.99992607277776802,23.618474222823096,4.9083563286884395,22.700119637759219,0.017841992713075194,-102.38553161280507,-0.0044567462734335095,-0.01321609352059383,0.0018616999159739938,-0.96592582628906831,-0.25881904510252063,0.97492791218182362,-0.22252093395631434
2026-07-29 18:00:00,0.33333333333333331,-0.53411022261470065,-0.99999993976809531,-0.5,0,-0.14999999999999999,0.53333333333333333,-0.99928663376146809,23.294488869264967,4.8943242791030137,25.271374888375899,0.021641235050982865,-115.62481555620501,-0.00032735430618835437,-0.010155678608978036,0.0018549761098632697,-1,-1.8369701987210297e-16,0.97492791218182362,-0.22252093395631434
2026-07-29 19:00:00,-0.33333333333333331,-0.45808738032306279,-0.99999990682621986,-0.5,0,-0.14999999999999999,0.53333333333333333,-0.88504948874088507,27.09563098384686,4.9062725422367448,27.818822280792254,0.024040847121590672,-114.06689472804337,0.0011548901250915122,-0.0036292104545303516,0.0019104192649507848,-0.96592582628906842,0.2588190451025203,0.97492791218182362,-0.22252093395631434
2026-07-29 20:00:00,-0.33333333333333331,-0.42389243461800474,-0.9999996852073546,-0.5,0,0.14999999999999999,0.53333333333333333,0.47873771486309896,28.805378269099762,4.8998377756613651,29.018336497843812,0.025751530408108993,-105.16204278224075,0.00051926573147476063,0.0013468015503779185,0.0019323450239473014,-0.8660254037844386,0.50000000000000011,0.97492791218182362,-0.22252093395631434
2026-07-29 21:00:00,-0.33333333333333331,-0.17269278846306904,-0.99993201311553115,-0.5,0,0.14999999999999999,0.53333333333333333,0.96791486089170053,41.365360576846548,5.0339257408153477,28.545857107998508,0.026077267099532325,-78.988230140424903,0.0043933345803743862,0.006067490436940659,0.0022477271244897199,-0.70710678118654768,0.70710678118654735,0.97492791218182362,-0.22252093395631434
2026-07-29 22:00:00,-0.33333333333333331,-0.44977984013815414,-0.99990751490407448,-0.5,0,-0.14999999999999999,0.53333333333333333,-0.94830301250829852,27.511007993092292,5.2648896132847307,29.297100514831516,0.029565996640141763,-96.534178795971002,-0.011687707055749286,-0.0067751067439001389,0.0033146958050233001,-0.50000000000000044,0.86602540378443837,0.97492791218182362,-0.22252093395631434
2026-07-29 23:00:00,-0.33333333333333331,-0.45592254634101664,-0.9999516919761291,-1,0,-0.14999999999999999,0.53333333333333333,-0.96754979143148023,27.203872682949168,5.2649173253598711,30.203174372130054,0.032039587740999936,-102.81823197322191,-0.00036805656863769798,-0.0076624290440125975,0.0032918178546307818,-0.25881904510252157,0.96592582628906809,0.97492791218182362,-0.22252093395631434
2026-07-30 01:00:00,-0.33333333333333331,-0.32282951173003538,-0.99980210638838229,-1,0,-0.10000000000000001,0,-0.98331809945321769,33.85852441349823,5.2754120719282902,30.083901356035415,0.033149118339306845,-90.120239084202012,0.0030758838392230814,-0.0089798797851639023,0.0034209510673452533,0.25881904510252074,0.96592582628906831,0.43388373911755823,-0.90096886790241903
2026-07-30 02:00:00,-0.33333333333333331,-0.30744857338218506,-0.99940381774622022,-1,0,0.10000000000000001,0,0.69698552001257752,34.627571330890746,5.2180841751915041,29.973147841090395,0.033616007093117205,-74.919387914008439,0.00036692641605995391,0.0030747536866453373,0.0034191058294831271,0.49999999999999994,0.86602540378443871,0.43388373911755823,-0.90096886790241903
2026-07-30 03:00:00,-0.33333333333333331,-0.32262666096953524,-0.99810400455111836,-1,0,0.10000000000000001,0,0.66750247665271611,33.868666951523238,5.18520581074627,30.018796951424864,0.034182706184599849,-62.158227140806417,-0.00065670029786879525,0.0027861099574142401,0.0034135436880704741,0.70710678118654746,0.70710678118654757,0.43388373911755823,-0.90096886790241903
2026-07-30 04:00:00,-1,-0.29917827838256839,-0.99239238417046971,-1,0,0.10000000000000001,0,0.064213954209778948,35.04108608087158,5.1420530699356357,30.061185411021157,0.034124470812777065,-47.624447176292875,0.00050222137427979874,0.0002124474924709574,0.0034102924004420481,0.8660254037844386,0.50000000000000011,0.43388373911755823,-0.90096886790241903
2026-07-30 05:00:00,-1,-0.32543186519428191,-0.97987308993115774,-1,0,-0.10000000000000001,0,-0.35529212628932383,33.728406740285905,5.1011139320417778,30.060368620984548,0.033747378434569368,-37.67455829873353,-0.0010240260572391691,-0.0011785049808281656,0.0033948003418650939,0.96592582628906831,0.25881904510252074,0.43388373911755823,-0.90096886790241903
2026-07-30 06:00:00,-1,-0.33753407538714414,-0.95092766951134855,-1,0,-0.10000000000000001,0,-0.31113464194370272,33.123296230642794,5.0656470339784336,30.277252090917791,0.03259455577283378,-29.182772976257752,-0.00046405507619518005,-0.00098585975915455037,0.0033576120378106217,1,6.123233995736766e-17,0.43388373911755823,-0.90096886790241903
2026-07-30 07:00:00,-1,-0.35111573684056252,-0.8972473460120981,-1,0,-0.29999999999999999,0,-0.59095901466810097,32.444213157971873,5.0216592520362617,30.523420422663669,0.030574128172881777,-22.111174017521705,-0.00050296946488082028,-0.0019910505983151694,0.0033316265073797392,0.96592582628906831,-0.25881904510252063,0.43388373911755823,-0.90096886790241903
2026-07-30 08:00:00,-1,-0.35166629004538635,-0.76323874945837333,-1,0,-0.29999999999999999,0,-0.33582626177459829,32.416685497730683,4.9834185629553049,30.841941623757101,0.027692516981844988,-14.654587827020208,-1.9350032411935558e-05,-0.00098637457348793589,0.0033322720516518215,0.86602540378443871,-0.49999999999999978,0.43388373911755823,-0.90096886790241903
2026-07-30 09:00:00,-1,-0.35166629004538635,-0.47349372495311998,-1,0,-0.29999999999999999,0,-0.18930966735375573,32.416685497730683,4.9480722670118347,31.352345278336006,0.024654331985668021,-7.2503672338216916,0,-0.00052231949729275584,0.0033365800263071132,0.70710678118654757,-0.70710678118654746,0.43388373911755823,-0.90096886790241903
2026-07-30 10:00:00,-1,-0.35357456570435913,-0.030844307315879605,-1,0,-0.29999999999999999,0,-0.027912617270698263,32.321271714782043,4.9647110291193677,30.671406371572917,0.021309116045986037,-0.44203779884921346,-5.8052343879566592e-05,-7.7402376291502151e-05,0.0033411091181944374,0.49999999999999994,-0.86602540378443871,0.43388373911755823,-0.90096886790241903
2026-07-30 11:00:00,-1,-0.24082498937352298,0.65552009031124903,0.5,0,0.14999999999999999,0,0.5195204797471612,37.958750531323851,4.9710391725675844,30.002659524718545,0.016921843182205271,11.316674296605072,0.001662832224441857,0.0016047798805622904,0.0033923190988958507,0.25881904510252102,-0.9659258262890682,0.43388373911755823,-0.90096886790241903
2026-07-30 12:00:00,-1,-0.2755838033371687,0.83422482156512168,0.5,0,0.29999999999999999,0,0.2541749233806157,36.220809833141566,4.9584876204962942,29.134860663981136,0.013236936121868504,17.112054606619552,-0.0008890779301911067,0.00071570195037118367,0.0033388473320089774,1.2246467991473532e-16,-1,0.43388373911755823,-0.90096886790241903
2026-07-30 13:00:00,-1,-0.22125808888895576,0.93942153231683856,0.5,0,0.29999999999999999,0,0.52166495747517183,38.937095555552212,4.9477045913171098,28.377110711954206,0.011621744886446111,24.410974420377244,0.00080213778842264105,0.0015758920826733913,0.0031658537527505378,-0.25881904510252079,-0.96592582628906831,0.43388373911755823,-0.90096886790241903
2026-07-30 14:00:00,-0.33333333333333331,-0.069388237631825264,0.99005659423099857,0.5,0,0.29999999999999999,0,0.70133772320239507,46.530588118408737,4.9596259980379944,26.768294410917417,0.011450726794802295,37.766161432748277,0.0024796550838637188,0.0023927149420952532,0.0030765948427869021,-0.49999999999999972,-0.86602540378443882,0.43388373911755823,-0.90096886790241903
2026-07-30 15:00:00,-1,-0.11019150078421248,0.99561140335356335,0.5,0,0.29999999999999999,0,0.71339231387054225,44.490424960789376,4.9482664462730988,25.274393559954678,0.011247657208190402,43.122574694469392,-0.00084837271785787038,0.0024334201544284895,0.0030812513408655889,-0.70710678118654713,-0.70710678118654791,0.43388373911755823,-0.90096886790241903
2026-07-30 16:00:00,-0.33333333333333331,0.011022021733855638,0.99856045471648436,0.5,0,0.29999999999999999,0,0.88792019842531211,51.102202173385564,5.0044714509064434,23.885090705647904,0.011171491576295326,53.935437275521821,0.0024275129924777872,0.0040587953584836356,0.0031209381251686603,-0.86602540378443837,-0.50000000000000044,0.43388373911755823,-0.90096886790241903
2026-07-30 17:00:00,-1,-0.061708269715406772,0.9964422476831013,0.5,0,-0.14999999999999999,0,-0.47987153383721437,43.829173028459323,5.0429722369313277,22.5950237695059,0.01044525340045145,49.035233842164843,-0.0031414748354965383,-0.0015623345608766215,0.0031944719433975193,-0.96592582628906831,-0.25881904510252063,0.43388373911755823,-0.90096886790241903
2026-07-30 18:00:00,-0.33333333333333331,0.0089396091400696064,0.99727666275999305,0.5,0.5,0.14999999999999999,0,0.60492594293387825,50.893960914006961,5.109009024671991,21.366019927510546,0.007312417326712688,54.597882354474478,0.0029490302108428068,0.0022350683678240557,0.0031001617446338231,-1,-1.8369701987210297e-16,0.43388373911755823,-0.90096886790241903
2026-07-30 19:00:00,-0.33333333333333331,0.067855359565972787,0.99925038875807903,0.5,0,0.14999999999999999,0,0.69410795064502595,56.785535956597279,5.1254855221508562,20.768430271204334,0.0090647401032914743,66.366218586268076,0.0029595486193194631,0.0027671039946657316,0.0016533631893676565,-0.96592582628906842,0.2588190451025203,0.43388373911755823,-0.90096886790241903
2026-07-30 20:00:00,-0.33333333333333331,0.078465350305212164,0.99976227031451292,0.5,0,0.14999999999999999,0,0.96903904299968724,57.846535030521217,5.0895017404540823,20.584044664256144,0.010368989456923187,73.342591674897591,0.00057551750202478047,0.0064840963321870504,0.001641832706546105,-0.8660254037844386,0.50000000000000011,0.43388373911755823,-0.90096886790241903
2026-07-30 21:00:00,-0.33333333333333331,0.10752189837377407,0.99992714452171982,0.5,0,0.14999999999999999,0,0.9362776274386303,60.752189837377408,5.0562533616506906,20.629615264643959,0.012467304171384436,80.228733339982256,0.0016096891410715131,0.0051447552624157566,0.0015514735894768647,-0.70710678118654768,0.70710678118654735,0.43388373911755823,-0.90096886790241903
2026-07-30 22:00:00,-0.33333333333333331,0.11666838986061862,0.99996344784796209,0.5,0,0.14999999999999999,0,0.72968857663447384,61.666838986061862,5.0234177363680148,21.08241915507568,0.014287655540291835,82.876872422466505,0.00051685028763692742,0.002702056930733221,0.0015514816793094186,-0.50000000000000044,0.86602540378443837,0.43388373911755823,-0.90096886790241903
2026-07-30 23:00:00,-0.33333333333333331,0.13691797026182514,0.99997621998863984,0.5,0,0.14999999999999999,0,0.81622697518721055,63.691797026182513,5.0059030429410729,21.888258954275056,0.016078571648153472,84.646983512853353,0.0011476006844475251,0.0032741401131559655,0.0015364926728486401,-0.25881904510252157,0.96592582628906809,0.43388373911755823,-0.90096886790241903
2026-07-31 01:00:00,-0.33333333333333331,0.1528488162905485,0.99998293698016216,0.5,0,0.10000000000000001,0.53333333333333333,0.73122932329100765,65.284881629054851,4.9793381854456493,22.653946858159699,0.017832744401281839,84.840759021661967,0.00092477250310096792,0.0025892234751854204,0.0015389321361182144,0.25881904510252074,0.96592582628906831,-0.43388373911755801,-0.90096886790241915
2026-07-31 02:00:00,-0.33333333333333331,0.15372776680185182,0.99998416312048621,0.5,0,0.10000000000000001,0.53333333333333333,0.6671746767270188,65.372776680185183,4.9256560191697121,23.498136379986278,0.019031286268811329,80.920141640080615,4.9653665692872551e-05,0.0021220268532413655,0.0014991490287234598,0.49999999999999994,0.86602540378443871,-0.43388373911755801,-0.90096886790241915
2026-07-31 03:00:00,-0.33333333333333331,0.17065197100657373,0.99998004190774392,0.5,0,0.10000000000000001,0.53333333333333333,0.63145700868537014,67.065197100657372,4.9011052916489604,24.578899714871511,0.020063159419785873,77.402933975371354,0.00093531984256500778,0.0019097460113588482,0.0014789475393574649,0.70710678118654746,0.70710678118654757,-0.43388373911755801,-0.90096886790241915
2026-07-31 04:00:00,-0.33333333333333331,0.37231923200594425,0.99997867575377219,0.5,0,0.10000000000000001,0.53333333333333333,0.63839540536072836,68.615961600297211,4.8613050796394299,25.787950266933393,0.0208409699444141,73.955083608565332,0.00087725995403964419,0.0018622334622975245,0.0014528614337316421,0.8660254037844386,0.50000000000000011,-0.43388373911755801,-0.90096886790241915
2026-07-31 05:00:00,0.33333333333333331,0.34126984091933082,0.99995521920759434,0.5,0,0.10000000000000001,0.53333333333333333,0.53536318563676399,67.063492045966541,4.8188433692322858,26.939730279964859,0.021049762062965362,66.287104995033474,-0.00040039277158676612,0.0014121870250178858,0.0014658943898933267,0.96592582628906831,0.25881904510252074,-0.43388373911755801,-0.90096886790241915
2026-07-31 06:00:00,0.33333333333333331,0.35474601240421405,0.99989839874640252,0.5,0,0.10000000000000001,0.53333333333333333,0.34703194739649151,67.737300620210704,4.7771306887386213,27.844743915073096,0.020941631090970088,58.713807031686784,0.00034320361844741853,0.0008200708009002966,0.0014589034987768517,1,6.123233995736766e-17,-0.43388373911755801,-0.90096886790241915
2026-07-31 07:00:00,0.33333333333333331,0.39682717973671117,0.99981658018331665,0.5,0,0.29999999999999999,0.53333333333333333,0.43435636137454919,69.841358986835559,4.7541566570950593,29.020123269269011,0.020666355832089395,53.951926105207448,0.0010860350313421918,0.0010288458782028442,0.0014481003555686398,0.96592582628906831,-0.25881904510252063,-0.43388373911755801,-0.90096886790241915
2026-07-31 08:00:00,0.33333333333333331,0.37147896833944943,0.99956862588280559,0.5,0,0.29999999999999999,0.53333333333333333,0.4966116510383809,68.57394841697247,4.7016838443753404,30.148864551860594,0.02038141062921946,46.483973430221596,-0.00028568435882014853,0.0011435542909694618,0.0014527724326949937,0.86602540378443871,-0.49999999999999978,-0.43388373911755801,-0.90096886790241915
2026-07-31 09:00:00,0.33333333333333331,0.33495450629516055,0.99799341281112453,0.5,0,0.29999999999999999,0.53333333333333333,0.19231294501870433,66.747725314758029,4.6806234841507166,30.305753291302278,0.019278593428317586,37.222537466923882,-0.00040009526611228807,0.00040025540640975521,0.001428427262851381,0.70710678118654757,-0.70710678118654746,-0.43388373911755801,-0.90096886790241915
2026-07-31 10:00:00,0.33333333333333331,0.39070661877977725,0.99523181895481438,0.5,0,0.29999999999999999,0.53333333333333333,0.27734030899999318,69.535330938988864,4.6899607632929214,30.908176045972752,0.018269297256746635,32.853597424774932,0.0012759354622353669,0.00059015583730293031,0.001433599333275993,0.49999999999999994,-0.86602540378443871,-0.43388373911755801,-0.90096886790241915
2026-07-31 11:00:00,0.33333333333333331,0.39234421747666998,0.98939874023138041,0.5,0,0.14999999999999999,0.53333333333333333,0.42672954091197485,69.6172108738335,4.6567020407095097,31.495665431177123,0.017699988262463918,27.557177956666919,3.8062613002765033e-05,0.00091390280912584387,0.0013819499596116954,0.25881904510252102,-0.9659258262890682,-0.43388373911755801,-0.90096886790241915
2026-07-31 12:00:00,0.33333333333333331,0.34938136574401879,0.96198245995647891,0.5,0,0.29999999999999999,0.53333333333333333,0.42610498465683838,67.46906828720094,4.6373244676512568,31.709066755989348,0.016298867403496221,20.362647098634426,-0.00041876844620780673,0.00089522962903032521,0.0013609074425008638,1.2246467991473532e-16,-1,-0.43388373911755801,-0.90096886790241915
2026-07-31 13:00:00,0.33333333333333331,0.42340921179583146,0.95014387023878855,0.5,0,0.29999999999999999,0.53333333333333333,0.55297496015794145,71.170460589791574,4.6481474751255876,32.250575092871095,0.0157510830687498,19.137645426718365,0.0016169997721124929,0.0012362939389074512,0.0013166472787090411,-0.25881904510252079,-0.96592582628906831,-0.43388373911755801,-0.90096886790241915
2026-07-31 14:00:00,1,0.30662675452716542,0.81967077320836446,0.5,0,0.29999999999999999,0.53333333333333333,0.0094014479723437266,65.331337726358271,4.6668620984215297,32.358775742125275,0.012814274660028867,12.293630465244519,-0.0011792005626745095,1.9030763230176717e-05,0.0010726553486932809,-0.49999999999999972,-0.86602540378443882,-0.43388373911755801,-0.90096886790241915
2026-07-31 15:00:00,1,0.12678165043906703,-0.085740145460370107,1,0,-0.29999999999999999,0.53333333333333333,-0.67530114800558338,56.339082521953351,4.686569104674235,31.401917554638736,0.010374468591511985,-0.9324014557135456,-0.0021336999198275919,-0.0016959007103896084,0.001115765288256926,-0.70710678118654713,-0.70710678118654791,-0.43388373911755801,-0.90096886790241915
2026-07-31 16:00:00,0.33333333333333331,-0.11460708361608227,-0.95685010666725323,1,0,-0.29999999999999999,0.53333333333333333,-0.99585937867580543,44.269645819195887,4.8123264046759315,29.942333567105504,0.0095386032810674346,-23.461962785735025,-0.0039364111060748996,-0.007249311588577001,0.0013438818394275914,-0.86602540378443837,-0.50000000000000044,-0.43388373911755801,-0.90096886790241915
2026-07-31 17:00:00,0.33333333333333331,-0.013578959849560875,-0.98079817865878938,1,-0.5,-0.14999999999999999,0.53333333333333333,-0.93172795529218055,49.321052007521956,4.920099351020693,30.095947584425069,0.0084443157843173411,-31.762073891513467,0.0017025839383126851,-0.0043675270875898065,0.0013872662631711885,-0.96592582628906831,-0.25881904510252063,-0.43388373911755801,-0.90096886790241915
2026-07-31 18:00:00,1,0.088401916737592637,-0.97129958269795291,1,-0.5,-0.14999999999999999,0.53333333333333333,-0.10602552687395381,54.420095836879632,4.9483600778180312,29.182802843854308,0.0076867061459626419,-29.806313906720305,0.0019477177766535902,-0.00028610939110862432,0.0014076582320525985,-1,-1.8369701987210297e-16,-0.43388373911755801,-0.90096886790241915
2026-07-31 19:00:00,1,0.12555855300299115,-0.94889683656403201,0.5,0.5,0.14999999999999999,0.53333333333333333,0.92951882776701755,56.277927650149557,4.9387132848608299,27.771513753548259,0.006991572366606455,-25.413657319840041,0.00076277654346768031,0.0044130782584339556,0.0014117741542187842,-0.96592582628906842,0.2588190451025203,-0.43388373911755801,-0.90096886790241915
2026-07-31 20:00:00,1,0.16232837079763954,-0.8908533250658468,0.5,0.5,0.14999999999999999,0.53333333333333333,0.86672036946431918,58.116418539881977,4.9265685485076602,25.941021227723947,0.0066360582550575907,-19.665948604418958,0.00076219515885078692,0.0034726894789720575,0.0014007126538237355,-0.8660254037844386,0.50000000000000011,-0.43388373911755801,-0.90096886790241915
2026-07-31 21:00:00,1,0.10232403780580618,-0.74527368823331686,0.5,0.5,0.14999999999999999,0.53333333333333333,0.73927943195535006,60.232403780580619,4.8966510797462792,24.118900948650182,0.0065858411013787668,-12.878677533453342,0.00089483760861774897,0.0024198093109362162,0.0013998889006753808,-0.70710678118654768,0.70710678118654735,-0.43388373911755801,-0.90096886790241915
2026-07-31 22:00:00,1,0.080161548947529582,-0.66583025563534814,0.5,0.5,0.14999999999999999,0.53333333333333333,0.37905808481480485,58.016154894752958,4.9078801010475912,22.988484273780522,0.006385982540453825,-10.87168887689586,-0.00062820649118755512,0.0010288262762809808,0.0014112917213964489,-0.50000000000000044,0.86602540378443837,-0.43388373911755801,-0.90096886790241915
2026-07-31 23:00:00,1,0.039962621575272125,-0.76634967034948187,0.5,-0.5,-0.14999999999999999,0.53333333333333333,-0.33815011113562821,53.996262157527212,4.9153185108528392,21.423474975462742,0.0063128900523549735,-13.792031762648563,-0.0011813350458300675,-0.00091470392839987369,0.0014280152303318902,-0.25881904510252157,0.96592582628906809,-0.43388373911755801,-0.90096886790241915
2026-08-03 01:00:00,1,0.14272957548085599,-0.027246574415280049,0.5,0.5,0.10000000000000001,0.53333333333333333,0.7460702284463,64.2729575480856,5.0064434571201408,21.191519240430605,0.0072541410424774777,-0.4070897617843201,0.0045461973053022575,0.0027366557682846349,0.0017426188971604261,0.25881904510252074,0.96592582628906831,0,1
2026-08-03 02:00:00,1,0.15081368516065197,0.54557139477126426,1,0.5,0.10000000000000001,0.53333333333333333,0.88643361009597088,65.081368516065197,4.958260224923082,20.95902151153193,0.0081194313359573885,8.712340598193677,0.00043641194184473875,0.0038012742013169287,0.0017369598308722269,0.49999999999999994,0.86602540378443871,0,1
2026-08-03 03:00:00,1,0.16052468490497518,0.79506563733724245,1,0.5,0.10000000000000001,0.53333333333333333,0.97058945897112769,66.052468490497517,4.9233626340144516,20.843738786584293,0.0090026799498570814,14.915588758463016,0.00051206676952197938,0.0054946760166689756,0.0017377830991201662,0.70710678118654746,0.70710678118654757,0,1
2026-08-03 04:00:00,1,0.17075079384655226,0.89256131502983416,1,0,0.10000000000000001,0.53333333333333333,0.5291661338465341,67.075079384655226,4.8860612251344442,20.978962656234788,0.0099458540936192136,18.995667912763807,0.00053075539109670444,0.0014792341024634226,0.0017284857698378041,0.8660254037844386,0.50000000000000011,0,1
2026-08-03 05:00:00,1,0.17747687694571737,0.93044599381230653,1,0,0.10000000000000001,0.53333333333333333,0.52397615393415498,67.747687694571738,4.8320792603348419,21.12418919838705,0.010818672535154518,20.849629767692562,0.0003410511988786169,0.0013838733594973007,0.0017240690600086985,0.96592582628906831,0.25881904510252074,0,1
2026-08-03 06:00:00,1,0.18404177900953017,0.94241642778993517,1,0,0.10000000000000001,0.53333333333333333,0.48175858653818732,68.404177900953016,4.7869740552170654,21.449154097322086,0.011585794621213522,21.099778494962507,0.0003219971426897672,0.0011938037326650885,0.0017167439151681981,1,6.123233995736766e-17,0,1
2026-08-03 07:00:00,1,0.19081920201060526,0.94411045623889855,1,0,0.29999999999999999,0.53333333333333333,0.42595549498152363,69.081920201060527,4.7388219566186951,21.895123552873148,0.012372817389738937,20.283484351982239,0.00032189349390421285,0.00098494183547259695,0.0017016976937299184,0.96592582628906831,-0.25881904510252063,0,1
2026-08-03 08:00:00,1,0.18339021773300487,0.91959533662636839,1,0,0.29999999999999999,0.53333333333333333,0.23531257273030654,68.339021773300487,4.6860212331107736,22.309238047313418,0.012987626571295726,17.199884206977003,-0.00015146638421903447,0.00049242425237494558,0.0017035423765279531,0.86602540378443871,-0.49999999999999978,0,1
2026-08-03 09:00:00,1,0.16229735923860886,0.81281568510135793,1,0,-0.29999999999999999,0.53333333333333333,-0.12314160651056044,66.229735923860886,4.6542815264385942,22.402360123076253,0.013371456149637754,11.924178691205455,-0.00041665089046283299,-0.00024622378077765461,0.0017034984654120172,0.70710678118654757,-0.70710678118654746,0,1
2026-08-03 10:00:00,1,0.19036642638001425,0.76958623695949679,1,0,0.29999999999999999,0.53333333333333333,0.27685779160974711,69.036642638001425,4.659007778211838,22.018197762116994,0.014011392415394138,10.756936015784731,0.0011359119753784341,0.00056779470069656668,0.00168654435107214,0.49999999999999994,-0.86602540378443871,0,1
2026-08-03 11:00:00,1,0.2078030587967892,0.7851108782385412,1,0,0.14999999999999999,0.53333333333333333,0.63857148014083054,70.78030587967892,4.6367430171834707,21.966267070856368,0.014700447437343856,10.925116534936933,0.00075655845185274018,0.0014758195367683413,0.0016567296804171259,0.25881904510252102,-0.9659258262890682,0,1
2026-08-03 12:00:00,1,0.19001826767099955,0.67900116941456801,1,0,0.29999999999999999,0.53333333333333333,0.68120886114291468,69.001826767099956,4.6035256217866598,22.034625467715856,0.014832700363691219,8.258990752169467,-0.00032146740691985087,0.0015710030203113234,0.001561953110050691,1.2246467991473532e-16,-1,0,1
2026-08-03 13:00:00,1,0.22619222076071593,0.77044771628141417,1,0,0.29999999999999999,0.53333333333333333,0.78150875661588648,72.619222076071594,4.6153777847063227,22.715284083633986,0.013726681796144528,10.319081879326234,0.0015685388405515255,0.0020036298854844148,0.0011968006542217671,-0.25881904510252079,-0.96592582628906831,0,1
2026-08-03 14:00:00,1,0.26649757224160497,0.92840133942070535,1,0,0.29999999999999999,0.53333333333333333,0.93839630927347739,76.649757224160496,4.6480502916550819,24.193781999438894,0.013556772671032256,17.188309125954277,0.0021503762011754191,0.0033974476348070937,0.0012206502507514205,-0.49999999999999972,-0.86602540378443882,0,1
2026-08-03 15:00:00,1,0.60542255376168352,0.98785966981022844,1,0,0.29999999999999999,0.53333333333333333,0.99519560957389153,80.271127688084178,4.6926292117951993,26.144281746992903,0.014640729208760498,27.821255796067305,0.002484146035357071,0.0062030610770840156,0.0012545953077871606,-0.70710678118654713,-0.70710678118654791,0,1
2026-08-03 16:00:00,1,0.54859888789984101,0.98856874921472315,1,0,0.29999999999999999,0.53333333333333333,0.95367570937205326,77.429944394992049,4.7534773816101454,27.629571189497312,0.015134731822032354,29.917778106640924,-0.0005452306554687425,0.0040892915810637476,0.0012870899648330706,-0.86602540378443837,-0.50000000000000044,0,1
2026-08-03 17:00:00,1,0.41301838337218383,0.96024014206700181,1,0,0.14999999999999999,0.53333333333333333,0.24203844474381978,70.650919168609192,4.7998142535909807,29.244339526838324,0.014979915719271706,23.677765966796073,-0.0013737946173826288,0.00056512076250569976,0.0013657697569713363,-0.96592582628906831,-0.25881904510252063,0,1
2026-08-03 18:00:00,1,0.3620035623562512,0.85860518231776062,1,0,-0.14999999999999999,0.53333333333333333,-0.80166793701500139,68.100178117812561,4.7769254269023333,30.124528412025548,0.014648399502769367,15.293698076259972,-0.00054627825758224446,-0.0024653035304336157,0.0013855536917813818,-1,-1.8369701987210297e-16,0,1
2026-08-03 19:00:00,1,0.26059771321689451,0.3280682109769969,1,0,-0.14999999999999999,0.53333333333333333,-0.8814916250169389,63.029885660844727,4.7637620052578891,30.197273881837948,0.013591847242360584,3.9920792614279037,-0.0011311791862649301,-0.0030512520612298033,0.001411377165264004,-0.96592582628906842,0.2588190451025203,0,1
2026-08-03 20:00:00,1,0.36057347165693615,0.22279615538371483,1,0,0.14999999999999999,0.53333333333333333,0.22743660787166872,68.028673582846807,4.7954465514564601,30.680316731406283,0.011980853512507515,2.7408733224899322,0.0022046155093367048,0.00052715806548953026,0.0014056921564224154,-0.8660254037844386,0.50000000000000011,0,1
2026-08-03 21:00:00,1,0.39803244158469053,0.29259737940213504,1,0,0.14999999999999999,0.53333333333333333,0.71761186791053588,69.901622079234528,4.7751895891422604,31.50434992402943,0.012085339629416762,3.5726312676464431,0.00094066304862927552,0.0020140993717010502,0.0010695370841461414,-0.70710678118654768,0.70710678118654735,0,1
2026-08-03 22:00:00,1,0.43775980788468016,0.47512817916125333,1,0,0.14999999999999999,0.53333333333333333,0.9568524273323058,71.887990394234009,4.7615181674820697,32.609636472090976,0.012368384529425666,6.0411117292979668,0.0010524931901709778,0.0041977717481369581,0.0010776346014843099,-0.50000000000000044,0.86602540378443837,0,1
2026-08-03 23:00:00,1,0.47444526912666957,0.67329712821930676,1,0,0.14999999999999999,0.53333333333333333,0.8874152084556286,73.722263456333479,4.7380781999023291,33.82079543100344,0.012834064227644312,9.3284697515082939,0.0010326215421230245,0.0030257777809232778,0.001084416184191563,-0.25881904510252157,0.96592582628906809,0,1
2026-08-04 01:00:00,1,0.5008467526767566,0.79615327179698558,1,0,0.10000000000000001,0.53333333333333333,0.87961061099725191,75.042337633837832,4.7087502393536775,35.099722478297771,0.013376255115396434,12.067573927316744,0.00077657959997878834,0.0028616943322727906,0.0010859630521185717,0.25881904510252074,0.96592582628906831,0.7818314824680298,0.62348980185873359
2026-08-04 02:00:00,1,0.46560721982790937,0.75836901731331097,1,0,0.10000000000000001,0.53333333333333333,0.62847936919220637,73.280360991395469,4.6593031632374604,36.287297593642506,0.013564288743639411,10.475654108295004,-0.00034507203721112489,0.0014641291048906879,0.0011029530941909901,0.49999999999999994,0.86602540378443871,0.7818314824680298,0.62348980185873359
2026-08-04 03:00:00,1,0.48879042978831422,0.72791553484560845,1,0,0.10000000000000001,0.53333333333333333,0.49625585086517493,74.439521489415711,4.6335580234481881,37.535844338493597,0.013735929694363744,9.5089352081338916,0.00061879449559754107,0.0010503020583652045,0.0011024886418976221,0.70710678118654746,0.70710678118654757,0.7818314824680298,0.62348980185873359
2026-08-04 04:00:00,1,0.50080485515797113,0.66837390608604841,1,0,0.10000000000000001,0.53333333333333333,0.31078173422381278,75.040242757898554,4.5881933165505639,38.758421855421005,0.013792953310522505,7.9420017260416387,0.00031862354897604916,0.00059234600736246534,0.0011025183421255883,0.8660254037844386,0.50000000000000011,0.7818314824680298,0.62348980185873359
2026-08-04 05:00:00,1,0.511709445943348,0.55734008251231115,1,0,0.10000000000000001,0.53333333333333333,0.59721787792509151,75.585472297167399,4.5471750506903783,39.969743719221057,0.013569666869552494,5.9352698583969641,0.00028105414224555147,0.0012184721868191417,0.0010930529925240401,0.96592582628906831,0.25881904510252074,0.7818314824680298,0.62348980185873359
2026-08-04 06:00:00,1,0.51850564596862658,0.35790548125702648,1,0,0.10000000000000001,0.53333333333333333,0.42741803382476889,75.925282298431327,4.4972276886374782,41.111592828516102,0.012873087453820219,3.3616434199676348,0.00016859457727314009,0.00076827226849474073,0.0010739855711262049,1,6.123233995736766e-17,0.7818314824680298,0.62348980185873359
2026-08-04 07:00:00,1,0.46483445517828442,-0.16493258122591128,1,0,0.29999999999999999,0.53333333333333333,0.023466269186520426,73.241722758914221,4.4451548241857974,42.065136787020876,0.012137547835120754,-1.4183972459322263,-0.00041217026962314662,3.7478449895544941e-05,0.0010861127603053247,0.96592582628906831,-0.25881904510252063,0.7818314824680298,0.62348980185873359
2026-08-04 08:00:00,1,0.4134779850317844,-0.71210283060285262,1,0,-0.29999999999999999,0.53333333333333333,-0.39462135971786549,70.673899251589219,4.4004013418769636,42.450576237860773,0.011286235357307575,-7.2637474958639245,-0.00039359379754522195,-0.00063716948989522848,0.0011012610365315147,0.86602540378443871,-0.49999999999999978,0.7818314824680298,0.62348980185873359
2026-08-04 09:00:00,1,0.37635909142074409,-0.92737487513842753,1,0,-0.29999999999999999,0.53333333333333333,-0.62147943966400065,68.817954571037205,4.37870536044439,42.441760496086445,0.009871198325063028,-13.070928702750223,-0.00028123330362639365,-0.0010869973707947622,0.0010998588084172047,0.70710678118654757,-0.70710678118654746,0.7818314824680298,0.62348980185873359
2026-08-04 10:00:00,1,0.37870186030562536,-0.97704989850291946,1,0.5,-0.29999999999999999,0.53333333333333333,-0.40906210088489631,68.935093015281268,4.3599559342028931,42.004070072446623,0.0088014579812313101,-17.43507268274621,3.7502343900541746e-05,-0.00063732475727107385,0.0010691822583146378,0.49999999999999994,-0.86602540378443871,0.7818314824680298,0.62348980185873359
2026-08-04 11:00:00,1,0.21631874308549542,-0.99619300964823931,1,0.5,-0.14999999999999999,0.53333333333333333,-0.75769256531556772,60.815937154274771,4.3787157297335435,40.428253320956003,0.0082575948091996604,-24.965836328570134,-0.0012383205454966628,-0.0014820515052225147,0.0010371981349663461,0.25881904510252102,-0.9659258262890682,0.7818314824680298,0.62348980185873359
2026-08-04 12:00:00,1,0.28124083618550172,-0.99778477624000639,1,0.5,-0.29999999999999999,0.53333333333333333,-0.21238262561495064,64.062041809275087,4.3672413991193775,38.96499490885757,0.0082470837822769538,-26.818302556545916,0.00088199148121681503,-0.00031882672037930604,0.0009032980086075709,1.2246467991473532e-16,-1,0.7818314824680298,0.62348980185873359
2026-08-04 13:00:00,1,0.50426000136660809,-0.85559520554655866,1,0,0.29999999999999999,0.53333333333333333,0.97424013421503397,75.213000068330402,4.6099704111053326,39.858980948317772,0.0093188477544441008,-12.828132167517509,0.004435676038694325,0.0040793469744144772,0.0013103042993292521,-0.25881904510252079,-0.96592582628906831,0.7818314824680298,0.62348980185873359
2026-08-04 14:00:00,1,0.63910206704853578,0.77379606536023116,1,0,0.29999999999999999,0.53333333333333333,0.9998147363169404,81.955103352426789,4.7726532025237676,41.63568703970698,0.01225451554194132,12.174640575679348,0.0049365337808495724,0.010254201300760712,0.0016006160951216976,-0.49999999999999972,-0.86602540378443882,0.7818314824680298,0.62348980185873359
2026-08-04 15:00:00,1,0.65438352102975583,0.98294386949499779,1,0,0.29999999999999999,0.53333333333333333,0.99977260673296586,82.719176051487793,4.7821338272818226,43.523559701966981,0.014332854724485507,28.382489635068453,0.00074302488836508473,0.010115234707908982,0.0015749412286540925,-0.70710678118654713,-0.70710678118654791,0.7818314824680298,0.62348980185873359
2026-08-04 16:00:00,1,0.5004384881878684,0.97774842620585267,1,0,0.29999999999999999,0.53333333333333333,0.92390985305744433,75.021924409393421,4.8912423937727976,44.122074576652032,0.014511284589626271,29.867222954173883,-0.0016725830433852451,0.004006975625829412,0.0016128365267384565,-0.86602540378443837,-0.50000000000000044,0.7818314824680298,0.62348980185873359
