dt,ema_stack,rsi_momentum,macd_hist,market_structure,bb_squeeze,session_filter,mtf_daily_trend,candle_momentum,rsi14,log_atr14,adx14,bb_bandwidth,macd_hist_raw,ret1,ret3,rv20,hour_sin,hour_cos,dow_sin,dow_cos
2026-07-13 01:00:00,,,,,,,0,,,,,,0,,,,0.25881904510252074,0.96592582628906831,0,1
2026-07-13 02:00:00,,,,,,,0,,,,,,6.8923076923077531e-05,0.00080713270503907086,,,0.49999999999999994,0.86602540378443871,0,1
2026-07-13 03:00:00,,,,,,,0,,,,,,4.5811264518924585e-05,-0.00073237082160287903,,,0.70710678118654746,0.70710678118654757,0,1
2026-07-13 04:00:00,,,,,,0.10000000000000001,0,,,,,,7.0781881415769011e-05,0.00049328829963762866,0.00056805018307382049,,0.8660254037844386,0.50000000000000011,0,1
2026-07-13 05:00:00,,,,,,-0.10000000000000001,0,,,,,,4.2094519937066349e-05,-0.00047086082448449806,-0.00070994334644974844,,0.96592582628906831,0.25881904510252074,0,1
2026-07-13 06:00:00,,,,,,0.10000000000000001,0,,,,,,3.0961051884743522e-05,0.00011212983151148714,0.00013455730666461774,,1,6.123233995736766e-17,0,1
2026-07-13 07:00:00,,,,,,0.29999999999999999,0,,,,,,5.6870157976108529e-05,0.00041103517918783528,5.2304186214824355e-05,,0.96592582628906831,-0.25881904510252063,0,1
2026-07-13 08:00:00,,,,,,0.29999999999999999,0,,,,,,4.5796764446617925e-05,-0.00027649597575590823,0.00024666903494341419,,0.86602540378443871,-0.49999999999999978,0,1
2026-07-13 09:00:00,,,,,,0,0,,,,,,2.4144918247437429e-05,-0.00013453920343192705,0,,0.70710678118654757,-0.70710678118654746,0,1
2026-07-13 10:00:00,,,,,,0.29999999999999999,0,,,,,,0.00010479454910808708,0.0011280738403658952,0.00071703866117805992,,0.49999999999999994,-0.86602540378443871,0,1
2026-07-13 11:00:00,,,,0,,0.14999999999999999,0,,,,,,0.00015511522300617743,7.4661967974842813e-05,0.001068196604908811,,0.25881904510252102,-0.9659258262890682,0,1
2026-07-13 12:00:00,,,,0,,0.29999999999999999,0,,,,,,0.00015471691368509113,-0.00026134127959570597,0.00094139452874503204,,1.2246467991473532e-16,-1,0,1
2026-07-13 13:00:00,,,,1,,0.29999999999999999,0,,,,,,0.00019814019710546115,0.00062710436623503174,0.00044042505461416859,,-0.25881904510252079,-0.96592582628906831,0,1
2026-07-13 14:00:00,,,,1,,-0.29999999999999999,0,,,,,,0.00017568100141081392,-0.00043295860696335176,-6.7195520324025981e-05,,-0.49999999999999972,-0.86602540378443882,0,1
2026-07-13 15:00:00,,,0.82675832629774892,1,,0.29999999999999999,0,0.48178861034820386,82.65916900305109,-6.4503199611075921,,,0.00018609519316431592,0.0004254953912877224,0.00061964115055940239,,-0.70710678118654713,-0.70710678118654791,0,1
2026-07-13 16:00:00,,,0.52251849207459156,0.5,,-0.29999999999999999,0,-0.69332729113824554,72.716231149127836,-6.4355124144064364,,,9.2975618410174438e-05,-0.0010155165819490386,-0.001022979797624668,,-0.86602540378443837,-0.50000000000000044,0,1
2026-07-13 17:00:00,,,-0.10534049469690777,0.5,,-0.14999999999999999,0,-0.71071947240010158,68.231819148424321,-6.397645842421543,,,-1.7609508910858035e-05,-0.00051561993228732561,-0.0011056411229486418,,-0.96592582628906831,-0.25881904510252063,0,1
2026-07-13 18:00:00,,,-0.45629120250438931,0.5,,-0.14999999999999999,0,-0.82465860294913429,68.654212388850169,-6.4186865653416785,,,-8.0335854507772384e-05,0.00010464003836385682,-0.0014264964758725074,,-1,-1.8369701987210297e-16,0,1
2026-07-13 19:00:00,,,-0.86698049381888054,0.5,,-0.14999999999999999,0,-0.86238559145616578,58.638524830201675,-6.3745941853841801,,,-0.00022510389405953191,-0.0012489204445801372,-0.001659900338503606,,-0.96592582628906842,0.2588190451025203,0,1
2026-07-13 20:00:00,,,-0.96671665672095919,0.5,,-0.14999999999999999,0,-0.8372198154992383,56.15554990616625,-6.4067182604367394,,0.0030971778044978655,-0.00033661084422969547,-0.00035177402998060048,-0.0014960544361968808,,-0.8660254037844386,0.50000000000000011,0,1
2026-07-13 21:00:00,,,-0.98397949630355019,0.5,,-0.14999999999999999,0,-0.84939594360377058,56.825774957070735,-6.4509809664228834,,0.0034007182028697402,-0.00038045267695667288,0.00011976675438923889,-0.0014809277201714988,0.00060604252616722816,-0.70710678118654768,0.70710678118654735,0,1
2026-07-13 22:00:00,,,-0.9926389104052441,0.5,,-0.14999999999999999,0,-0.55434539596317678,53.263604947172816,-6.4779859093122951,,0.0038487389832573705,-0.0004304102427287723,-0.00048664169533058077,-0.00071864897092194235,0.00057733582922597391,-0.50000000000000044,0.86602540378443837,0,1
2026-07-13 23:00:00,,,-0.99667440434730825,0.5,,-0.14999999999999999,0,-0.66288200366585315,49.557779667876687,-6.4914096108265884,,0.0044336402409930128,-0.0004850684178044673,-0.00053932585576954573,-0.0009062007967108876,0.00056812641242022629,-0.25881904510252157,0.96592582628906809,0,1
2026-07-14 00:00:00,,,-0.99800668510709889,0.5,,-0.10000000000000001,0,-0.82242031710742103,47.720345152953414,-6.5059478335011223,,0.0050022582184329227,-0.00051636582049006475,-0.00027726675112338395,-0.0013032343022235104,0.00055078918624028685,0,1,0.7818314824680298,0.62348980185873359
2026-07-14 01:00:00,,,-0.99671265710029933,0.5,,-0.10000000000000001,0,-0.32328210054239925,50.899558248479849,-6.5283992143805598,,0.0053254911298037085,-0.0004683004459916723,0.00044958301932918054,-0.00036700958756374913,0.0005609654287256037,0.25881904510252074,0.96592582628906831,0.7818314824680298,0.62348980185873359
2026-07-14 02:00:00,,,-0.99381339665950474,-1,,0.10000000000000001,0,0.24591221218458142,51.534356308963446,-6.5755030266108472,,0.0055715421189317261,-0.00040257681381091219,8.9892353966669614e-05,0.00026220862217246621,0.00056053554552269269,0.49999999999999994,0.86602540378443871,0.7818314824680298,0.62348980185873359
2026-07-14 03:00:00,,,-0.98124563375516538,-1,,0.10000000000000001,0,0.55765753162569653,52.417678695196273,-6.5726432469093643,,0.0057133948631276077,-0.00032576040866981969,0.00011984390345948226,0.00065931927675533242,0.0005500970837827566,0.70710678118654746,0.70710678118654757,0.7818314824680298,0.62348980185873359
2026-07-14 04:00:00,,,-0.94160745084697828,-1,,0.10000000000000001,0,0.40529200111128744,54.106645110726312,-6.608430826422615,,0.0058019736410966647,-0.0002363411644302467,0.00022466861473968702,0.0004344048721658389,0.00055399712560227237,0.8660254037844386,0.50000000000000011,0.7818314824680298,0.62348980185873359
2026-07-14 05:00:00,,0.10826664806876039,-0.8149384474306387,0.5,,0.10000000000000001,0,0.48806380607001687,55.413332403438019,-6.6505518977752294,31.132221479948935,0.0058522061913950365,-0.00014763877648913282,0.0001722117609913032,0.00051672427919047248,0.0005570827586026053,0.96592582628906831,0.25881904510252074,0.7818314824680298,0.62348980185873359
2026-07-14 06:00:00,,0.15126336102992938,-0.40247637585840917,0.5,,0.10000000000000001,0,0.61518494874279195,57.563168051496469,-6.6696946426973032,30.034569471372112,0.0056562575986688355,-5.4126477729513761e-05,0.00028445881901861814,0.00068133919474960836,0.00048854462394042314,1,6.123233995736766e-17,0.7818314824680298,0.62348980185873359
2026-07-14 07:00:00,,0.12512660712386961,0.020593097990191208,0.5,,0.29999999999999999,0,0.34460151538627443,56.25633035619348,-6.7051515399271473,29.015321177693632,0.0053966838884144802,2.5221608171727573e-06,-0.00012724789028939476,0.00032942268972052657,0.00048635130118431788,0.96592582628906831,-0.25881904510252063,0.7818314824680298,0.62348980185873359
2026-07-14 08:00:00,,0.16932877965372739,0.50524108535184542,0.5,,0.29999999999999999,0,0.44436552770394577,58.46643898268637,-6.7136208819184713,26.982793591424805,0.0051395660922007322,6.7551546016522256e-05,0.00027693056330263532,0.0004341414920318587,0.00049365264591429646,0.86602540378443871,-0.49999999999999978,0.7818314824680298,0.62348980185873359
2026-07-14 09:00:00,,0.065878210229236622,0.51088493896427656,0.5,,-0.29999999999999999,0,-0.36138781081782811,53.293910511461831,-6.7126953764851445,25.868674447509573,0.0046068199785213627,6.8538715658006096e-05,-0.00049403787131369059,-0.00034435519830045003,0.00046918830334754955,0.70710678118654757,-0.70710678118654746,0.7818314824680298,0.62348980185873359
2026-07-14 10:00:00,,0.083085372254301432,0.57098700483535125,0.5,,-0.29999999999999999,0,-0.12972505277361607,54.154268612715072,-6.7036495594990315,25.03579573958973,0.0041196051353390153,7.9593457046706886e-05,9.7329794598810526e-05,-0.00011977751341224474,0.00046799823184565922,0.49999999999999994,-0.86602540378443871,0.7818314824680298,0.62348980185873359
2026-07-14 11:00:00,,0.13641667212165678,0.9074383346410777,0.5,,0.14999999999999999,0,0.7192172506392106,63.641667212165679,-6.6435486768968941,23.868860858282904,0.0033491117972702738,0.00019702934879800419,0.0012793800867477723,0.0008826720100328922,0.00055300905630195445,0.25881904510252102,-0.9659258262890682,0.7818314824680298,0.62348980185873359
2026-07-14 12:00:00,,0.15949297520482048,0.98134168679532108,0.5,,0.29999999999999999,0,0.95114240329535427,65.949297520482048,-6.6608302363964453,23.512669211192005,0.0031683318236029653,0.00029859461146801593,0.00038872692423419508,0.0017654368055807779,0.00051757792024227124,1.2246467991473532e-16,-1,0.7818314824680298,0.62348980185873359
2026-07-14 13:00:00,,0.10465280705184789,0.98387626545668982,0.5,,0.29999999999999999,0,0.83580559801722776,60.465280705184789,-6.6641885060357247,22.714193500213138,0.0030337597185993086,0.00030698832165899768,-0.00051584350900707454,0.0011522635019748928,0.00051758915254339886,-0.25881904510252079,-0.96592582628906831,0.7818314824680298,0.62348980185873359
2026-07-14 14:00:00,,0.15521754874217009,0.99244060230133113,0.5,,0.29999999999999999,0,0.61646461127320085,65.52175487421701,-6.6190760497347565,22.470117674240068,0.0031668056723763147,0.00037199235529651202,0.00084464830654112921,0.00071753172176824975,0.00055237579395641669,-0.49999999999999972,-0.86602540378443882,0.7818314824680298,0.62348980185873359
2026-07-14 15:00:00,,0.47394576025801827,0.99740043110654419,0.5,,0.29999999999999999,0,0.94441996225727698,73.697288012900913,-6.3876602065444583,25.104621972159137,0.0045435673080193627,0.00055884426088575708,0.0019034473061834145,0.0022322521037174692,0.0006184495232410607,-0.70710678118654713,-0.70710678118654791,0.7818314824680298,0.62348980185873359
2026-07-14 16:00:00,,0.50469803017545356,0.99936545284255895,0.5,,0.29999999999999999,0,0.98708300171230279,75.23490150877268,-6.3725811394646232,27.550947391655416,0.0057277195622762733,0.0006878311560985814,0.00046225192061183362,0.0032103475333363773,0.00060881096909809766,-0.86602540378443837,-0.50000000000000044,0.7818314824680298,0.62348980185873359
2026-07-14 17:00:00,,0.36097596727002779,0.99891884939812614,1,,0.14999999999999999,0,0.83438086693773694,68.04879836350139,-6.3359410190969569,29.938590678103903,0.0062923347707954432,0.00066628264937509637,-0.0007755117647536558,0.0015901874620415923,0.00064774490889407091,-0.96592582628906831,-0.25881904510252063,0.7818314824680298,0.62348980185873359
2026-07-14 18:00:00,,0.10964548405962915,0.98626610604865084,1,,-0.14999999999999999,0,-0.89235377102655566,55.482274202981458,-6.2708302576523067,30.342119666324578,0.0062966751695293097,0.00047022040469803819,-0.0017097403344416562,-0.0020230001785834784,0.00076076798301585565,-1,-1.8369701987210297e-16,0.7818314824680298,0.62348980185873359
2026-07-14 19:00:00,,0.15791193421315555,0.95890099914820071,1,,-0.14999999999999999,0,-0.89044663507404875,57.895596710657777,-6.2792016087529507,30.379214305251015,0.0062397082052691099,0.00036224461765181257,0.00049306350311972835,-0.0019921885960755836,0.00074949528647158222,-0.96592582628906842,0.2588190451025203,0.7818314824680298,0.62348980185873359
2026-07-14 20:00:00,,0.048475157503551428,0.77526867540455402,1,,-0.14999999999999999,0,-0.90050111813032963,52.423757875177571,-6.2631360591473912,29.760859833746533,0.0059471470530967352,0.00019688985472624248,-0.00088170907819962174,-0.0020983859095215496,0.00077960887719200197,-0.8660254037844386,0.50000000000000011,0.7818314824680298,0.62348980185873359
2026-07-14 21:00:00,,0.084028852839927309,0.52162232535023767,1,,-0.14999999999999999,0,-0.037546931439379497,54.201442641996366,-6.2853219038250394,29.186673538778088,0.005745566628097846,0.00010781327146054605,0.00033633669862520588,-5.2308876454687514e-05,0.0007775674077002188,-0.70710678118654768,0.70710678118654735,0.7818314824680298,0.62348980185873359
2026-07-14 22:00:00,,0.12919229568185372,0.41272393561157678,1,,-0.14999999999999999,0,-0.082862948312848822,56.459614784092686,-6.3166035975558374,29.051406471427516,0.0055597456537677357,7.9266483180672701e-05,0.00043333383819915694,-0.00011203854137525893,0.0007805737172652871,-0.50000000000000044,0.86602540378443837,0.7818314824680298,0.62348980185873359
2026-07-14 23:00:00,,0.15622904975671248,0.41241556327238132,1,,0.14999999999999999,0,0.66609919903175197,57.811452487835624,-6.3671403378631206,28.959694569021092,0.0053781921918697947,7.5296340526955245e-05,0.00026140373956184959,0.0010310742763862124,0.00078101702708838487,-0.25881904510252157,0.96592582628906809,0.7818314824680298,0.62348980185873359
2026-07-15 00:00:00,,0.088629708238937899,0.1330116600332043,1,,0.10000000000000001,0,0.16181797026904959,54.431485411946895,-6.3682667497928263,27.733394889926874,0.0051461009175132466,2.2949205252153137e-05,-0.00048551848725042479,0.00020921909051058174,0.00079338033415008293,0,1,0.97492791218182362,-0.22252093395631434
2026-07-15 01:00:00,,0.13868861424273235,0.13577755012261164,1,,0.10000000000000001,0,0.17828016301247529,56.934430712136617,-6.3980724998990688,26.905420558037669,0.0049507555577927419,2.2744205442934255e-05,0.00044817927921075862,0.00022406453152218342,0.00079687117967919101,0.25881904510252074,0.96592582628906831,0.97492791218182362,-0.22252093395631434
2026-07-15 02:00:00,,0.18451451503535041,0.32244371028892582,1,,0.10000000000000001,0,0.31530870987250065,59.22572575176752,-6.4421398721378891,26.275436143938858,0.0048360268199992831,5.3265263851478358e-05,0.00042558434491984931,0.00038824513688018314,0.00079897030088499506,0.49999999999999994,0.86602540378443871,0.97492791218182362,-0.22252093395631434
2026-07-15 03:00:00,,0.23883898939738074,0.61133422190395925,1,,0.10000000000000001,0,0.83739933466484973,61.941949469869037,-6.4690891446349204,26.163534250086784,0.004718599102958753,0.00011025792659632376,0.00052986064412485767,0.0014036242682554656,0.00080121062748167915,0.70710678118654746,0.70710678118654757,0.97492791218182362,-0.22252093395631434
2026-07-15 04:00:00,,0.22399784024630193,0.69433071244262434,1,,0.10000000000000001,0,0.65168057368933174,61.199892012315097,-6.5085819487270964,26.159004339118358,0.0045791669801741441,0.00012763486745616729,-8.9534198393081965e-05,0.00086591079065162502,0.00080272690487375234,0.8660254037844386,0.50000000000000011,0.97492791218182362,-0.22252093395631434
2026-07-15 05:00:00,,0.25675974780023497,0.7821276632182006,1,,0.10000000000000001,0,0.59650281318646237,62.837987390011747,-6.533353611350349,26.387029259190996,0.0042139751538738954,0.00015280296951109256,0.00030587542156468306,0.00074620186729645877,0.00078888415483439054,0.96592582628906831,0.25881904510252074,0.97492791218182362,-0.22252093395631434
2026-07-15 06:00:00,,0.21891221806563607,0.74358884060030839,1,,0.10000000000000001,0,0.0069881549016240054,60.945610903281803,-6.5494030232587912,26.401920455818022,0.0036758888982016992,0.00013715261005456045,-0.00020888040180971901,7.4608213618820862e-06,0.00079368469188886381,1,6.123233995736766e-17,0.97492791218182362,-0.22252093395631434
2026-07-15 07:00:00,,0.2035773996501932,0.65954340738124873,0.5,,0.29999999999999999,0,0.014764830849292041,60.17886998250966,-6.6043437379664631,26.415747995543118,0.0035319554037369191,0.00010727485171894968,-8.2072096652396898e-05,1.4922923102567154e-05,0.0007509672968620091,0.96592582628906831,-0.25881904510252063,0.97492791218182362,-0.22252093395631434
2026-07-15 08:00:00,,0.27338418728314778,0.73081679503189878,0.5,,0.29999999999999999,0,0.279041435118842,63.669209364157389,-6.5998435162479048,27.029149289209169,0.0035653750468223424,0.00012659909657019013,0.00058182036819043326,0.00029086786972831735,0.00075604194470755984,0.86602540378443871,-0.49999999999999978,0.97492791218182362,-0.22252093395631434
2026-07-15 09:00:00,,0.31327459799101859,0.8246100459739093,0.5,,0.29999999999999999,0,0.69704824358645145,65.66372989955093,-6.6189549702348236,27.93865357576561,0.0034584856498664131,0.00015631535087620371,0.00035787512031537627,0.00085762339185341263,0.00074286977487478788,0.70710678118654757,-0.70710678118654746,0.97492791218182362,-0.22252093395631434
2026-07-15 10:00:00,,0.13563152760738745,0.51836515183487519,0.5,,-0.29999999999999999,0,-0.007271569003716595,56.781576380369373,-6.5891598988269946,27.667022087946229,0.0033584146400675186,7.8950154242171601e-05,-0.0009471569222204157,-7.4614337146061693e-06,0.00076340471179727691,0.49999999999999994,-0.86602540378443871,0.97492791218182362,-0.22252093395631434
2026-07-15 11:00:00,,0.065939801103644557,-0.12128634846267716,1,,-0.14999999999999999,0,-0.75134359544458607,53.296990055182228,-6.5760119532053087,26.378663952309005,0.0032609757621600683,-1.6983588580130743e-05,-0.00042539377551559232,-0.0010146755774206317,0.00063561366083673011,0.25881904510252102,-0.9659258262890682,0.97492791218182362,-0.22252093395631434
2026-07-15 12:00:00,,-0.0049159045483875017,-0.72322734181110448,1,,-0.29999999999999999,0,-0.94937166657496463,49.50840954516125,-6.5932502687780978,24.94348531914153,0.0030292594421903211,-0.00012523161180870998,-0.00049278739461539045,-0.0018653380923513985,0.0006310815706692095,1.2246467991473532e-16,-1,0.97492791218182362,-0.22252093395631434
2026-07-15 13:00:00,,0.045198240648976908,-0.7354024623304416,1,,-0.29999999999999999,0,-0.19616126755160471,54.519824064897691,-6.5649482624002067,23.434890342745359,0.0029706901272061183,-0.0001324915802583805,0.00070923841968423273,-0.00020894275044675004,0.00063429205001277653,-0.25881904510252079,-0.96592582628906831,0.97492791218182362,-0.22252093395631434
2026-07-15 14:00:00,,0.092841277506638703,-0.44983040761019683,1,,0.29999999999999999,0,0.72597207083908455,59.28412775066387,-6.5393662661596563,22.689375480795722,0.0029662718009697089,-7.0028048038283503e-05,0.00077585310428435195,0.00099230412935319423,0.00051928341825024449,-0.49999999999999972,-0.86602540378443882,0.97492791218182362,-0.22252093395631434
2026-07-15 15:00:00,,0.16027890064421668,0.49472813168694074,0.5,,0.29999999999999999,0,0.98614887830203168,66.027890064421669,-6.4768891107969901,22.925513433964454,0.0035384244892449437,8.3437944560725325e-05,0.001363743276201812,0.0028488348001703967,0.00058598291823876419,-0.70710678118654713,-0.70710678118654791,0.97492791218182362,-0.22252093395631434
2026-07-15 16:00:00,,0.19743737923863761,0.91148977708959467,0.5,,0.29999999999999999,0,0.98775222842358068,69.743737923863762,-6.4234937290863776,24.041457926280707,0.0041635720061271751,0.00024933133506217374,0.00093789085657874915,0.0030774872370649131,0.00055867418281238903,-0.86602540378443837,-0.50000000000000044,0.97492791218182362,-0.22252093395631434
2026-07-15 17:00:00,,0.5516395261535425,0.99619107666720896,0.5,,0.14999999999999999,0,0.99886821052153685,77.581976307677124,-6.3050530634943334,26.122404737989037,0.0062596564080851956,0.00057201710187527392,0.0027787289228956014,0.0050803630556761625,0.00079748077520631747,-0.96592582628906831,-0.25881904510252063,0.97492791218182362,-0.22252093395631434
2026-07-15 18:00:00,,0.60262487548594179,0.99974755520116798,0.5,,0.14999999999999999,0,0.99840340869209165,80.13124377429709,-6.2741443019346601,28.414113291706339,0.0083492158073803363,0.0008458461478836614,0.0012753306836565392,0.0049919504631308897,0.00082341999602309509,-1,-1.8369701987210297e-16,0.97492791218182362,-0.22252093395631434
2026-07-15 19:00:00,,0.6737127926194808,0.9999816024124315,0.5,,0.14999999999999999,0,0.99960516052146353,83.685639630974038,-6.2157788917013308,31.097296153852259,0.011000210559178108,0.0011582859917788515,0.0022648892781071406,0.0063189488846592812,0.00092156273230556082,-0.96592582628906842,0.2588190451025203,0.97492791218182362,-0.22252093395631434
2026-07-15 20:00:00,,0.71277322470171556,0.99999838545328024,0.5,,0.14999999999999999,0,0.99791295284320314,85.638661235085777,-6.2036124446741407,33.877536071838776,0.013527584361711933,0.0014184718573658907,0.0015956625014256764,0.0051358824631893563,0.00092178451518334199,-0.8660254037844386,0.50000000000000011,0.97492791218182362,-0.22252093395631434
2026-07-15 21:00:00,,0.60545254280763061,0.99999822457303222,0.5,,0.14999999999999999,0,0.96487228789526891,80.27262714038153,-6.1959453175850987,36.574934370160705,0.014999289241632404,0.0014197116470545551,-0.00082706271929555708,0.0030334890602372599,0.00097574657660811899,-0.70710678118654768,0.70710678118654735,0.97492791218182362,-0.22252093395631434
2026-07-15 22:00:00,,0.59107344278006113,0.99999574543871361,0.5,,0.14999999999999999,0,0.41465637568717462,79.553672139003055,-6.2060806856103392,38.460939842713955,0.016082742621685828,0.001317251385046249,-0.00011081928710221511,0.00065778049502790426,0.00098641336348444762,-0.50000000000000044,0.86602540378443837,0.97492791218182362,-0.22252093395631434
2026-07-15 23:00:00,,0.60107760401803323,0.99999157848957676,0.5,,-0.14999999999999999,0,-0.42924509056944582,80.053880200901659,-6.2568201678795328,40.212230638656258,0.017025532465147417,0.0011866243319826985,0.00028810460612593847,-0.00064977740027183373,0.00098769763635424539,-0.25881904510252157,0.96592582628906809,0.97492791218182362,-0.22252093395631434
2026-07-16 00:00:00,,0.54271571073026226,0.99994575360942539,0.5,,-0.10000000000000001,0,-0.16969240004942465,77.135785536513112,-6.2831421019803324,41.311805984001268,0.017560206555077524,0.00098185922843080017,-0.00041371464622769194,-0.00023642932720396859,0.0010005029857234708,0,1,0.43388373911755823,-0.90096886790241903
2026-07-16 01:00:00,,0.55700052790115306,0.99973889693596241,0.5,,0.10000000000000001,0,0.15986985933047043,77.850026395057654,-6.3208497792983609,42.44672974722117,0.018008837693417934,0.00080421611751479733,0.00033984958289179357,0.00021423954279004009,0.0010002092261440626,0.25881904510252074,0.96592582628906831,0.43388373911755823,-0.90096886790241903
2026-07-16 02:00:00,,0.55957729368785636,0.99863018989198471,1,,-0.10000000000000001,0,-0.011622851106818835,77.978864684392818,-6.3650411216515961,43.538761868053605,0.018208389127318678,0.00062680120809943413,5.9092487146139572e-05,-1.4772576189758801e-05,0.00099214416526995238,0.49999999999999994,0.86602540378443871,0.43388373911755823,-0.90096886790241903
2026-07-16 03:00:00,,0.50535677036377136,0.98565708963430276,1,,0.10000000000000001,0,0.04659652872576138,75.267838518188569,-6.3679791191546524,43.788465993551625,0.018097896536596901,0.00042293956847583043,-0.00033982949751537594,5.9112572522557194e-05,0.0010017506761444688,0.70710678118654746,0.70710678118654757,0.43388373911755823,-0.90096886790241903
2026-07-16 04:00:00,,0.42202268482455368,0.82692999925450483,1,,-0.10000000000000001,0,-0.58006610419599158,71.101134241227683,-6.4008044531005739,43.848066731676525,0.017830415143828087,0.00019563183730930429,-0.00053213898952009231,-0.00081287599988932868,0.0010269443789324441,0.8660254037844386,0.50000000000000011,0.43388373911755823,-0.90096886790241903
2026-07-16 05:00:00,,0.42202268482455368,0.06923492485901743,0.5,,-0.10000000000000001,0,-0.62957494576129924,71.101134241227683,-6.4420970077279192,43.430779705844166,0.017477674450578372,1.1047230485414748e-05,0,-0.00087196848703546825,0.0010314279135748942,0.96592582628906831,0.25881904510252074,0.43388373911755823,-0.90096886790241903
2026-07-16 06:00:00,,0.45368733742828082,-0.54446625373918367,0.5,,-0.10000000000000001,0,-0.04465830040984882,72.684366871414042,-6.4589655895756586,43.421398101699154,0.016743474321762399,-9.5626816975242796e-05,0.00048041567966006227,-5.1723309860030042e-05,0.00098033321389619189,1,6.123233995736766e-17,0.43388373911755823,-0.90096886790241903
2026-07-16 07:00:00,,0.4432075124649944,-0.86308695829862347,-1,,0.29999999999999999,0,0.36534359768749403,72.16037562324972,-6.5102552626871999,43.412686612135928,0.015572115033252079,-0.00019424494709478247,-5.9115630189898738e-05,0.00042130004947016353,0.00096571645364855875,0.96592582628906831,-0.25881904510252063,0.43388373911755823,-0.90096886790241903
2026-07-16 08:00:00,,0.40237892553288135,-0.96410649912001556,-1,,0.29999999999999999,0,0.18039002274839461,70.118946276644067,-6.5154575464343267,43.622452722195831,0.013762876832954825,-0.00029624122146779293,-0.00022171474272142389,0.00019958530674873964,0.00095279639658085377,0.86602540378443871,-0.49999999999999978,0.43388373911755823,-0.90096886790241903
2026-07-16 09:00:00,,0.45996412883220811,-0.97009586460700714,-1,,0.29999999999999999,0,0.42618946579106937,72.998206441610407,-6.5212827635342361,43.845667327978255,0.011822268978194161,-0.00030817899814883495,0.00077578663109978407,0.00049495625818846145,0.00095361444175984364,0.70710678118654757,-0.70710678118654746,0.43388373911755823,-0.90096886790241903
2026-07-16 10:00:00,,0.37311466076636096,-0.98791425363260377,-1,,0.29999999999999999,0,0.075668083864562322,68.655733038318047,-6.5355446763197289,44.079346131588707,0.0095473035407986438,-0.00037019350479683541,-0.00047278879780265903,8.1283090575701156e-05,0.00097668364300626314,0.49999999999999994,-0.86602540378443871,0.43388373911755823,-0.90096886790241903
2026-07-16 11:00:00,,0.22149886807023236,-0.99781528001240094,-1,,-0.14999999999999999,0,-0.51420676250698072,61.074943403511618,-6.5292111793788505,43.093665150571979,0.0072561967903849254,-0.00049779108513874504,-0.00091666488273972613,-0.00061366704944260109,0.00099838593571016676,0.25881904510252102,-0.9659258262890682,0.43388373911755823,-0.90096886790241903
2026-07-16 12:00:00,,0.076917859504949601,-0.9997824541591801,-1,,-0.29999999999999999,0,-0.97748029091613686,53.84589297524748,-6.5253130040474785,41.112459798456136,0.0047410566164145579,-0.00066888224914517886,-0.0010359551322003391,-0.0024254088127427242,0.0010336395737119365,1.2246467991473532e-16,-1,0.43388373911755823,-0.90096886790241903
2026-07-16 13:00:00,,0.044581142406254201,-0.99997220137474851,-1,,-0.29999999999999999,0,-0.97112796758263598,52.22905712031271,-6.563346086984982,39.016858967109428,0.0037605335054802119,-0.00078909422565640042,-0.00025175115272096926,-0.0022043711676610345,0.00084840704935328396,-0.25881904510252079,-0.96592582628906831,0.43388373911755823,-0.90096886790241903
2026-07-16 14:00:00,,0.071943604685551318,-0.99998414699683713,-1,,-0.29999999999999999,0,-0.76759218135895391,53.597180234277566,-6.564417512892911,36.383212896758302,0.0033652666808300503,-0.0008278344158503927,0.00022954036494043928,-0.0010581659199808691,0.0008028265566583561,-0.49999999999999972,-0.86602540378443882,0.43388373911755823,-0.90096886790241903
2026-07-16 15:00:00,,-0.016152117690846523,-0.99999168392624904,-1,,-0.29999999999999999,0,-0.57047897012657822,49.192394115457674,-6.5468202942846512,34.424189853376866,0.0039310162572653365,-0.00088881141509849831,-0.00066655313044600151,-0.00068876391822653149,0.00062326293699739663,-0.70710678118654713,-0.70710678118654791,0.43388373911755823,-0.90096886790241903
2026-07-16 16:00:00,,0.077306576223173384,-0.99997467989683197,-1,,0.29999999999999999,0,0.28856518082601323,53.865328811158669,-6.5147140587342189,32.745009283564663,0.0038943840992716888,-0.00083533562823174656,0.00076279631483705534,0.00032578354933149312,0.00052357604385014421,-0.86602540378443837,-0.50000000000000044,0.43388373911755823,-0.90096886790241903
2026-07-16 17:00:00,,-0.095006784644605491,-0.99998056926791412,-1,,-0.14999999999999999,0,-0.82812835670056328,45.249660767769726,-6.4599044663160914,30.485948113174572,0.0045175388828399173,-0.00090311361068252331,-0.0014668625113186673,-0.0013706193269276135,0.0005835169297913848,-0.96592582628906831,-0.25881904510252063,0.43388373911755823,-0.90096886790241903
2026-07-16 18:00:00,,-0.13489493161722479,-0.99999146751738099,-1,,-0.14999999999999999,0,-0.74624448172125379,43.255253419138761,-6.4794907449551307,28.716007294823861,0.0051458264683105449,-0.00094874408169243825,-0.00039301035309519117,-0.0010970765495768031,0.00058522597521090973,-1,-1.8369701987210297e-16,0.43388373911755823,-0.90096886790241903
2026-07-16 19:00:00,,-0.24803450716037134,-0.99999721383856632,-1,,-0.14999999999999999,0,-0.99086486390655126,37.598274641981433,-6.4653754235765355,27.95915283770773,0.0060915451879639398,-0.0010493288306255672,-0.0012467904187346557,-0.0031066632831485141,0.00061867552634527114,-0.96592582628906842,0.2588190451025203,0.43388373911755823,-0.90096886790241903
2026-07-16 20:00:00,,-0.21245859443711979,-0.9999976943285962,-1,,-0.14999999999999999,0,-0.83798435865100029,39.377070278144011,-6.4814008844273214,27.552879032958685,0.0067160900519558538,-0.0010471435473600051,0.0002598762261293297,-0.0013799245457005171,0.00062860735044915374,-0.8660254037844386,0.50000000000000011,0.43388373911755823,-0.90096886790241903
2026-07-16 21:00:00,,-0.20716461078159512,-0.9999974075612561,-1,,-0.14999999999999999,0,-0.70128992319755523,39.641769460920244,-6.5214426330944599,27.175624785691717,0.0070841715398817021,-0.00099741720224403316,3.7119662660844988e-05,-0.00094979452994448099,0.00061759031815332086,-0.70710678118654768,0.70710678118654735,0.43388373911755823,-0.90096886790241903
2026-07-16 22:00:00,,-0.15710792867891668,-0.99999207832155645,-1,,0.14999999999999999,0,0.53676429319963981,42.144603566054165,-6.5470842935229365,26.458575620729164,0.0071863316840271802,-0.00089206122003758124,0.00034143626236315949,0.00063843215115333418,0.00062816231589078644,-0.50000000000000044,0.86602540378443837,0.43388373911755823,-0.90096886790241903
2026-07-16 23:00:00,,-0.11074147700518282,-0.99996523019541428,-1,,0.14999999999999999,0,0.59168280012141439,44.462926149740859,-6.584337822811654,25.388732268911255,0.0071795917286562134,-0.00075724193565632463,0.00031906329224923313,0.00069761921727323761,0.00063959393393231586,-0.25881904510252157,0.96592582628906809,0.43388373911755823,-0.90096886790241903
2026-07-17 00:00:00,,-0.091451257051770374,-0.99991000657358509,-1,,0.10000000000000001,0,0.0072223456135312395,40.854874294822963,-6.5823673511861145,24.937674039821172,0.0073505550456830016,-0.00069289830599184249,-0.00065307578742179739,7.4237671905952318e-06,0.00064343095883133265,0,1,-0.43388373911755801,-0.90096886790241915
2026-07-17 01:00:00,,-0.069943642178683596,-0.99972357204367923,-1,,-0.10000000000000001,0,-0.05230438695667932,43.005635782131641,-6.6172532842938621,24.453082546639507,0.0073629716846798955,-0.00059411093894512663,0.00028206232279764931,-5.1950172374914949e-05,0.00065129419376060724,0.25881904510252074,0.96592582628906831,-0.43388373911755801,-0.90096886790241915
2026-07-17 02:00:00,,-0.049555011814032428,-0.99889177664081619,0.5,,-0.10000000000000001,0,-0.10916889046487194,45.044498818596757,-6.6630022761128087,23.943306771803616,0.0071152686080955896,-0.00047883575588194698,0.00026714356899415481,-0.00010386989562999327,0.00064132657928662963,0.49999999999999994,0.86602540378443871,-0.43388373911755801,-0.90096886790241915
2026-07-17 03:00:00,,-0.053378571421202142,-0.99586095606806457,0.5,,0.10000000000000001,0,0.48373585474359471,44.662142857879786,-6.6843274718506267,23.735359034624214,0.0067878281387151462,-0.00038625765327530921,-5.9359070454290119e-05,0.000489846821337514,0.00064132365761381145,0.70710678118654746,0.70710678118654757,-0.43388373911755801,-0.90096886790241915
2026-07-17 04:00:00,,-0.10163030890253331,-0.99432438107152321,0.5,,-0.10000000000000001,0,-0.54453559439352706,39.836969109746668,-6.66287149338915,23.94001434748154,0.0065590849583231931,-0.00037441968931725082,-0.00078684050497995761,-0.00057905600644009292,0.00065439272891127645,0.8660254037844386,0.50000000000000011,-0.43388373911755801,-0.90096886790241915
2026-07-17 05:00:00,,-0.11309648628526162,-0.99438164797083184,0.5,,-0.10000000000000001,0,-0.81504914072098589,38.690351371473838,-6.6968493329415342,24.197809191449807,0.0058625636333121556,-0.00036253931307476744,-0.00020052061159131496,-0.0010467201870255627,0.00061003300606392015,0.96592582628906831,0.25881904510252074,-0.43388373911755801,-0.90096886790241915
2026-07-17 06:00:00,,-0.099335384688226391,-0.99054273719283681,0.5,,-0.10000000000000001,0,-0.73669772221534258,40.06646153117736,-6.7270808662206028,24.494177076659376,0.0050815746251404925,-0.00032043454016464747,0.00014853764713967932,-0.00083882346943159325,0.00061563048041210825,1,6.123233995736766e-17,-0.43388373911755801,-0.90096886790241915
2026-07-17 07:00:00,,-0.25952598391436099,-0.99093036994620021,0.5,,-0.29999999999999999,0,-0.5633604772299261,37.023700804281951,-6.7456166469310235,25.122542089287514,0.004631731291708698,-0.00031702211176372374,-0.00050511804493930113,-0.00055710100939093676,0.00059887694128529692,0.96592582628906831,-0.25881904510252063,-0.43388373911755801,-0.90096886790241915
2026-07-17 08:00:00,,-0.20033586366515777,-0.98070251226859717,0.5,,-0.29999999999999999,0,-0.060463695319112602,39.983206816742111,-6.7625236988454445,25.607992721610739,0.0043864552061804703,-0.00026775636936010616,0.0003045870083759894,-5.1993389423632408e-05,0.00057871150569331349,0.86602540378443871,-0.49999999999999978,-0.43388373911755801,-0.90096886790241915
2026-07-17 09:00:00,,-0.024995819823250897,-0.83587117019243884,-1,,0.29999999999999999,0,0.63330371491863646,47.50041801767491,-6.7324826071936457,24.860209302027314,0.0040314024610878085,-0.00014385973089994244,0.00086125615070770101,0.00066072511414438928,0.00062173314169250708,0.70710678118654757,-0.70710678118654746,-0.43388373911755801,-0.90096886790241915
2026-07-17 10:00:00,,-0.10416456724480738,-0.85732296635649252,-1,,-0.29999999999999999,0,-0.11743042225942084,39.583543275519261,-6.6675903290109177,23.617267125861428,0.0036605711412394464,-0.00016314774551837283,-0.0012773006140308629,-0.00011145745494717252,0.00066820977900261427,0.49999999999999994,-0.86602540378443871,-0.43388373911755801,-0.90096886790241915
2026-07-17 11:00:00,,-0.1546230273719594,-0.95499398723900908,-1,,-0.14999999999999999,0,-0.90074313612973866,34.537697262804059,-6.624244473735768,23.714198046165507,0.0038122365596282965,-0.00025037651800550271,-0.0010408690708740287,-0.0014569135341971906,0.00068741543120389781,0.25881904510252102,-0.9659258262890682,-0.43388373911755801,-0.90096886790241915
2026-07-17 12:00:00,,-0.15563604014481144,-0.97626797528720344,0.5,,-0.29999999999999999,0,-0.98435935201417302,34.436395985518857,-6.6447768100781213,24.211784176179883,0.0033615694043089904,-0.00028761570673994615,-2.2316198213412353e-05,-0.002340485883118304,0.00065084693960031374,1.2246467991473532e-16,-1,-0.43388373911755801,-0.90096886790241915
2026-07-17 13:00:00,,-0.38334174475883487,-0.99100194135402309,0.5,,-0.29999999999999999,0,-0.95671782675270634,30.832912762058257,-6.620409875159317,25.22323556877695,0.0038306953052909313,-0.00035983779557823025,-0.00082604963227250749,-0.0018892349013599485,0.00060123333042566823,-0.25881904510252079,-0.96592582628906831,-0.43388373911755801,-0.90096886790241915
2026-07-17 14:00:00,,-0.29400860601426243,-0.9848148544466554,0.5,,-0.29999999999999999,0,-0.32248242009552591,35.299569699286877,-6.5889120795092673,25.783834730112257,0.0040060806944333871,-0.00033514672587421363,0.00050612938640443028,-0.00034223644408148957,0.0006201099524963564,-0.49999999999999972,-0.86602540378443882,-0.43388373911755801,-0.90096886790241915
2026-07-17 15:00:00,,-0.34305538572349831,-0.98644154840872178,0.5,,-0.29999999999999999,0,-0.69116056888400457,32.847230713825084,-6.5970214985802764,26.304391094209329,0.0044971038934191639,-0.00034022575139128534,-0.00054335489481621702,-0.00086327514068429423,0.0005737090981938627,-0.70710678118654713,-0.70710678118654791,-0.43388373911755801,-0.90096886790241915
2026-07-17 16:00:00,,-0.12030822860010915,-0.87195154379475981,0.5,,0.29999999999999999,0,0.8659307059040332,43.984588569994543,-6.5462153300549533,25.538450382416386,0.0045119155780529241,-0.00019252923923887251,0.0014433345014815968,0.0014061089930698101,0.00066907561671337339,-0.86602540378443837,-0.50000000000000044,-0.43388373911755801,-0.90096886790241915
2026-07-17 17:00:00,,-0.083905288562124411,-0.68730060126060699,0.5,,0.14999999999999999,0,0.39291480077031476,41.609471143787559,-6.5564950281844769,24.478122069660781,0.0045750461250502186,-0.00011975288134548931,-0.0004610453913921897,0.0004389342152731901,0.00067412356039973887,-0.96592582628906831,-0.25881904510252063,-0.43388373911755801,-0.90096886790241915
2026-07-17 18:00:00,,-0.083358130501944599,-0.38433396679647902,0.5,,0.14999999999999999,0,0.73560104633065393,41.66418694980554,-6.5615781578348145,23.552782000599219,0.0045398953589607643,-5.7272012389846449e-05,7.4379028089932575e-06,0.00098972701289840037,0.000666837440843403,-1,-1.8369701987210297e-16,-0.43388373911755801,-0.90096886790241915
2026-07-17 19:00:00,,-0.026027433063046033,0.4160438104050479,0.5,,0.14999999999999999,0,0.3147266085312263,47.397256693695397,-6.5412543307663586,23.043307879206797,0.004301745850427841,6.3895927947102632e-05,0.00080296805081608857,0.00034936056223289214,0.00069161271941279006,-0.96592582628906842,0.2588190451025203,-0.43388373911755801,-0.90096886790241915
2026-07-17 20:00:00,,-0.037803834032051287,0.72772032344789517,0.5,,0.14999999999999999,0,0.53032906545063963,46.219616596794872,-6.5674734209091641,22.102463853832191,0.0042036809500443743,0.00012983466275519068,-0.00019324820562283129,0.00061715774800225054,0.00067936036520917231,-0.8660254037844386,0.50000000000000011,-0.43388373911755801,-0.90096886790241915
2026-07-17 21:00:00,,-0.030703705896376974,0.87598962185325535,1,,0.14999999999999999,0,0.6093226890474005,46.929629410362303,-6.6135161431759233,21.228822973127201,0.004013008094597266,0.00018229315349725748,9.6628770920037521e-05,0.0007063486161132948,0.00067563497583940488,-0.70710678118654768,0.70710678118654735,-0.43388373911755801,-0.90096886790241915
2026-07-17 22:00:00,,-0.0089936666256571832,0.94965619782953636,0.5,,0.14999999999999999,0,0.19572711823898709,49.100633337434282,-6.6367818863414341,20.026064095622676,0.0037067367628162953,0.00023972963726820516,0.0002898303026719895,0.00019321086796919573,0.00067625645524733297,-0.50000000000000044,0.86602540378443837,-0.43388373911755801,-0.90096886790241915
2026-07-17 23:00:00,,0.052246282601576578,0.96218471497664526,0.5,,0.14999999999999999,0,0.15579371976912712,47.387685869921171,-6.6661476789685521,18.909216566511333,0.0033573728672021898,0.00025141838159519262,-0.00023780329320988169,0.00014865578038214533,0.00067724669573839815,-0.25881904510252157,0.96592582628906809,-0.43388373911755801,-0.90096886790241915
2026-07-20 00:00:00,,0.20526892531633223,0.80659034361278525,0.5,,-0.10000000000000001,0,-0.82653861068858892,39.736553734183389,-6.6197431947786409,19.524189131523098,0.0033413899711888287,0.00014900823623950339,-0.0012196302462994524,-0.0011676032368373446,0.00070721492097596439,0,1,0,1
2026-07-20 01:00:00,,0.13771911724003005,0.72921780489710486,0.5,,-0.10000000000000001,0,-0.79207612675742078,43.114044137998498,-6.6454429674575355,19.79271837516271,0.0032612506890749857,0.0001205108668252497,0.00041662637401174152,-0.0010408071654975926,0.00071615816165221521,0.25881904510252074,0.96592582628906831,0,1
2026-07-20 02:00:00,,-0.061596121815139286,0.7163538794112142,-1,,-0.10000000000000001,0,-0.6499001079413258,43.840387818486072,-6.6938472718560771,20.04206695854235,0.0031014168127739485,0.00011148003191477514,8.9254501833113675e-05,-0.00071374937045459719,0.00071531746541913697,0.49999999999999994,0.86602540378443871,0,1
2026-07-20 03:00:00,,0.055463680794081399,0.82787946549814129,-1,,0.10000000000000001,0,0.77179671583966036,47.22681596029593,-6.7170987156312352,19.476652816818415,0.0030357204868786836,0.00014294954152760516,0.00041641570786354887,0.00092229658370840406,0.00071586271940144374,0.70710678118654746,0.70710678118654757,0,1
2026-07-20 04:00:00,,0.019980105175861809,0.91486336857098127,-1,,0.10000000000000001,0,0.68670230667430165,49.00099474120691,-6.7556125630407484,18.660449676950964,0.0029051549252455235,0.0001812357952570853,0.00022300853471762805,0.00072867874441429059,0.0007140900048331248,0.8660254037844386,0.50000000000000011,0,1
2026-07-20 05:00:00,,-0.038064702562869854,0.96567677949877251,-1,,0.10000000000000001,0,0.82605317545610779,51.903235128143493,-6.762033300496797,17.778728804209173,0.0024217144989436539,0.00023413808317709428,0.00037157040943536224,0.0010109946520165392,0.00068977999335423097,0.96592582628906831,0.25881904510252074,0,1
2026-07-20 06:00:00,,-0.059956819502899633,0.98575014911760894,-1,,0.10000000000000001,0,0.71376003481183203,52.997840975144982,-6.8066587170827653,16.959987993806081,0.0024929912737171821,0.00027311106898217548,0.00014116056294494195,0.00073573950709793223,0.0006279572809498548,1,6.123233995736766e-17,0,1
2026-07-20 07:00:00,,-0.1179825145893605,0.99477743997406509,-1,,0.29999999999999999,0,0.80437739830108279,55.899125729468025,-6.8305968284810685,16.799346578849267,0.0027306502607062121,0.0003211095868120643,0.00037880617089985913,0.00089153714328016331,0.00058104579079198352,0.96592582628906831,-0.25881904510252063,0,1
2026-07-20 08:00:00,,-0.12255724849156081,0.99725327572153144,-1,,0.29999999999999999,0,0.61308787706384582,56.127862424578041,-6.8717835261020843,16.650179550675084,0.0029171466561868599,0.00034152279594666386,2.9704220229298528e-05,0.0005496709540740996,0.00058066119479947809,0.86602540378443871,-0.49999999999999978,0,1
2026-07-20 09:00:00,,-0.014853620548635007,0.99257792373448372,-1,,-0.29999999999999999,0,-0.19861008053185722,50.74268102743175,-6.8653702549689086,15.810862434197702,0.0026848091785871501,0.00029174344326391214,-0.00056453111991394689,-0.00015602072878478923,0.00056166156362577504,0.70710678118654757,-0.70710678118654746,0,1
2026-07-20 10:00:00,,-0.20244038173396858,0.99645513823055243,-1,,0.29999999999999999,0,0.71208006089245202,60.12201908669843,-6.7828327590154878,16.161616769692944,0.0029736391943466826,0.00035881930919965657,0.0012845884586790701,0.00074976155899442176,0.00061568720045166445,0.49999999999999994,-0.86602540378443871,0,1
2026-07-20 11:00:00,,-0.11888650859974291,0.99554028687457818,0.5,,0.14999999999999999,0,0.29264874188513701,55.944325429987146,-6.78744916983403,16.487317224081384,0.0027528748289469235,0.00034419402617656518,-0.00046760708497411985,0.00025245025379100339,0.00061149013947935115,0.25881904510252102,-0.9659258262890682,0,1
2026-07-20 12:00:00,,-0.034130299963239422,0.9840668303301654,1,,0.29999999999999999,0,0.34546275904196661,51.706514998161971,-6.778486298817529,15.686123205847307,0.00277701057814245,0.00027451317966525754,-0.00051239210255005219,0.00030458927115489809,0.00054528884628584327,1.2246467991473532e-16,-1,0,1
2026-07-20 13:00:00,,-0.093101816738748511,0.97443439306150759,1,,-0.29999999999999999,0,-0.58023413100250809,54.655090836937426,-6.757861584524437,15.299478749670623,0.0027776142772267622,0.00025248558974886204,0.00040844971623626991,-0.00057154947128790212,0.00053745938628809516,-0.25881904510252079,-0.96592582628906831,0,1
2026-07-20 14:00:00,,-0.022222552354337212,0.917213578338962,0.5,,-0.29999999999999999,0,-0.53648488740779177,51.111127617716861,-6.7241108108144187,15.383419985029452,0.0026657752508578449,0.00018879143468549046,-0.00043073359051154503,-0.0005346759768253273,0.00054970987799315518,-0.49999999999999972,-0.86602540378443882,0,1
2026-07-20 15:00:00,,0.067585311920262972,0.61175611244149886,0.5,,-0.29999999999999999,0,-0.5865749907450486,46.620734403986852,-6.6972251680268018,14.510066819749206,0.00267056121504849,8.7850256753852575e-05,-0.00059441990084746488,-0.00061670377512273999,0.00053984717091216093,-0.70710678118654713,-0.70710678118654791,0,1
2026-07-20 16:00:00,,0.088076891119529821,0.06084857521479705,-1,,-0.29999999999999999,0,-0.85142501515555413,45.596155444023509,-6.6888309673197321,13.990375114005172,0.0026730948555139856,7.5834162506987568e-06,-0.00014122666531579675,-0.0011663801566748067,0.00053901058550312399,-0.86602540378443837,-0.50000000000000044,0,1
2026-07-20 17:00:00,,0.21684773572663729,-0.74736209217648186,-1,,-0.14999999999999999,0,-0.94135848951857382,39.157613213668135,-6.6300379511572167,14.454851572221731,0.0029226864763632807,-0.000127648673920461,-0.00098170467500507952,-0.0017173512411683411,0.00058101444405856588,-0.96592582628906831,-0.25881904510252063,0,1
2026-07-20 18:00:00,,0.36999139265066133,-0.98407644477255374,-1,,-0.14999999999999999,0,-0.98825716241574024,31.500430367466933,-6.5635847499747344,16.098389399862953,0.0038528405596570132,-0.00034036784536982021,-0.0015712443240475937,-0.00269417566436847,0.0006657314510841334,-1,-1.8369701987210297e-16,0,1
2026-07-20 19:00:00,,0.34318000769594703,-0.99649298334753345,-1,,-0.14999999999999999,0,-0.98073708429795536,32.840999615202648,-6.5753397490825121,17.704799910645491,0.004465522100232917,-0.00044230875713332211,0.00014903907086821766,-0.0024039099281844556,0.00066860106301226544,-0.96592582628906842,0.2588190451025203,0,1
2026-07-20 20:00:00,,0.20707499271900487,-0.99465167194449777,-1,0,-0.14999999999999999,0,-0.53865868973961639,39.646250364049756,-6.5750494379201427,18.244190182828611,0.0046005597121147705,-0.00041294261216459497,0.00079698193877897339,-0.00062522331440040269,0.00064714420815960327,-0.8660254037844386,0.50000000000000011,0,1
2026-07-20 21:00:00,,0.14962460743465414,-0.98653063305086774,-1,0,0.14999999999999999,0,0.86088007350684326,42.518769628267293,-6.6022904471486052,18.063897650274185,0.0047005070740908537,-0.00033888823499237281,0.00036476110413408147,0.0013107821137812725,0.00064537056372001092,-0.70710678118654768,0.70710678118654735,0,1
2026-07-20 22:00:00,,0.15404908974117107,-0.96977095996788432,-1,0,0.14999999999999999,0,0.8175112775388067,42.297545512941447,-6.6347704275900874,17.896483155759363,0.0048111344403798835,-0.0002743953360741882,-3.7214425804399376e-05,0.0011245286171086555,0.00064475465930886313,-0.50000000000000044,0.86602540378443837,0,1
2026-07-20 23:00:00,,0.19637605982525044,-0.95824606666181789,-1,0,-0.14999999999999999,0,-0.023511318579085647,40.181197008737477,-6.6642241490350589,17.939298660710897,0.005007963881810705,-0.00024545422714793044,-0.00034988331376323289,-2.23366354335508e-05,0.00063914720153407628,-0.25881904510252157,0.96592582628906809,0,1
2026-07-21 00:00:00,,0.28418584316367002,-0.97525821696988735,-1,0,-0.10000000000000001,0.53333333333333333,-0.84893904704380807,35.790707841816499,-6.6690366004401413,18.661003914314048,0.005391972694918346,-0.00027804459064525349,-0.00079699974796881845,-0.0011840974875364507,0.00065461250031519146,0,1,0.7818314824680298,0.62348980185873359
2026-07-21 01:00:00,,0.19974367274825994,-0.95927171947469392,-1,0,-0.10000000000000001,0.53333333333333333,-0.62501568053931833,40.012816362587003,-6.7027712124135013,19.331158792659831,0.0055486648467376002,-0.00023773132329469346,0.00047678646829668603,-0.00067009659343536532,0.00065922942025490412,0.25881904510252074,0.96592582628906831,0.7818314824680298,0.62348980185873359
2026-07-21 02:00:00,,0.14163749930016734,-0.88444450809393216,0.5,0,0.10000000000000001,0.53333333333333333,0.025406612996744581,42.918125034991633,-6.741782617198357,19.420526453185623,0.0055760650060034164,-0.00016478210230901817,0.00034254991510568322,2.23366354335508e-05,0.0006649559100497909,0.49999999999999994,0.86602540378443871,0.7818314824680298,0.62348980185873359
2026-07-21 03:00:00,,0.13520168225006188,-0.70258328899220013,0.5,0,0.10000000000000001,0.53333333333333333,0.75880667848769467,43.239915887496906,-6.7613674632109628,19.079037572609735,0.0054866405866675228,-0.00010099108697727058,3.7226617035535092e-05,0.00085656300043790434,0.00065604536224403442,0.70710678118654746,0.70710678118654757,0.7818314824680298,0.62348980185873359
2026-07-21 04:00:00,,0.086394963519949783,-0.22385266788576519,0.5,0,0.10000000000000001,0.53333333333333333,0.6537136553821814,45.680251824002511,-6.7893765032137221,18.539421472507883,0.0053097132996636522,-2.5632456421500788e-05,0.00027543390318807148,0.0006552104353292898,0.00066143112838255001,0.8660254037844386,0.50000000000000011,0.7818314824680298,0.62348980185873359
2026-07-21 05:00:00,,0.13407353489998655,0.012644620249748269,0.5,0,-0.10000000000000001,0.53333333333333333,-0.018163641899212088,43.296323255000672,-6.8115548919645263,17.900888534845457,0.0052532535270845698,1.3922211775498159e-06,-0.00032755155507629974,-1.4891034852693164e-05,0.00065505770223246208,0.96592582628906831,0.25881904510252074,0.7818314824680298,0.62348980185873359
2026-07-21 06:00:00,,0.057108879001049641,0.50545543669735282,0.5,0,0.10000000000000001,0.53333333333333333,0.42604583476062879,47.144556049947518,-6.8135667909619846,17.464089733323796,0.0047051565533587246,6.1158102493662388e-05,0.00042430762194317628,0.00037218997005494803,0.00058342250245409276,1,6.123233995736766e-17,0.7818314824680298,0.62348980185873359
2026-07-21 07:00:00,,0.0067643392423005367,0.83281402675584604,0.5,0,0.29999999999999999,0.53333333333333333,0.45534913322610127,49.661783037884973,-6.8512420351108743,16.905545760798717,0.0042370638361670732,0.00012668593856626569,0.00029021204285994973,0.00038696810972682627,0.00058609142449840643,0.96592582628906831,-0.25881904510252063,0.7818314824680298,0.62348980185873359
2026-07-21 08:00:00,,-0.015251090167052013,0.93754197159910813,0.5,0,0.29999999999999999,0.53333333333333333,0.79682149525119805,50.762554508352601,-6.8715729564884525,15.732943239447003,0.0039041065797454032,0.00017806154988664173,0.00012647633235496336,0.00084099599715808937,0.00058032315594703273,0.86602540378443871,-0.49999999999999978,0.7818314824680298,0.62348980185873359
2026-07-21 09:00:00,,-0.08496739463063506,0.97816424142594038,0.5,0,0.29999999999999999,0.53333333333333333,0.77578273902115469,54.248369731531753,-6.8374976541521217,15.297053963416719,0.0033662492313201713,0.00024171850042700044,0.00040907857482236354,0.00082576695003727663,0.00058035085563019114,0.70710678118654757,-0.70710678118654746,0.7818314824680298,0.62348980185873359
2026-07-21 10:00:00,,0.0097490129624181066,0.96608189429435654,0.5,0.5,0.29999999999999999,0.53333333333333333,0.026465187448278873,49.512549351879095,-6.7826216250789226,15.185902296804967,0.00286947393770277,0.00023005132543467161,-0.00051323439201872434,2.2320515158602561e-05,0.0005832839581885053,0.49999999999999994,-0.86602540378443871,0.7818314824680298,0.62348980185873359
2026-07-21 11:00:00,,0.14085659468790254,0.83247406862742734,0.5,-0.5,-0.14999999999999999,0.53333333333333333,-0.78100724007455913,42.957170265604873,-6.7234773711554281,14.232892971837739,0.0025590367595855748,0.00014381813147495775,-0.00083363731186381074,-0.00093779312906017154,0.0005966648561599254,0.25881904510252102,-0.9659258262890682,0.7818314824680298,0.62348980185873359
2026-07-21 12:00:00,,0.16735673455190095,0.53405653017018229,1,-0.5,-0.29999999999999999,0.53333333333333333,-0.94015556838898551,41.632163272404952,-6.7385823503550357,13.622889776728533,0.0022437953842740508,7.0562464839472666e-05,-0.00018617466961234896,-0.001533046373494884,0.00059694068554377714,1.2246467991473532e-16,-1,0.7818314824680298,0.62348980185873359
2026-07-21 13:00:00,,0.26844638196243709,-0.31976399968629887,1,-0.5,-0.29999999999999999,0.53333333333333333,-0.95905090431971762,36.577680901878146,-6.687689371690869,14.061763797627899,0.002413948755884421,-4.1295736537813165e-05,-0.00077485885055289527,-0.001794670832029055,0.00058238837518976281,-0.25881904510252079,-0.96592582628906831,0.7818314824680298,0.62348980185873359
2026-07-21 14:00:00,,0.35732245609526414,-0.8745956733881588,1,-0.5,-0.29999999999999999,0.53333333333333333,-0.9512286577616389,32.133877195236792,-6.6486895715869103,15.35598042666966,0.0028243146241430819,-0.00017522040557510455,-0.00082021613564081663,-0.0017812496558060609,0.00049987431281997314,-0.49999999999999972,-0.86602540378443882,0.7818314824680298,0.62348980185873359
2026-07-21 15:00:00,,0.4627575041778158,-0.98771165072694178,1,0,-0.29999999999999999,0.53333333333333333,-0.99183705531629107,26.86212479110921,-6.5864823450584895,17.561767921341502,0.0038681331970102217,-0.00035065570894423595,-0.0012315869993400619,-0.0028266619855337738,0.0005627080160361805,-0.70710678118654713,-0.70710678118654791,0.7818314824680298,0.62348980185873359
2026-07-21 16:00:00,,-0.2523292533791644,-0.99656245799954402,1,0,-0.29999999999999999,0.53333333333333333,-0.98056597557705427,24.767074662083559,-6.4817658455519664,20.394521596768641,0.0049604048697708984,-0.00048723005904822221,-0.00059020632785788951,-0.002642009462838768,0.00052866468486819046,-0.86602540378443837,-0.50000000000000044,0.7818314824680298,0.62348980185873359
2026-07-21 17:00:00,,-0.27569972762180184,-0.99860068065715613,1,0,-0.14999999999999999,0.53333333333333333,-0.96796535490471891,22.430027237819814,-6.4003199778069462,22.565941426828182,0.0060722730418550095,-0.00060330252366048109,-0.00073263910336590632,-0.0025544324305638577,0.0005254612505105605,-0.96592582628906831,-0.25881904510252063,0.7818314824680298,0.62348980185873359
2026-07-21 18:00:00,,-0.26459996404183994,-0.99904432057442338,0.5,0,-0.14999999999999999,0.53333333333333333,-0.75859336269722299,23.540003595816003,-6.4120432614943024,24.582259840454899,0.0068390041072818007,-0.00062758926127557801,0.0001046955976457542,-0.0012181498335780416,0.00052929641925516103,-1,-1.8369701987210297e-16,0.7818314824680298,0.62348980185873359
2026-07-21 19:00:00,,-0.3803056282363616,-0.99727047066538099,0.5,0,0.14999999999999999,0.53333333333333333,0.085598112617141203,30.98471858818192,-6.4182262256154532,26.154442001336438,0.0072188431769075433,-0.00053803609199477224,0.00073256243137925781,0.00010461892565910569,0.00057050810010926339,-0.96592582628906842,0.2588190451025203,0.7818314824680298,0.62348980185873359
2026-07-21 20:00:00,,-0.34856132550734914,-0.99164355396143156,0.5,0,0.14999999999999999,0.53333333333333333,0.69349874686540147,32.571933724632544,-6.458040017041208,27.241397852024882,0.0075299394756305829,-0.00042909993104461343,0.00016437905847804801,0.00100163708750306,0.00055604954867103436,-0.8660254037844386,0.50000000000000011,0.7818314824680298,0.62348980185873359
2026-07-21 21:00:00,,-0.37663225874728851,-0.98027758007793397,0.5,0,0.14999999999999999,0.53333333333333333,0.48025015035960833,31.168387062635574,-6.4833163658729269,28.505285311273834,0.0078321019318503878,-0.00035231444601894883,-0.00029889111619230135,0.00059805037366500446,0.00053816618334408912,-0.70710678118654768,0.70710678118654735,0.7818314824680298,0.62348980185873359
2026-07-21 22:00:00,,-0.38165380810485089,-0.95678498721585992,-1,0,-0.14999999999999999,0.53333333333333333,-0.16987603832951079,30.917309594757455,-6.5311050974322722,29.678895094862149,0.0080344010643452757,-0.00027784277885917067,-5.2315131416347249e-05,-0.00018682718913060059,0.00052546212543604347,-0.50000000000000044,0.86602540378443837,0.7818314824680298,0.62348980185873359
2026-07-21 23:00:00,,-0.42111200943515908,-0.93555536198497702,-1,0,-0.14999999999999999,0.53333333333333333,-0.62114107160465482,28.944399528242045,-6.5689323809231501,31.027708063740079,0.008248871416753404,-0.00023872451450048676,-0.00041114272090320148,-0.00076234896851185008,0.00052482859867583446,-0.25881904510252157,0.96592582628906809,0.7818314824680298,0.62348980185873359
2026-07-22 00:00:00,,-0.42966346467490779,-0.88241158718622326,-1,0,-0.10000000000000001,0,-0.4807438274865557,28.51682676625461,-6.5625037160904744,32.826548579260098,0.0083378429815749531,-0.00019583002526665783,-8.9726334739470559e-05,-0.00055318418705901928,0.00051319198144449878,0,1,0.97492791218182362,-0.22252093395631434
2026-07-22 01:00:00,,-0.41466001965389071,-0.77816818959949285,-1,0,-0.10000000000000001,0,-0.41349373397455963,29.266999017305466,-6.6139941930868247,34.273079475156273,0.0083837682528935357,-0.0001396074024407445,5.9818451019100216e-05,-0.00044105060462357182,0.00051663564359221434,0.25881904510252074,0.96592582628906831,0.97492791218182362,-0.22252093395631434
2026-07-22 02:00:00,,-0.3318720825684906,-0.40143316305072219,0.5,0,0.10000000000000001,0,0.30146291870517961,33.406395871575469,-6.6564950843296957,35.465556433623505,0.0081848230750333397,-5.468569399594606e-05,0.0003289375347382828,0.00029902965101791246,0.00051086963089187786,0.49999999999999994,0.86602540378443871,0.97492791218182362,-0.22252093395631434
2026-07-22 03:00:00,,-0.21683868875637258,0.42816937495323837,0.5,0,0.10000000000000001,0,0.73157248470473124,39.15806556218137,-6.6719279783004035,35.474849910051105,0.0077376498319271705,5.7936834836056373e-05,0.00049320351622611502,0.00088195950198349804,0.00052331913666484281,0.70710678118654746,0.70710678118654757,0.97492791218182362,-0.22252093395631434
2026-07-22 04:00:00,,-0.23410857025154599,0.78007352178237888,0.5,0,0.10000000000000001,0,0.6402599076704959,38.294571487422701,-6.6933686088566109,35.358672492514614,0.0071281068063146543,0.00012955530807493595,-0.00011954215369425203,0.00070259889727014579,0.00051796234924683432,0.8660254037844386,0.50000000000000011,0.97492791218182362,-0.22252093395631434
2026-07-22 05:00:00,,-0.20898667597279669,0.91592267348231249,0.5,0,0.10000000000000001,0,0.48151069036329935,39.550666201360166,-6.7095883827090086,35.017797387228768,0.0061226300941877873,0.00019056889132953916,0.00010460016596142152,0.00047826152849328452,0.00050281195239838795,0.96592582628906831,0.25881904510252074,0.97492791218182362,-0.22252093395631434
2026-07-22 06:00:00,,-0.23648468510072718,0.95179563945564327,0.5,0,-0.10000000000000001,0,-0.20937583857525846,38.175765744963641,-6.7453233065197953,34.701270503749051,0.0050942937953552233,0.00021769022147479704,-0.00017184890787480533,-0.00018679089560763584,0.00049858548491832312,1,6.123233995736766e-17,0.97492791218182362,-0.22252093395631434
2026-07-22 07:00:00,,-0.2186325735415936,0.97293755622136191,1,0,0,0,0,39.068371322920321,-6.7866262427518134,34.461257472192528,0.0042264139215521124,0.00024207229140335617,6.7248741913383814e-05,0,0.00048022746056007012,0.96592582628906831,-0.25881904510252063,0.97492791218182362,-0.22252093395631434
2026-07-22 08:00:00,,-0.25713382642956362,0.97391680178041562,1,-0.5,-0.29999999999999999,0,-0.37985970179474987,37.143308678521819,-6.8121842748524033,34.342756309054991,0.0031405366023867171,0.00023801867709385451,-0.00022418006236418764,-0.00032878022832560916,0.00048036507051043138,0.86602540378443871,-0.49999999999999978,0.97492791218182362,-0.22252093395631434
2026-07-22 09:00:00,,-0.27383179241158417,0.95804781439194586,1,-0.5,-0.29999999999999999,0,-0.28051870200934315,36.308410379420792,-6.7426204358889086,34.952086703683818,0.0021634615812130865,0.00022666113409306062,-9.7160303365984024e-05,-0.00025409162381678785,0.00045911419347287118,0.70710678118654757,-0.70710678118654746,0.97492791218182362,-0.22252093395631434
2026-07-22 10:00:00,,-0.21285468027441382,0.95716454142572049,1,0.5,-0.29999999999999999,0,-0.1286567407969082,39.357265986279309,-6.6952868986986536,34.928149008365928,0.0013979619480164133,0.00023633147021458038,0.00020178392000097523,-0.00011955644572919644,0.00043559969931507254,0.49999999999999994,-0.86602540378443871,0.97492791218182362,-0.22252093395631434
2026-07-22 11:00:00,,-0.32387470571391502,0.9053763489536546,1,-0.5,-0.14999999999999999,0,-0.52343920209019512,33.806264714304248,-6.693367023436962,35.179537666017865,0.0013279050657525738,0.0001860221312533928,-0.00064286090256004957,-0.00053823728592505837,0.00036907157036359663,0.25881904510252102,-0.9659258262890682,0.97492791218182362,-0.22252093395631434
2026-07-22 12:00:00,,-0.37262867488527573,0.78067612175264434,1,-0.5,-0.29999999999999999,0,-0.69018960584137146,31.368566255736212,-6.7136964778786501,35.768577035354404,0.0014864460471303309,0.00012713542936840933,-0.00032906545707972468,-0.00077014243963879903,0.00035357071251109281,1.2246467991473532e-16,-1,0.97492791218182362,-0.22252093395631434
2026-07-22 13:00:00,,-0.38028472979185324,0.6354672457727597,1,-0.5,-0.29999999999999999,0,-0.81830419254555642,30.985763510407338,-6.7341513859379472,36.322172524621237,0.001567735360091847,8.9282309044619312e-05,-5.2361307997461637e-05,-0.0010242876676372359,0.00031456959155598757,-0.25881904510252079,-0.96592582628906831,0.97492791218182362,-0.22252093395631434
2026-07-22 14:00:00,,-0.389454845047012,0.50808425454126793,1,-0.5,-0.29999999999999999,0,-0.46415814045655973,30.527257747649401,-6.7474240133781276,37.026418388911495,0.001690598480970153,6.5755284191149153e-05,-5.9844852238366553e-05,-0.00044127161731555287,0.00031351806579922061,-0.49999999999999972,-0.86602540378443882,0.97492791218182362,-0.22252093395631434
2026-07-22 15:00:00,,-0.4760759500938056,0.036212381988900796,1,-0.5,-0.29999999999999999,0,-0.66506286037756779,26.19620249530972,-6.7071088535320857,38.214514592343264,0.0020782120826691041,4.4277864986775901e-06,-0.00062110176466406708,-0.00073330792489989527,0.00028758681422616901,-0.70710678118654713,-0.70710678118654791,0.97492791218182362,-0.22252093395631434
2026-07-22 16:00:00,,0.022407049705316526,0.81035287244113474,1,0.5,0.29999999999999999,0,0.8803133190957354,51.120352485265826,-6.6072008792423924,36.934112472654611,0.002116255642675906,0.00015235607143795709,0.0020713307662573732,0.0013903841493549396,0.00056132899596701485,-0.86602540378443837,-0.50000000000000044,0.97492791218182362,-0.22252093395631434
2026-07-22 17:00:00,,-0.12272199823084023,0.83227290844321034,0.5,-0.5,0.14999999999999999,0,0.45363012521665863,43.863900088457989,-6.5785596623713927,35.531402667694785,0.002112011759621695,0.00016615474634573539,-0.00094166187847061211,0.00050856712312269403,0.00059707761971907142,-0.96592582628906831,-0.25881904510252063,0.97492791218182362,-0.22252093395631434
2026-07-22 18:00:00,,-0.096124874230608559,0.8817592454032106,0.5,-0.5,0.14999999999999999,0,0.85073415607954284,45.193756288469572,-6.6014242808930881,34.315529117191637,0.002102205420380374,0.00018795531976545257,0.00014952935662965183,0.0012791982444164129,0.0005982837069608344,-1,-1.8369701987210297e-16,0.97492791218182362,-0.22252093395631434
2026-07-22 19:00:00,,-0.13581009697019822,0.86734428157172028,-1,-0.5,-0.14999999999999999,0,-0.78490920641400719,43.209495151490088,-6.6135083213842707,33.682702792400221,0.0021150610109838307,0.00017746222613634812,-0.00026916894252027035,-0.0010613014643612306,0.00059415410565172603,-0.96592582628906842,0.2588190451025203,0.97492791218182362,-0.22252093395631434
2026-07-22 20:00:00,,-0.14921925375789882,0.85016961584212591,-1,-0.5,-0.14999999999999999,0,-0.21362266102404628,42.539037312105059,-6.6526979193213167,33.095078347951052,0.002132246061427256,0.00016218991994634217,-8.9739083674544862e-05,-0.00020937866956516338,0.00059415419896705339,-0.8660254037844386,0.50000000000000011,0.97492791218182362,-0.22252093395631434
2026-07-22 21:00:00,,-0.1180806702042905,0.8663920255288865,0.5,-0.5,-0.14999999999999999,0,-0.2203642100625488,44.095966489785475,-6.6847852647430761,32.372786324597733,0.002136397692779578,0.00016477468422532789,0.00014956066582372252,-0.00020934736037109269,0.00059502443908487153,-0.70710678118654768,0.70710678118654735,0.97492791218182362,-0.22252093395631434
2026-07-22 22:00:00,,-0.11482763794490154,0.88422758882212493,0.5,-0.5,0.14999999999999999,0,0.083550945962680784,44.258618102754923,-6.7303756594691126,31.702086588626791,0.0021404067717020227,0.00016655368238756513,1.4954836394298621e-05,7.4776418543476275e-05,0.00058993660018180811,-0.50000000000000044,0.86602540378443837,0.97492791218182362,-0.22252093395631434
2026-07-22 23:00:00,,-0.085906766228637965,0.91406455225592986,0.5,-0.5,0.14999999999999999,0,0.32929643524163926,45.704661688568102,-6.7765330527814118,30.710540429229297,0.0020541973886719087,0.00017692742397500583,0.00012710708040936103,0.00029162258262738217,0.00057880425041817419,-0.25881904510252157,0.96592582628906809,0.97492791218182362,-0.22252093395631434
2026-07-23 00:00:00,,-0.1565947944348261,0.86366477916378004,0.5,-0.5,-0.10000000000000001,0,-0.27481502635004695,42.170260278258695,-6.7815711350177317,30.570116719250326,0.0020146143271851341,0.0001483451107733661,-0.00038136972012797754,-0.00023930780332431789,0.00058371861110863353,0,1,0.43388373911755823,-0.90096886790241903
2026-07-23 01:00:00,,-0.16070633971849746,0.81576980977084257,0.5,-0.5,-0.10000000000000001,0,-0.32115954076480469,41.964683014075128,-6.8022129664826316,30.372704111054556,0.0019256872784605187,0.00012713859934055565,-2.2438042954819881e-05,-0.00027670068267343639,0.0005826412416881253,0.25881904510252074,0.96592582628906831,0.43388373911755823,-0.90096886790241903
2026-07-23 02:00:00,,-0.07597448444918356,0.86688289670533281,-1,0.5,-0.10000000000000001,0,-0.083486831385578358,46.201275777540822,-6.8349649179256708,30.100701894274277,0.0018421338946404094,0.00014200948198182556,0.00033651779187998665,-6.7289971202810772e-05,0.00058838486755469124,0.49999999999999994,0.86602540378443871,0.43388373911755823,-0.90096886790241903
2026-07-23 03:00:00,,0.041269630704129555,0.9500221219841406,-1,0.5,0.10000000000000001,0,0.78404373083073364,52.063481535206478,-6.8487073218353176,28.869691760288752,0.0017982738911954455,0.0001943441676716211,0.00052324713407903012,0.00083732688300419689,0.00060107604184056452,0.70710678118654746,0.70710678118654757,0.43388373911755823,-0.90096886790241903
2026-07-23 04:00:00,,0.03779014335908798,0.97260379109062889,-1,0.5,0.10000000000000001,0,0.79805786698907732,51.889507167954399,-6.8746839650246967,27.044425889607588,0.0018103073561755373,0.00022102530099657653,-1.4946119240355493e-05,0.00084481880671866127,0.00059892960716619731,0.8660254037844386,0.50000000000000011,0.43388373911755823,-0.90096886790241903
2026-07-23 05:00:00,,0.16281748283689296,0.99222314989042526,-1,0.5,0.10000000000000001,0,0.90043140031062463,58.140874141844648,-6.8839609631309342,25.367090992040168,0.0020526147667548522,0.00028396986846879348,0.0006200762967207285,0.0011283773115594031,0.0006139260109780661,0.96592582628906831,0.25881904510252074,0.43388373911755823,-0.90096886790241903
2026-07-23 06:00:00,,0.071769065480420197,0.99540462129142071,-1,0.5,0.10000000000000001,0,0.60678353509085847,57.17690654804202,-6.8990054158873519,24.022270843960399,0.0021995826822948177,0.00030634634356525707,-7.4687619068092292e-05,0.00053044255841228072,0.00061316750170274127,1,6.123233995736766e-17,0.43388373911755823,-0.90096886790241903
2026-07-23 07:00:00,,0.052054925090380524,0.99455390091923412,-1,0.5,0.29999999999999999,0,0.48554761374076333,55.205492509038052,-6.9081662694615025,23.014246200078897,0.0023245953556804044,0.00029504252082933493,-0.00014939197494096002,0.0003959967027116762,0.00059453890501000566,0.96592582628906831,-0.25881904510252063,0.43388373911755823,-0.90096886790241903
2026-07-23 08:00:00,,0.04597309379834584,0.99244682389392302,-1,0.5,-0.29999999999999999,0,-0.35368223412565575,54.597309379834584,-6.93419765887338,21.630975568808601,0.0023742709601972667,0.00027148311632235874,-4.4821944831630045e-05,-0.00026890153884068235,0.00058838301755959304,0.86602540378443871,-0.49999999999999978,0.43388373911755823,-0.90096886790241903
2026-07-23 09:00:00,-1,-0.038061400956604811,0.94966059663322966,0.5,-0.5,-0.29999999999999999,0,-0.82105647852052366,46.193859904339519,-6.8907047501622722,20.723316762270461,0.0023085016980166476,0.00018597521768533125,-0.00068752151212825297,-0.00088173543190084303,0.00061164941786542154,0.70710678118654757,-0.70710678118654746,0.43388373911755823,-0.90096886790241903
2026-07-23 10:00:00,-1,-0.066198344212999055,0.75006355534981273,0.5,-0.5,-0.29999999999999999,0,-0.85794309007988379,43.380165578700094,-6.8662324550765472,20.893962040113585,0.0022343807268014348,0.00010143568500900897,-0.0002691588801295719,-0.0010015023370894549,0.00061508083819972474,0.49999999999999994,-0.86602540378443871,0.43388373911755823,-0.90096886790241903
2026-07-23 11:00:00,-1,-0.10242008247735321,0.11706237491367547,0.5,-0.5,-0.14999999999999999,0,-0.92738144073209416,39.75799175226468,-6.8254408421494972,21.643666173044366,0.0019738747200542077,1.2769141975369489e-05,-0.00037395200387924099,-0.0013306323961370659,0.00060387548651503944,0.25881904510252102,-0.9659258262890682,0.43388373911755823,-0.90096886790241903
2026-07-23 12:00:00,-1,-0.060112580857111485,-0.13826001164572599,0.5,-0.5,-0.29999999999999999,0,-0.38341516627095418,43.988741914288852,-6.8225372029137334,22.238909669179058,0.0018912126363254595,-1.5152937242015165e-05,0.00031412907971684056,-0.00032898180429197232,0.0003770289744221987,1.2246467991473532e-16,-1,0.43388373911755823,-0.90096886790241903
2026-07-23 13:00:00,-1,-0.095779662197479354,-0.50792173356822523,0.5,-0.5,-0.29999999999999999,0,-0.47638895958091326,40.422033780252065,-6.8126783273839697,23.207582797463363,0.0019815399494687996,-6.1577379288150526e-05,-0.00036649352128059753,-0.00042631644544299796,0.00032397600747159465,-0.25881904510252079,-0.96592582628906831,0.43388373911755823,-0.90096886790241903
2026-07-23 14:00:00,-1,-0.33690318388791468,-0.86948976489198193,0.5,0,-0.29999999999999999,0,-0.78314172626651213,33.154840805604266,-6.6974558484780111,25.448538844337534,0.002419173378759366,-0.00016424982186232851,-0.00092056572641446843,-0.0009729301679782254,0.00037750246781762008,-0.49999999999999972,-0.86602540378443882,0.43388373911755823,-0.90096886790241903
2026-07-23 15:00:00,-1,-0.44592358618081079,-0.97973483398022643,0.5,0,-0.29999999999999999,0,-0.97951845989662178,27.703820690959461,-6.6457967171613852,27.748984379635914,0.0032263266047298303,-0.00029769715707261444,-0.00093640330613165013,-0.0022234625538267161,0.00042205384609251347,-0.70710678118654713,-0.70710678118654791,0.43388373911755823,-0.90096886790241903
2026-07-23 16:00:00,-1,-0.53925041305791066,-0.99776775447049026,0.5,0,-0.29999999999999999,0,-0.99425922049735305,23.037479347104465,-6.6175863896577871,30.197448433795074,0.0043867403315169086,-0.00045424673640370413,-0.0010723218292659209,-0.0029292908618120395,0.00047336028167205269,-0.86602540378443837,-0.50000000000000044,0.43388373911755823,-0.90096886790241903
2026-07-23 17:00:00,-1,-0.58409393013493938,-0.99954331708614241,0.5,0,-0.14999999999999999,0,-0.98801908142062178,20.79530349325303,-6.5848185310717575,32.93342746458255,0.0055351067677612475,-0.00057902020193942609,-0.00063793940238349167,-0.0026466645377810627,0.00047885152469780276,-0.96592582628906831,-0.25881904510252063,0.43388373911755823,-0.90096886790241903
2026-07-23 18:00:00,-1,-0.62688261192683992,-0.99981646927885759,0.5,0,-0.14999999999999999,0,-0.97528646106424277,18.655869403658002,-6.5256409859771658,35.792197013852075,0.0067070901009934365,-0.00068112189265317168,-0.00069844729750234702,-0.0024087085291517596,0.00048840955070806767,-1,-1.8369701987210297e-16,0.43388373911755823,-0.90096886790241903
2026-07-23 19:00:00,-1,-0.40580955991779177,-0.99954435826595434,0.5,0,-0.14999999999999999,0,-0.30213316876558183,29.709522004110411,-6.5191004728980682,38.262815645153808,0.0072081876783457637,-0.00061851885663179304,0.00099119943236741781,-0.00034518726751842088,0.00055582955832786363,-0.96592582628906842,0.2588190451025203,0.43388373911755823,-0.90096886790241903
2026-07-23 20:00:00,-1,-0.46670629684159937,-0.99951880896428313,0.5,0,-0.14999999999999999,0,-0.41451832795991639,26.664685157920033,-6.535456084207671,40.55696151707685,0.0078854499943239158,-0.00060452562373224474,-0.00077335169205167142,-0.00048059955718660063,0.00056955285214047491,-0.8660254037844386,0.50000000000000011,0.43388373911755823,-0.90096886790241903
2026-07-23 21:00:00,-1,-0.41808050511401973,-0.99908092450141484,0.5,0,0.14999999999999999,0,0.4126174273040471,29.095974744299014,-6.5782525853169487,42.692845749994845,0.0083529714524095775,-0.00053420193975942955,0.00024032865058470909,0.00045817639090045548,0.00057715671319033752,-0.70710678118654768,0.70710678118654735,0.43388373911755823,-0.90096886790241903
2026-07-23 22:00:00,-1,-0.41492316703581023,-0.9974706581695445,0.5,0,-0.14999999999999999,0,-0.47094531434273612,29.253841648209487,-6.6079896158512863,44.729000312060052,0.0086796495666721582,-0.00045018564894053334,1.5018623092999395e-05,-0.00051800441837396294,0.00056580068199625535,-0.50000000000000044,0.86602540378443837,0.43388373911755823,-0.90096886790241903
2026-07-23 23:00:00,-1,-0.43260920378411527,-0.99430866246073901,0.5,0,0.14999999999999999,0,0.061785798150398939,28.369539810794237,-6.6506767838795415,46.601423632063756,0.0088670847690922351,-0.00037883425192737456,-0.00019525969601535964,6.0087577662348846e-05,0.00053856027361846241,-0.25881904510252157,0.96592582628906809,0.43388373911755823,-0.90096886790241903
2026-07-24 00:00:00,-1,-0.45446668977113291,-0.98726152899625819,0.5,0,-0.10000000000000001,-0.53333333333333333,-0.41277164193755189,27.276665511443355,-6.6641982970404277,48.584877069480164,0.0089983704441219184,-0.00032212694306435886,-0.00024037197678955513,-0.00042061304971191538,0.00053569530688591131,0,1,-0.43388373911755801,-0.90096886790241915
2026-07-24 01:00:00,-1,-0.36592467850836358,-0.94930604329919532,-1,0,-0.10000000000000001,-0.53333333333333333,-0.064929813729422484,31.703766074581821,-6.7004434095622161,50.147189955537506,0.0087558485879620992,-0.00022450627899293419,0.00037555582703152623,-6.0075845773388536e-05,0.00051694251016818065,0.25881904510252074,0.96592582628906831,-0.43388373911755801,-0.90096886790241915
2026-07-24 02:00:00,-1,-0.39526256732601867,-0.87765969788606968,0.5,0,-0.10000000000000001,-0.53333333333333333,-0.15940485112417355,30.236871633699067,-6.7407431168779954,51.621439449324683,0.0084404958065858356,-0.00016136902531956455,-0.00027789774293041081,-0.0001427138926884397,0.00051478609153497821,0.49999999999999994,0.86602540378443871,-0.43388373911755801,-0.90096886790241915
2026-07-24 03:00:00,-1,-0.20674776407093559,-0.20794428875671359,0.5,0,0.10000000000000001,-0.53333333333333333,0.79413897913805476,39.66261179645322,-6.7324228336202268,51.566985120002087,0.0078819959304507782,-2.5146246104649009e-05,0.00087098862709178437,0.0009686467111928998,0.00057590813122241008,0.70710678118654746,0.70710678118654757,-0.43388373911755801,-0.90096886790241915
2026-07-24 04:00:00,-1,-0.23551552975051124,0.45320822159220508,0.5,0,0.10000000000000001,-0.53333333333333333,0.39937024858489595,38.224223512474438,-6.7604843335673044,51.077823956830628,0.007199871068587607,5.6627625641307707e-05,-0.00022518296210743971,0.00036790792205393386,0.00057419347642561616,0.8660254037844386,0.50000000000000011,-0.43388373911755801,-0.90096886790241915
2026-07-24 05:00:00,-1,-0.30019870717550534,0.57001004214139273,0.5,0,0.10000000000000001,-0.53333333333333333,0.13104656137717891,34.990064641224734,-6.7784401290294589,50.958672380955932,0.0066841449575192344,7.3692947576210624e-05,-0.00053313510981239931,0.00011267055517194535,0.00056892188587016966,0.96592582628906831,0.25881904510252074,-0.43388373911755801,-0.90096886790241915
2026-07-24 06:00:00,-1,-0.29026346033823669,0.71724280717039901,1,0,-0.10000000000000001,-0.53333333333333333,-0.70232108324729059,35.486826983088164,-6.821929321687545,51.014145729685481,0.006097150401042745,9.827725173271358e-05,4.5064667805905234e-05,-0.00071325340411393379,0.00057227704867189317,1,6.123233995736766e-17,-0.43388373911755801,-0.90096886790241915
2026-07-24 07:00:00,-1,-0.32717518652490585,0.71536787174613403,1,0,-0.29999999999999999,-0.53333333333333333,-0.75094705515395133,33.641240673754709,-6.833773755829931,51.326748761368805,0.0055336013220092265,9.6705439339296595e-05,-0.00030046948582862498,-0.00078853992783511906,0.00057147162056876764,0.96592582628906831,-0.25881904510252063,-0.43388373911755801,-0.90096886790241915
2026-07-24 08:00:00,-1,-0.34191838205673919,0.7106604740581659,1,0,-0.29999999999999999,-0.53333333333333333,-0.44064388226114765,32.904080897163041,-6.8523050413388846,51.341160223445215,0.0045740624424643024,9.3917704881924099e-05,-0.00012021307782505986,-0.0003756178958477796,0.00055835664969184891,0.86602540378443871,-0.49999999999999978,-0.43388373911755801,-0.90096886790241915
2026-07-24 09:00:00,-0.33333333333333331,-0.070385220022773753,0.95553046334966352,1,0,0.29999999999999999,-0.53333333333333333,0.77931371166570607,46.480738998861312,-6.8020311102550099,49.771623195037847,0.0033643204861826285,0.00021027714220784427,0.0012915338757940042,0.00087085131214031941,0.00065329022681595204,0.70710678118654757,-0.70710678118654746,-0.43388373911755801,-0.90096886790241915
2026-07-24 10:00:00,-0.33333333333333331,0.040263504860442084,0.99379528823498098,1,0,0.29999999999999999,-0.53333333333333333,0.96915318564801123,52.013175243022104,-6.7350213124187714,46.270409833464157,0.0025862940930489278,0.00034304439272979078,0.0006826374072816388,0.0018539582052505832,0.0006527797466018753,0.49999999999999994,-0.86602540378443871,-0.43388373911755801,-0.90096886790241915
2026-07-24 11:00:00,-1,-0.1137002735363707,0.99092882659849846,1,0.5,0.14999999999999999,-0.53333333333333333,0.7571147389929338,44.314986323181465,-6.7064981666988706,43.165555449986762,0.0020182407713479102,0.0003296588397742582,-0.0010654182774154641,0.00090875300566017891,0.00066230873003561444,0.25881904510252102,-0.9659258262890682,-0.43388373911755801,-0.90096886790241915
2026-07-24 12:00:00,-1,-0.13029583717780782,0.98733426258279555,1,0.5,-0.29999999999999999,-0.53333333333333333,-0.51146372409027041,43.485208141109609,-6.7219748815284559,40.945663475941636,0.0018893691576285395,0.00030438995444703569,-0.00012762619056899682,-0.00051040706070282216,0.00062026999324599089,1.2246467991473532e-16,-1,-0.43388373911755801,-0.90096886790241915
2026-07-24 13:00:00,-1,-0.091456238301230994,0.9856302402620456,1,0.5,-0.29999999999999999,-0.53333333333333333,-0.78242237846941387,45.42718808493845,-6.7034130070720179,38.247531232352344,0.0019096127791951413,0.00030229799904777244,0.00022521169994893508,-0.00096783276803552587,0.00060591021386028872,-0.25881904510252079,-0.96592582628906831,-0.43388373911755801,-0.90096886790241915
2026-07-24 14:00:00,-1,-0.080790825411756514,0.98424310590591968,1,0.5,0.29999999999999999,-0.53333333333333333,0.16758993094208141,45.960458729412174,-6.6916459306134026,35.742122720448002,0.0018777413109135439,0.00030011367374569798,6.0047888208958344e-05,0.00015763339758889661,0.00058258780592625734,-0.49999999999999972,-0.86602540378443882,-0.43388373911755801,-0.90096886790241915
2026-07-24 15:00:00,-1,-0.21766203058510938,0.92185860553426313,1,-0.5,-0.29999999999999999,-0.53333333333333333,-0.62535344878139965,39.11689847074453,-6.6494599800968341,34.157069298261085,0.001913814581571431,0.00020731903296800818,-0.00099876476880833565,-0.00071350518065044222,0.00058276154869205089,-0.70710678118654713,-0.70710678118654791,-0.43388373911755801,-0.90096886790241915
2026-07-24 16:00:00,-0.33333333333333331,-0.024894253323028151,0.94859435947276716,1,0.5,0.29999999999999999,-0.53333333333333333,0.22462805312949716,48.755287333848592,-6.6028277222857747,32.495655151120914,0.0019587051420307386,0.00024655657668964416,0.0011713823649739941,0.00023266548437461676,0.0006173808992896401,-0.86602540378443837,-0.50000000000000044,-0.43388373911755801,-0.90096886790241915
2026-07-24 17:00:00,-0.33333333333333331,-0.016011322185480167,0.96259252713686094,0.5,0.5,0.14999999999999999,-0.53333333333333333,0.22232658022537644,49.199433890725992,-6.5921707267145733,30.197386825185003,0.0020250476044810402,0.00027148034412669149,6.003391918224521e-05,0.00023265151534790363,0.00061568760454353618,-0.96592582628906831,-0.25881904510252063,-0.43388373911755801,-0.90096886790241915
2026-07-24 18:00:00,-0.33333333333333331,0.14297586026488929,0.98985883956243448,0.5,0,0.14999999999999999,-0.53333333333333333,0.97725990877947644,57.148793013244465,-6.5384708234969411,29.246124171312129,0.0025365315943942936,0.00038187188256422319,0.0011924271051393931,0.0024238433892956324,0.00066770346454947263,-1,-1.8369701987210297e-16,-0.43388373911755801,-0.90096886790241915
2026-07-24 19:00:00,-0.33333333333333331,0.034435844599027661,0.98877154026416469,0.5,0,0.14999999999999999,-0.53333333333333333,0.43816615682512533,51.721792229951383,-6.5383078581999348,28.362808849858745,0.0026283189276289317,0.0003745261213057747,-0.00074228755428001891,0.00051017347004161939,0.00069099664611914433,-0.96592582628906842,0.2588190451025203,-0.43388373911755801,-0.90096886790241915
2026-07-24 20:00:00,-1,-0.037175517111572562,0.97447877647102299,0.5,0,-0.14999999999999999,-0.53333333333333333,-0.083927649700843487,48.141224144421372,-6.5525737987718591,26.562131885767656,0.0025543668992703016,0.00031014712693359394,-0.00054019178121367251,-9.0052230354298324e-05,0.00070119694992257144,-0.8660254037844386,0.50000000000000011,-0.43388373911755801,-0.90096886790241915
2026-07-24 21:00:00,-1,-0.015916719950128312,0.95773432443299544,0.5,0,-0.14999999999999999,-0.53333333333333333,-0.83843492241978812,48.408328004987169,-6.5964065459719921,24.890074704825931,0.0025395532143426911,0.00026182837333038188,3.7522748170371045e-05,-0.0012449565873233204,0.0006970539109312188,-0.70710678118654768,0.70710678118654735,-0.43388373911755801,-0.90096886790241915
2026-07-24 22:00:00,-1,-0.038446023013516351,0.90095062180694807,0.5,0,-0.14999999999999999,-0.53333333333333333,-0.68801546961395921,46.155397698648365,-6.6340029044605657,23.149101166352068,0.0024548671234470363,0.00019424140131322983,-0.00033024851500679242,-0.00083291754805009388,0.0006983888616045133,-0.50000000000000044,0.86602540378443837,-0.43388373911755801,-0.90096886790241915
2026-07-24 23:00:00,-1,-0.047214043408054636,0.7882748384575663,0.5,0,-0.14999999999999999,-0.53333333333333333,-0.4160030263220853,45.278595659194536,-6.6730469098960823,21.983575252477053,0.002459466266047186,0.00013490855782375365,-0.00012762523243242674,-0.00042035099926884811,0.00067043737756278862,-0.25881904510252157,0.96592582628906809,-0.43388373911755801,-0.90096886790241915
2026-07-27 00:00:00,-0.33333333333333331,0.016755652190123271,0.84840225775102251,0.5,0,0.10000000000000001,-0.53333333333333333,0.35594860464464551,51.675565219012327,-6.6328860576363811,21.449927893738188,0.0025162605618902624,0.00016460051704039606,0.00082552218963727331,0.00036764844219805415,0.00069403855133521816,0,1,0,1
2026-07-27 01:00:00,-0.33333333333333331,0.078081225867661891,0.95011686755570635,1,0,0.10000000000000001,-0.53333333333333333,0.91491990551835412,57.808122586766189,-6.5620067790017949,22.08800670370368,0.0027734571307581305,0.00025900884130580667,0.00095225605636223287,0.0016501530135670794,0.00070931990561901503,0.25881904510252074,0.96592582628906831,0,1
2026-07-27 02:00:00,-0.33333333333333331,0.10959043559661907,0.98845354988207756,1,0,0.10000000000000001,-0.53333333333333333,0.97849549632960453,60.959043559661907,-6.58569178692448,22.680508455814493,0.00318740516187598,0.00035525557033269,0.00056193035790103041,0.0023397086039005366,0.0007162292546249268,0.49999999999999994,0.86602540378443871,0,1
2026-07-27 03:00:00,-0.33333333333333331,0.11084236227265229,0.99412724334326497,1,0,0.10000000000000001,-0.53333333333333333,0.90335468764690585,61.08423622726523,-6.5888008381221956,23.805236360664743,0.0033985585373564075,0.00040085074601840559,2.2470647717487413e-05,0.0015366570619807507,0.00070949462474443779,0.70710678118654746,0.70710678118654757,0,1
2026-07-27 04:00:00,-0.33333333333333331,0.16013666554212036,0.9984434841086961,1,0,0.10000000000000001,-0.53333333333333333,0.90337956135455322,66.013666554212037,-6.5937815719567432,24.894762944698073,0.0038684045026373447,0.0004898904414630459,0.00094331154241361626,0.0015277125480321341,0.0007276779657959877,0.8660254037844386,0.50000000000000011,0,1
2026-07-27 05:00:00,-0.33333333333333331,0.21021402272425377,0.99811515922389282,1,0,0.10000000000000001,-0.53333333333333333,0.32398033111793006,60.510701136212688,-6.6158802939322072,25.911805151859454,0.0041689237708904371,0.00046635905883831113,-0.00062877548050799259,0.00033700670962311108,0.00070299761977036807,0.96592582628906831,0.25881904510252074,0,1
2026-07-27 06:00:00,-0.33333333333333331,0.17627183825884557,0.99641406353592865,1,0,0.10000000000000001,-0.53333333333333333,0.11546532582565328,58.813591912942279,-6.6505602275822318,26.29863561778604,0.004373623206658718,0.0004088170010508337,-0.00020219039664504113,0.00011234566526058254,0.00069274411711500836,1,6.123233995736766e-17,0,1
2026-07-27 07:00:00,-0.33333333333333331,0.15431986233028241,0.99164049462665238,1,0,-0.29999999999999999,-0.53333333333333333,-0.77593313797831576,57.71599311651412,-6.6953627013459709,26.657835336146441,0.0044394756909022434,0.00033842415046217027,-0.0001273260409687671,-0.00095829191812180081,0.00064212516376886436,0.96592582628906831,-0.25881904510252063,0,1
2026-07-27 08:00:00,-0.33333333333333331,0.17670626578618126,0.98412585897058502,1,0,-0.29999999999999999,-0.53333333333333333,-0.17398369657012627,58.835313289309063,-6.7298343170050279,27.095508341874105,0.004469628554723706,0.00028842250988507463,0.00017226077327764378,-0.00015725566433616445,0.00063974794667327197,0.86602540378443871,-0.49999999999999978,0,1
2026-07-27 09:00:00,-0.33333333333333331,0.12912289815930919,0.94647280380007082,1,0,-0.29999999999999999,-0.53333333333333333,-0.22799107288948964,56.456144907965459,-6.720001980109112,27.835551715761486,0.0044465185386175299,0.00021678941170500917,-0.00025465685127096238,-0.0002097221189620857,0.00064482346035219841,0.70710678118654757,-0.70710678118654746,0,1
2026-07-27 10:00:00,-1,-0.04978589392778332,0.46399716444448941,1,0,-0.29999999999999999,-0.53333333333333333,-0.85246044235489982,47.510705303610834,-6.6854711984225395,26.844406013888381,0.0043406433152701259,6.2745193309607589e-05,-0.0011017633073135968,-0.0011841593853069154,0.00069890023493821213,0.49999999999999994,-0.86602540378443871,0,1
2026-07-27 11:00:00,-1,-0.012187544106817825,-0.16716007552234216,0.5,0,-0.14999999999999999,-0.53333333333333333,-0.83654537198459589,49.390622794659109,-6.6992300798635629,25.543162398030987,0.0038820681436425716,-2.0786856947474367e-05,0.00023994301468538426,-0.001116477143899175,0.00065511869884131945,0.25881904510252102,-0.9659258262890682,0,1
2026-07-27 12:00:00,-1,-0.046539609660542568,-0.76412563631217612,0.5,0,-0.29999999999999999,-0.53333333333333333,-0.91238591367983179,45.346039033945743,-6.7039879760766476,24.248938243548587,0.0038104861305308145,-0.00012334370435362446,-0.00055495561779445035,-0.0014167759104226629,0.00062018376114140767,1.2246467991473532e-16,-1,0,1
2026-07-27 13:00:00,-1,-0.10286082135509098,-0.96679007354402058,0.5,0,-0.29999999999999999,-0.53333333333333333,-0.8508839430340932,39.713917864490902,-6.6621143144991049,23.199969773797353,0.0039565704436551642,-0.00026088555009886249,-0.00089307497633622779,-0.0012080875794452939,0.00065270244550767341,-0.25881904510252079,-0.96592582628906831,0,1
2026-07-27 14:00:00,-1,-0.12278834421216395,-0.99374020838377819,0.5,0,-0.29999999999999999,-0.53333333333333333,-0.95507630544739341,37.721165578783605,-6.6670678784722677,22.806042015403815,0.0042796907778189265,-0.00036660181531093344,-0.00035294692270015915,-0.0018009775168308373,0.0005890148441436596,-0.49999999999999972,-0.86602540378443882,0,1
2026-07-27 15:00:00,-1,-0.12408495125037135,-0.99710961448594659,0.5,0,-0.29999999999999999,-0.53333333333333333,-0.86727169871009857,37.591504874962865,-6.6621458150727202,22.826009756919881,0.0045516282648727299,-0.00041791327012562137,-2.2532756996429537e-05,-0.0012685546560328165,0.00056970231014119295,-0.70710678118654713,-0.70710678118654791,0,1
2026-07-27 16:00:00,-1,-0.13964755352900496,-0.9982861734786258,0.5,0,-0.29999999999999999,-0.53333333333333333,-0.58108020573565478,36.035244647099503,-6.6609396892040325,22.484835969656594,0.0048202177852992118,-0.00045190415607388948,-0.00026291968706265711,-0.0006383993667592458,0.00056094012084968649,-0.86602540378443837,-0.50000000000000044,0,1
2026-07-27 17:00:00,-1,-0.17221562183582961,-0.9989659940857778,0.5,0,-0.14999999999999999,-0.53333333333333333,-0.70559063187122817,32.778437816417039,-6.629622600041273,22.832524324665609,0.0052663418872245403,-0.00049966860106255009,-0.00058618410865057813,-0.00087163655270966478,0.00057272806251976313,-0.96592582628906831,-0.25881904510252063,0,1
2026-07-27 18:00:00,-1,-0.1738435698876846,-0.99924799480825488,0.5,0,-0.14999999999999999,-0.53333333333333333,-0.72262391400519765,32.615643011231541,-6.6598578863429481,23.15537779717398,0.0056288205687918709,-0.00050519823784647808,-3.0069987899117301e-05,-0.00087917378361235254,0.00056992714231778637,-1,-1.8369701987210297e-16,0,1
2026-07-27 19:00:00,-1,-0.1667116734379438,-0.99871768719395715,-1,0,-0.14999999999999999,-0.53333333333333333,-0.51716511588020142,33.32883265620562,-6.6510515174851763,22.59259404608574,0.0059202356112296652,-0.00047515647374087955,6.0139071621279072e-05,-0.00055611502492841636,0.00057049783623301577,-0.96592582628906842,0.2588190451025203,0,1
2026-07-27 20:00:00,-1,-0.21433159807913199,-0.99890638102235996,-1,0,-0.14999999999999999,-0.53333333333333333,-0.68767217247989842,28.566840192086801,-6.6153731403131948,23.153298349995815,0.0065330241965991616,-0.00050308318566083163,-0.00087989446943931293,-0.00084982538571715116,0.00055818294888399693,-0.8660254037844386,0.50000000000000011,0,1
2026-07-27 21:00:00,-1,-0.22482635205002766,-0.9992292594130141,-1,0,-0.14999999999999999,-0.53333333333333333,-0.78814647435220975,27.517364794997235,-6.6500726761839664,23.673952346483745,0.0070553422985970195,-0.00050857327842921101,-0.00021821328554022523,-0.0010379686833582591,0.00049457161801735069,-0.70710678118654768,0.70710678118654735,0,1
2026-07-27 22:00:00,-1,-0.19450677042814221,-0.99862643606044388,-1,0,-0.14999999999999999,-0.53333333333333333,-0.71783856471098961,30.54932295718578,-6.6748840617255532,23.792751987778452,0.007285157971078168,-0.00045962481694370653,0.0002407843561998968,-0.00085732339877964137,0.00047308112581540939,-0.50000000000000044,0.86602540378443837,0,1
2026-07-27 23:00:00,-1,-0.20963108761716684,-0.9980027549577748,-1,0,-0.14999999999999999,-0.53333333333333333,-0.27125559956774054,29.036891238283317,-6.7072169736412235,24.078383581306042,0.0074715948252043222,-0.00042210789364032831,-0.00027841214959756222,-0.00025584107893789065,0.00046967523251572647,-0.25881904510252157,0.96592582628906809,0,1
2026-07-28 00:00:00,-1,-0.22243018548652274,-0.99709485766645067,-1,0,-0.10000000000000001,-0.53333333333333333,-0.30065483373773089,27.756981451347727,-6.7315963929598475,24.471814869108595,0.0073073392293523899,-0.00038956978365329447,-0.00024085141089780215,-0.00027847920429546758,0.00037894366954254523,0,1,0.7818314824680298,0.62348980185873359
2026-07-28 01:00:00,-1,-0.1810109661465914,-0.99108786860657172,-1,0,-0.10000000000000001,-0.53333333333333333,-0.23631986017972806,31.898903385340859,-6.7572341600435708,24.796032114787572,0.0071037801187850257,-0.00031438319596346909,0.00030858041963433003,-0.00021068314086103435,0.00039332373812827405,0.25881904510252074,0.96592582628906831,0.7818314824680298,0.62348980185873359
2026-07-28 02:00:00,-1,-0.34781387127477048,-0.97312407632725906,-1,0,0.10000000000000001,-0.53333333333333333,0.1437771149685978,32.609306436261477,-6.8077988896480113,25.097090985775196,0.0068122238793349686,-0.00023738823665599975,5.2674946678821222e-05,0.0001204039554153491,0.00039901495201325192,0.49999999999999994,0.86602540378443871,0.7818314824680298,0.62348980185873359
2026-07-28 03:00:00,-1,-0.13903767520131829,-0.87098244377749034,-1,0,0.10000000000000001,-0.53333333333333333,0.63720216635826399,36.096232479868171,-6.8231124832615917,24.854244691105826,0.0063756477155508303,-0.00014552420300654838,0.0002558102804539053,0.00061706564676705655,0.00041346636297691391,0.70710678118654746,0.70710678118654757,0.7818314824680298,0.62348980185873359
2026-07-28 04:00:00,-1,-0.14313173839481463,-0.60554518173447491,-1,0,0.10000000000000001,-0.53333333333333333,0.30789535360212689,35.686826160518535,-6.8415484754621909,24.088381116577931,0.0057020062336585065,-7.4989749133656716e-05,-5.2661473254500546e-05,0.00025582375387822598,0.00040529044962992497,0.8660254037844386,0.50000000000000011,0.7818314824680298,0.62348980185873359
2026-07-28 05:00:00,-1,-0.0794340235372335,0.2162517190232566,0.5,0,0.10000000000000001,-0.53333333333333333,0.68998344836443992,42.05659764627665,-6.8481517167757486,23.007055996729552,0.0048681285828968968,2.3321486212789623e-05,0.00047385345276551583,0.00067700225996492058,0.00043450602506793712,0.96592582628906831,0.25881904510252074,0.7818314824680298,0.62348980185873359
2026-07-28 06:00:00,-1,-0.083663279894284126,0.69385259136242117,0.5,0,0.10000000000000001,-0.53333333333333333,0.44322906353985264,41.633672010571587,-6.8590737049339099,21.501879590199479,0.0043741812171814156,8.9801690233963114e-05,-4.5119227566448039e-05,0.00037607275194456724,0.00037874299059156494,1,6.123233995736766e-17,0.7818314824680298,0.62348980185873359
2026-07-28 07:00:00,-1,-0.10906539744857398,0.80670308852598027,0.5,0,0.29999999999999999,-0.53333333333333333,0.20387529856836453,39.093460255142602,-6.8922674213480688,20.479248274611628,0.0036060344420629745,0.00011349584297962374,-0.00027075812439769642,0.00015797610080137137,0.00036891672262910348,0.96592582628906831,-0.25881904510252063,0.7818314824680298,0.62348980185873359
2026-07-28 08:00:00,-1,-0.14938185161772707,0.71790945947948226,0.5,0,-0.29999999999999999,-0.53333333333333333,-0.77590560797809938,35.061814838227292,-6.8933657770030914,20.283718943141118,0.0029726506788310043,9.164099183503081e-05,-0.00047400319146778669,-0.00078988054343193115,0.00036483269735886829,0.86602540378443871,-0.49999999999999978,0.7818314824680298,0.62348980185873359
2026-07-28 09:00:00,-1,0.095908581626323292,0.88979836071940488,0.5,0,0.29999999999999999,-0.53333333333333333,0.057009476717289648,45.204570918683835,-6.8577131179358082,19.280424721586748,0.0025859585581826236,0.00014938738174914115,0.00078988054343193115,4.5119227566448039e-05,0.00038077975043815105,0.70710678118654757,-0.70710678118654746,0.7818314824680298,0.62348980185873359
2026-07-28 10:00:00,-1,0.17998127522486895,0.87581330176471006,-0.5,0,-0.29999999999999999,-0.53333333333333333,-0.20200955690099462,41.000936238756552,-6.8362920972258188,17.9360312012595,0.0022924914831403257,0.00014580679033363107,-0.00048137674676468345,-0.00016549939480053899,0.00038672118302738353,0.49999999999999994,-0.86602540378443871,0.7818314824680298,0.62348980185873359
2026-07-28 11:00:00,-0.33333333333333331,0.01210850272946999,0.95898516165412062,-0.5,0.5,0.14999999999999999,-0.53333333333333333,0.87157138129532841,49.394574863526501,-6.8148491648298366,16.66277309421233,0.001980718814060662,0.00021213304096108292,0.00079715435173455251,0.0011056581484018002,0.0004340165915685537,0.25881904510252102,-0.9659258262890682,0.7818314824680298,0.62348980185873359
2026-07-28 12:00:00,-1,0.25858400172027574,0.70221845476351952,-0.5,-0.5,-0.29999999999999999,-0.53333333333333333,-0.91819520684235412,37.070799913986214,-6.7322627517998592,16.791830769952529,0.0019136789595204267,0.00010388776966602069,-0.0017304817313530396,-0.0014147041263831706,0.0005746066363747557,1.2246467991473532e-16,-1,0.7818314824680298,0.62348980185873359
2026-07-28 13:00:00,-1,0.25565027237344412,0.32601877153780967,0.5,-0.5,-0.29999999999999999,-0.53333333333333333,-0.77761920031919818,37.217486381327795,-6.7474705893228375,17.417015613242111,0.0019939337763349779,3.9719045245910551e-05,1.5060581188053312e-05,-0.00091826679843043379,0.00056431884996984761,-0.25881904510252079,-0.96592582628906831,0.7818314824680298,0.62348980185873359
2026-07-28 14:00:00,-1,0.25844254991373478,0.0282444783953196,0.5,-0.5,-0.29999999999999999,-0.53333333333333333,-0.96420227967925853,37.077872504313262,-6.7648934837276702,17.911683414178686,0.0020317295321634139,3.2590661410470973e-06,-2.2590956840928822e-05,-0.0017380121070059151,0.00056435991787204644,-0.49999999999999972,-0.86602540378443882,0.7818314824680298,0.62348980185873359
2026-07-28 15:00:00,-0.33333333333333331,0.0074595414823428992,0.70134031539273667,0.5,0.5,0.29999999999999999,-0.53333333333333333,0.9068320335651272,49.627022925882855,-6.7097001288395477,16.827722108974033,0.001924086675320657,0.00010604746405043313,0.0013921552431868656,0.0013846248675339901,0.00065388739206707826,-0.70710678118654713,-0.70710678118654791,0.7818314824680298,0.62348980185873359
2026-07-28 16:00:00,-0.33333333333333331,-0.017631629697073662,0.91475992751249857,0.5,0.5,0.29999999999999999,-0.53333333333333333,0.93569491739391775,50.881581484853683,-6.7267807551531584,16.156230493183525,0.0020220399700161631,0.00018646121367036218,0.0001654247283662813,0.001534989014712218,0.00062242448783560395,-0.86602540378443837,-0.50000000000000044,0.7818314824680298,0.62348980185873359
2026-07-28 17:00:00,-1,0.079953643835972768,0.89602351459934315,0.5,0.5,0.14999999999999999,-0.53333333333333333,0.7509369387581476,46.002317808201362,-6.7002185729454684,15.295051923457562,0.0020122453413291301,0.00017864930919413765,-0.00065433953529980826,0.00090324043625333861,0.00063913540903953183,-0.96592582628906831,-0.25881904510252063,0.7818314824680298,0.62348980185873359
2026-07-28 18:00:00,-0.33333333333333331,-0.1101709150811189,0.97514531400831639,0.5,0,0.14999999999999999,-0.53333333333333333,0.70634937268586451,55.508545754055945,-6.6400013044477442,14.755752480175993,0.0023384483982809789,0.00028593477136732923,0.0013533327880353996,0.00086441798110187262,0.00070510332401512831,-1,-1.8369701987210297e-16,0.7818314824680298,0.62348980185873359
2026-07-28 19:00:00,-0.33333333333333331,-0.017961534897947898,0.97748719385814919,0.5,0,0.14999999999999999,-0.53333333333333333,0.054086827826848656,50.898076744897395,-6.6508270815662733,14.272869115732568,0.0023831154728449194,0.00028933026300424769,-0.00064636385017996512,5.2629402555626204e-05,0.00071926654317054086,-0.96592582628906842,0.2588190451025203,0.7818314824680298,0.62348980185873359
2026-07-28 20:00:00,-1,0.072699341210962137,0.93443465731767117,0.5,0,0,-0.53333333333333333,0,46.365032939451893,-6.6378164924852525,13.631828353278836,0.0023163495968436545,0.00022166668120958692,-0.00070696893785543446,0,0.00073650689000382633,-0.8660254037844386,0.50000000000000011,0.7818314824680298,0.62348980185873359
2026-07-28 21:00:00,-1,0.099349491942395077,0.83847801547363243,0.5,0,-0.14999999999999999,-0.53333333333333333,-0.92891938241536798,45.032525402880246,-6.6716393508955036,13.42402967680127,0.0023172468981355891,0.00015398794387361475,-0.00021820835975094877,-0.0015715411477863483,0.00073528646387289824,-0.70710678118654768,0.70710678118654735,0.7818314824680298,0.62348980185873359
2026-07-28 22:00:00,-1,0.10508010651080753,0.68915774118658502,0.5,0,-0.14999999999999999,-0.53333333333333333,-0.78104300148408179,44.745994674459624,-6.7000343704346612,13.036412502901513,0.0023295349150200717,0.00010417463158858456,-4.5152502585077414e-05,-0.00097032980019146065,0.00073524036405694525,-0.50000000000000044,0.86602540378443837,0.7818314824680298,0.62348980185873359
2026-07-28 23:00:00,-1,0.093837329829186439,0.57568228093937379,0.5,0,-0.14999999999999999,-0.53333333333333333,-0.21657066583626228,45.308133508540678,-6.7409520373788538,12.818505039750756,0.0023463162151329655,7.7505532272114416e-05,6.7727989369992248e-05,-0.00019563287296603393,0.00073292447382353513,-0.25881904510252157,0.96592582628906809,0.7818314824680298,0.62348980185873359
2026-07-29 00:00:00,-1,0.13390297501985429,0.30329151232237345,0.5,0,-0.10000000000000001,-0.53333333333333333,-0.29103637010771394,43.304851249007285,-6.7525979844066351,12.991889090320281,0.0024023730152942313,3.6569862741026536e-05,-0.0002859938305034837,-0.00026341834371856887,0.00073541387044662935,0,1,0.97492791218182362,-0.22252093395631434
2026-07-29 01:00:00,-1,0.14036594180955164,0.080012148210616321,0.5,0,-0.10000000000000001,-0.53333333333333333,-0.29663930587295756,42.981702909522419,-6.7728534918033878,13.152888565849127,0.0024239505992155576,9.1764011357535827e-06,-4.5164398418007234e-05,-0.00026343023955149869,0.00072593066377934113,0.25881904510252074,0.96592582628906831,0.97492791218182362,-0.22252093395631434
2026-07-29 02:00:00,-1,0.10485078942051018,0.097473454261213746,0.5,0,-0.10000000000000001,-0.53333333333333333,-0.17862072861501302,44.757460528974491,-6.8054877369461,13.500809180781715,0.0024098051727719483,1.0831327896202586e-05,0.00018064535602391185,-0.00015051287289757909,0.00072780093745236228,0.49999999999999994,0.86602540378443871,0.97492791218182362,-0.22252093395631434
2026-07-29 03:00:00,-0.33333333333333331,0.024662361942436917,0.42943172580221911,0.5,0,0.10000000000000001,-0.53333333333333333,0.58250436940355665,48.766881902878154,-6.8027624408369132,12.861726120306264,0.0024033828060436033,5.1003433362642469e-05,0.00042137896889038462,0.00055685992649628924,0.00073273978071578287,0.70710678118654746,0.70710678118654757,0.97492791218182362,-0.22252093395631434
2026-07-29 04:00:00,-1,0.072557710898127403,0.44787816688467691,1,0,0.10000000000000001,-0.53333333333333333,0.36762277274318622,46.37211445509363,-6.7989563193438602,12.392262326212689,0.0023983371163780152,5.3744797598052104e-05,-0.00027839120162642672,0.00032363312328786975,0.00072745609837251545,0.8660254037844386,0.50000000000000011,0.97492791218182362,-0.22252093395631434
2026-07-29 05:00:00,-0.33333333333333331,-0.0042927943454770913,0.67317136253850618,1,0,0.10000000000000001,-0.53333333333333333,0.57583808528447999,50.214639717273855,-6.8011971444181878,11.63253444433521,0.0023578651131449251,9.0833170349691671e-05,0.00040627469241821812,0.00054926245968217602,0.00071048698685590491,0.96592582628906831,0.25881904510252074,0.97492791218182362,-0.22252093395631434
2026-07-29 06:00:00,-0.33333333333333331,-0.012757117639261963,0.7956268556134618,1,0,0.10000000000000001,-0.53333333333333333,0.21099568492962642,50.637855881963098,-6.8366477285320109,11.025164978164662,0.0023696417944058502,0.00011666584304062023,4.5131445342128096e-05,0.00017301493613391949,0.00070203191350109713,1,6.123233995736766e-17,0.97492791218182362,-0.22252093395631434
2026-07-29 07:00:00,-0.33333333333333331,-0.053206091827152163,0.88735992922076046,1,0,0.29999999999999999,-0.53333333333333333,0.68516057735975577,52.660304591357608,-6.859777890543576,10.748219186616815,0.0022825136509959103,0.00014786345058823299,0.00021058648413446734,0.00066199262189481356,0.00067932515994792843,0.96592582628906831,-0.25881904510252063,0.97492791218182362,-0.22252093395631434
2026-07-29 08:00:00,-0.33333333333333331,-0.0764908294119509,0.93572410024867136,1,0,0.29999999999999999,-0.53333333333333333,0.45631608034350041,53.824541470597545,-6.8929433676228573,10.580022820794268,0.0021987673644876487,0.00017279313485720881,0.00012031522603689337,0.00037603315551348881,0.00054706803958064708,0.86602540378443871,-0.49999999999999978,0.97492791218182362,-0.22252093395631434
2026-07-29 09:00:00,-0.33333333333333331,-0.043666494449493595,0.93305343183379152,1,0,0.29999999999999999,-0.53333333333333333,0.24268957473771843,52.18332472247468,-6.8982302176561712,10.670730252220759,0.00205375934844069,0.00016975733815789083,-0.00014287594256623404,0.00018802576760512668,0.00054909582618294691,0.70710678118654757,-0.70710678118654746,0.97492791218182362,-0.22252093395631434
2026-07-29 10:00:00,-0.33333333333333331,-0.11125119444957207,0.95102810390704962,1,0.5,0.29999999999999999,-0.53333333333333333,0.37936743288230823,55.562559722478603,-6.8813625515528853,11.181759768465984,0.0019100882080735635,0.00018917067814184287,0.00033083950826223729,0.00030827879173289663,0.0005517805145887699,0.49999999999999994,-0.86602540378443871,0.97492791218182362,-0.22252093395631434
2026-07-29 11:00:00,-0.33333333333333331,-0.16741593137549374,0.96983173694542335,1,0,0.14999999999999999,-0.53333333333333333,0.54649936717156411,58.370796568774686,-6.8652656495641242,11.874687078743134,0.0020427531427854762,0.00021801498129399513,0.00029315263314422246,0.00048111619884022572,0.00046202057507631328,0.25881904510252102,-0.9659258262890682,0.97492791218182362,-0.22252093395631434
2026-07-29 12:00:00,-0.33333333333333331,-0.018169443320217624,0.92842683629205169,1,0.5,-0.29999999999999999,-0.53333333333333333,-0.0095597632106622747,50.908472166010881,-6.8627636082096002,12.275266672316626,0.0020132468324267827,0.00017226573667944618,-0.00063151249335902104,-7.5203519525612883e-06,0.00048346433899426616,1.2246467991473532e-16,-1,0.97492791218182362,-0.22252093395631434
2026-07-29 13:00:00,-1,0.081219816697491037,0.7159403808203022,0.5,-0.5,-0.29999999999999999,-0.53333333333333333,-0.78960322108556902,45.939009165125448,-6.8714062045839341,11.470503848182092,0.0020196026069907859,9.3255503469659437e-05,-0.00049646831520960832,-0.0008348281754244069,0.00047360061577739762,-0.25881904510252079,-0.96592582628906831,0.97492791218182362,-0.22252093395631434
2026-07-29 14:00:00,-1,0.051084869462521568,0.460750657525899,0.5,-0.5,-0.29999999999999999,-0.53333333333333333,-0.85946493638406907,47.445756526873922,-6.885767985483028,10.813579118888756,0.0017214518826055168,5.0934063414268537e-05,0.00013542489581697126,-0.00099255591275165811,0.00035288820176054446,-0.49999999999999972,-0.86602540378443882,0.97492791218182362,-0.22252093395631434
2026-07-29 15:00:00,-1,0.16645088744012257,-0.28129875989616432,0.5,-0.5,-0.29999999999999999,-0.53333333333333333,-0.84309538641102288,41.677455627993872,-6.8461899004649398,11.413953546125365,0.0017389257760211537,-3.0744921540565959e-05,-0.00062461198952801222,-0.00098565540892064929,0.00035102843623004983,-0.70710678118654713,-0.70710678118654791,0.97492791218182362,-0.22252093395631434
2026-07-29 16:00:00,-1,0.011654421832720346,-0.16336993608127734,0.5,0.5,0.29999999999999999,-0.53333333333333333,0.28692546698038324,49.417278908363983,-6.8271303024399597,11.971444085702215,0.0017396142435407934,-1.7868837029522665e-05,0.00072992978607616665,0.00024074269236512569,0.00035928014608980319,-0.86602540378443837,-0.50000000000000044,0.97492791218182362,-0.22252093395631434
2026-07-29 17:00:00,-1,0.10644423933267064,-0.43278661191593554,-1,-0.5,-0.14999999999999999,-0.53333333333333333,-0.45871293937797997,44.677788033366468,-6.7506577612020608,11.270622407636342,0.0017651545347738208,-5.4213577597952842e-05,-0.00054175258281274896,-0.00043643478626459453,0.0003768852535863374,-0.96592582628906831,-0.25881904510252063,0.97492791218182362,-0.22252093395631434
2026-07-29 18:00:00,-1,0.10644423933267064,-0.55610853070099064,-1,-0.5,0.14999999999999999,-0.53333333333333333,0.21033923923040285,44.677788033366468,-6.7500541974857109,10.606334461502183,0.0017835797730506983,-7.3431444744464938e-05,0,0.00018817720326341769,0.00037678322161798346,-1,-1.8369701987210297e-16,0.97492791218182362,-0.22252093395631434
2026-07-29 19:00:00,-1,0.06688757755690887,-0.51143395766527167,-1,-0.5,-0.14999999999999999,-0.53333333333333333,-0.39210728127431493,46.655621122154557,-6.7605299447648912,9.9741180823455782,0.001782697365704723,-6.5423482648521058e-05,0.00018061680688485904,-0.00036113577592788992,0.00037877461156905388,-0.96592582628906842,0.2588190451025203,0.97492791218182362,-0.22252093395631434
2026-07-29 20:00:00,-0.33333333333333331,-0.1041348767119338,0.16325539256814628,-1,0.5,0.14999999999999999,-0.53333333333333333,0.82666447632688134,55.20674383559669,-6.7134819114327993,11.069781621637715,0.0017897996833475839,2.0005205136513471e-05,0.00089507676181455054,0.0010756935686994096,0.00042144292932359026,-0.8660254037844386,0.50000000000000011,0.97492791218182362,-0.22252093395631434
2026-07-29 21:00:00,-0.33333333333333331,-0.53579402720681424,0.99354757279835992,0.5,0,0.14999999999999999,-0.53333333333333333,0.99981979916909081,76.789701360340715,-6.386941125783232,14.714986105346679,0.0049705902457852155,0.00048256400013593613,0.0048076474796971413,0.0058833410483965509,0.0011409093998843618,-0.70710678118654768,0.70710678118654735,0.97492791218182362,-0.22252093395631434
2026-07-29 22:00:00,0.33333333333333331,-0.33200018171833678,0.99764429303121771,0.5,0,0.14999999999999999,-0.53333333333333333,0.99572458563233845,66.600009085916838,-6.2881712474208413,18.526200285517817,0.0058494626494676235,0.00062646607308149843,-0.001415142255776658,0.0042875819857350339,0.0012039094037914972,-0.50000000000000044,0.86602540378443837,0.97492791218182362,-0.22252093395631434
2026-07-29 23:00:00,0.33333333333333331,0.21289033860807677,0.99962299174686819,0.5,0,0.14999999999999999,-0.53333333333333333,0.9981510437988278,71.289033860807677,-6.2593061100941521,21.752030774754839,0.0072968927285613563,0.00082013039715961864,0.0016171420544637272,0.0050096472783842105,0.0012433626752408773,-0.25881904510252157,0.96592582628906809,0.97492791218182362,-0.22252093395631434
2026-07-30 00:00:00,0.33333333333333331,0.16625575691042654,0.99971207550941965,1,0,-0.10000000000000001,0,-0.36997544338638216,66.625575691042656,-6.2767327025164867,24.747444800474931,0.0080095678970792776,0.00083129947157485791,-0.00074835179018412079,-0.0005463519914970516,0.001258856466497874,0,1,0.43388373911755823,-0.90096886790241903
2026-07-30 01:00:00,0.33333333333333331,0.38253566817095019,0.9998367843299909,1,0,0.10000000000000001,0,0.85110141365565006,69.12678340854751,-6.3017268720248136,27.6534008278452,0.0089051113394053479,0.00086281183524260642,0.00086055627174891347,0.0017293465360285198,0.0012657413814871374,0.25881904510252074,0.96592582628906831,0.43388373911755823,-0.90096886790241903
2026-07-30 02:00:00,0.33333333333333331,0.35776034722925087,0.99977905258555699,1,0,-0.10000000000000001,0,-0.061520303620112821,67.888017361462545,-6.3279058301482847,30.475252398730706,0.0095268226021409837,0.00081347361963954095,-0.00019449577033026078,-8.2291288765468096e-05,0.001269223789457069,0.49999999999999994,0.86602540378443871,0.43388373911755823,-0.90096886790241903
2026-07-30 03:00:00,0.33333333333333331,0.25354930860942804,0.99883932581018453,1,0,-0.10000000000000001,0,-0.12924279479964099,62.677465430471401,-6.3369773551955655,31.925344318665264,0.0098029013897718981,0.00065930895626375823,-0.00083826065832165453,-0.00017220015690300183,0.0012932191351140761,0.70710678118654746,0.70710678118654757,0.43388373911755823,-0.90096886790241903
2026-07-30 04:00:00,0.33333333333333331,0.22639682647480355,0.99430898860699524,0.5,0,-0.10000000000000001,0,-0.75633618696842941,61.319841323740178,-6.3764818106107848,33.152484275783273,0.0099668203098734909,0.00049835045850352556,-0.00022465347296424243,-0.0012574099016161577,0.0012968699768926024,0.8660254037844386,0.50000000000000011,0.43388373911755823,-0.90096886790241903
2026-07-30 05:00:00,0.33333333333333331,0.1903013259840968,0.96706482259050996,0.5,0,-0.10000000000000001,0,-0.8025945884795963,59.51506629920484,-6.41505301405443,33.983352118500925,0.0099955418028827622,0.00033469199614913131,-0.00029212498662839481,-0.0013550391179142918,0.0012993714436731513,0.96592582628906831,0.25881904510252074,0.43388373911755823,-0.90096886790241903
2026-07-30 06:00:00,0.33333333333333331,0.15921146821618237,0.81664136834912671,0.5,0,-0.10000000000000001,0,-0.56912388600696195,57.960573410809118,-6.451346736283436,34.090482867864736,0.009984247004283596,0.00018098672439228287,-0.00024724935223013889,-0.00076402781182277613,0.0013025498310595058,1,6.123233995736766e-17,0.43388373911755823,-0.90096886790241903
2026-07-30 07:00:00,0.33333333333333331,0.15233588271726334,0.36504703326166399,0.5,0,-0.29999999999999999,0,-0.48035666185730885,57.616794135863167,-6.4961596811244302,34.189961420845414,0.0099660576363776055,5.7757491245896252e-05,-5.2454692271608483e-05,-0.00059182903113014218,0.0013030281356590982,0.96592582628906831,-0.25881904510252063,0.43388373911755823,-0.90096886790241903
2026-07-30 08:00:00,0.33333333333333331,0.1879056785501183,-0.032872301563767345,0.5,0,0.29999999999999999,0,0.053181938736148092,59.395283927505915,-6.5003914159177647,34.646470615761814,0.00984503758054712,-4.9419971967395223e-06,0.00035963407620759336,5.9930031705845987e-05,0.0012906919240551643,0.86602540378443871,-0.49999999999999978,0.43388373911755823,-0.90096886790241903
2026-07-30 09:00:00,0.33333333333333331,0.10956033227452579,-0.59336728553830909,0.5,0,-0.29999999999999999,0,-0.21777835671321369,55.47801661372629,-6.4784313136453067,34.050181296956502,0.0094937352358715182,-0.00010490026620869875,-0.00056198509596028234,-0.00025480571202429747,0.0012926223680472218,0.70710678118654757,-0.70710678118654746,0.43388373911755823,-0.90096886790241903
2026-07-30 10:00:00,0.33333333333333331,0.075935896687065713,-0.85646751363389784,0.5,0,-0.29999999999999999,0,-0.37304737341249361,53.796794834353285,-6.4819814970418319,33.496484072351571,0.0090938568410295594,-0.00019592913169531596,-0.0002473735315440817,-0.00044972455129677069,0.0012963367431173883,0.49999999999999994,-0.86602540378443871,0.43388373911755823,-0.90096886790241903
2026-07-30 11:00:00,0.33333333333333331,0.20960081012824461,-0.72316831022142547,-1,0,0.14999999999999999,0,0.37534455319995197,60.48004050641223,-6.4399832534137245,33.609839630393907,0.0084923009431776188,-0.00014595474018507036,0.0012811821592813022,0.00047182353177693814,0.0013046306422221418,0.25881904510252102,-0.9659258262890682,0.43388373911755823,-0.90096886790241903
2026-07-30 12:00:00,0.33333333333333331,0.35621740654093259,0.23565794356119213,-1,0,0.29999999999999999,0,0.98007242683436668,67.810870327046629,-6.3845649401653857,34.616299223398279,0.008351026078788442,4.0526635734316465e-05,0.0018701241976178395,0.00290393282535506,0.0013499839441617457,1.2246467991473532e-16,-1,0.43388373911755823,-0.90096886790241903
2026-07-30 13:00:00,0.33333333333333331,0.39851255562051446,0.80582122274498214,-1,0,0.29999999999999999,0,0.99329589364394932,69.925627781025725,-6.3268880562118586,36.214510582232762,0.0079553693668396389,0.00019931529924524342,0.00065745239573994363,0.0038087587526390854,0.0013360007217052704,-0.25881904510252079,-0.96592582628906831,0.43388373911755823,-0.90096886790241903
2026-07-30 14:00:00,0.33333333333333331,0.38514872404590333,0.8927135414315247,-1,0,0.29999999999999999,0,0.94077377086562508,69.257436202295168,-6.2826329203225271,37.419634850151645,0.0071913166343940413,0.0002681507992864803,-8.9627151111715264e-05,0.0024379494422460679,0.0013375108600146711,-0.49999999999999972,-0.86602540378443882,0.43388373911755823,-0.90096886790241903
2026-07-30 15:00:00,0.33333333333333331,0.20890659543724879,0.71948673929127005,0.5,0,-0.29999999999999999,0,-0.45057912997291671,60.44532977186244,-6.2469036973246643,38.035687564551885,0.0057961750804654023,0.00017555384974498158,-0.0012705817235837413,-0.00070275647895551296,0.0013873812665172358,-0.70710678118654713,-0.70710678118654791,0.43388373911755823,-0.90096886790241903
2026-07-30 16:00:00,0.33333333333333331,0.45674525230711455,0.96676996774178114,0.5,0,0.29999999999999999,0,0.93767795908569151,72.837262615355726,-6.1037144958189877,39.490777685437337,0.0062182123993119957,0.00045592613633899408,0.0042240444910141561,0.0028638356163186995,0.0016384553705566561,-0.86602540378443837,-0.50000000000000044,0.43388373911755823,-0.90096886790241903
2026-07-30 17:00:00,0.33333333333333331,0.42864261517420088,0.9876803795251593,0.5,0,0.14999999999999999,0,0.92358206310697366,71.432130758710045,-6.0965337827471782,41.234635182237696,0.0073997791858753745,0.00057206378181429368,-0.00024578900255212144,0.0027076737648782934,0.0012870763032416131,-0.96592582628906831,-0.25881904510252063,0.43388373911755823,-0.90096886790241903
2026-07-30 18:00:00,0.33333333333333331,0.53010962788158589,0.99786630439510404,1,0,0.14999999999999999,0,0.99868797902393769,76.505481394079297,-6.0362072777530331,43.108613201132854,0.0094137533045887175,0.00081782477558523144,0.0025517714426535054,0.0065300269311155401,0.0013265449998659967,-1,-1.8369701987210297e-16,0.43388373911755823,-0.90096886790241903
2026-07-30 19:00:00,0.33333333333333331,0.54556602340131288,0.99945016998341141,1,0,0.14999999999999999,0,0.92177675759270672,77.278301170065646,-6.0671764964629427,44.957367180151095,0.011191726906305391,0.00095011817539365643,0.00045313237811855922,0.0027591148182199432,0.0012964720705132716,-0.96592582628906842,0.2588190451025203,0.43388373911755823,-0.90096886790241903
2026-07-30 20:00:00,1,0.563073517302775,0.99970106693695404,1,0,0.14999999999999999,0,0.96853405258926561,78.153675865138752,-6.0804455147863052,46.720206164556693,0.012697540501915548,0.0010072971485111651,0.00051231220980429981,0.0035172160305763644,0.0012700099810474318,-0.8660254037844386,0.50000000000000011,0.43388373911755823,-0.90096886790241903
2026-07-30 21:00:00,1,0.57433534928799157,0.99976846810819087,1,0,0.14999999999999999,0,0.65931550567800279,78.716767464399581,-6.1201733983390758,48.400049160579897,0.014043508653540879,0.00099614818802131648,0.00032655484927268663,0.0012919994371955457,0.0012659842393503121,-0.70710678118654768,0.70710678118654735,0.43388373911755823,-0.90096886790241903
2026-07-30 22:00:00,1,0.51232129759571621,0.9994723089377765,1,0,0.14999999999999999,0,0.22324202313620251,75.61606487978581,-6.1592081185453171,49.968260744625113,0.014927530008814908,0.00087092537262815645,-0.00048244817401360551,0.00035641888506338093,0.0012746915437735658,-0.50000000000000044,0.86602540378443837,0.43388373911755823,-0.90096886790241903
2026-07-30 23:00:00,1,0.46083872741782045,0.99769246114027765,1,0,-0.14999999999999999,0,-0.35384730727068447,73.041936370891023,-6.200738807200489,51.142645511392814,0.01538308813405226,0.00068580258978888451,-0.00040098017913070549,-0.00055687350387162438,0.0012562367380212025,-0.25881904510252157,0.96592582628906809,0.43388373911755823,-0.90096886790241903
2026-07-31 00:00:00,1,0.39728138190536472,0.9834845686488296,1,0,-0.10000000000000001,0,-0.74509641725059972,69.864069095268235,-6.2482714832603259,51.58259913617637,0.015504778482670019,0.0004629807308651375,-0.00049773605416569833,-0.0013811644073100093,0.0012649068228133917,0,1,-0.43388373911755801,-0.90096886790241915
2026-07-31 01:00:00,1,0.43445769432687881,0.94056455839657394,1,0,-0.10000000000000001,0,-0.14168548237024803,71.722884716343941,-6.2696935373408342,52.202206291685712,0.015544378762120092,0.00032990172345338797,0.00069824624186892725,-0.00020046999142747657,0.0012560534660783049,0.25881904510252074,0.96592582628906831,-0.43388373911755801,-0.90096886790241915
2026-07-31 02:00:00,1,0.36961203674439391,0.69345374357180878,1,0,-0.10000000000000001,0,-0.21494798571890217,68.480601837219695,-6.3024050539010297,52.7775557932301,0.01522258624657696,0.00015654966672694597,-0.00049763623818699365,-0.00029712605048376473,0.0012645034070599324,0.49999999999999994,0.86602540378443871,-0.43388373911755801,-0.90096886790241915
2026-07-31 03:00:00,1,0.34806260719468268,-0.025769579586103923,1,0,0.10000000000000001,0,0.028032338125726544,67.403130359734135,-6.3293530769354938,52.696836339257885,0.014653984856971636,-4.5962154669879421e-06,-0.00016345696660269304,3.7153037079240558e-05,0.0012669708192296792,0.70710678118654746,0.70710678118654757,-0.43388373911755801,-0.90096886790241915
2026-07-31 04:00:00,1,0.27444485892228743,-0.77929725135407912,1,0,-0.10000000000000001,0,-0.7319430374400564,63.72224294611437,-6.3436016089171394,52.107291448107816,0.013912951113405217,-0.00018345685662940567,-0.00055744054482104177,-0.0012185337496107285,0.0012858711483057302,0.8660254037844386,0.50000000000000011,-0.43388373911755801,-0.90096886790241915
2026-07-31 05:00:00,1,0.27558095678106781,-0.95083113219640525,1,0,-0.10000000000000001,0,-0.50495841311728962,63.779047839053391,-6.3719525641491295,51.559856906325606,0.01273641936549883,-0.00031448685873321051,1.4869114618953905e-05,-0.00070602839680478091,0.0012700496286742139,0.96592582628906831,0.25881904510252074,-0.43388373911755801,-0.90096886790241915
2026-07-31 06:00:00,1,0.27983138062105167,-0.9857841618663099,1,0,-0.10000000000000001,0,-0.38226383361423261,63.991569031052585,-6.4137277264837191,50.574419766612621,0.01108630435762801,-0.00040476107132555311,5.2040160146760162e-05,-0.00049053127005532771,0.0012636810405401828,1,6.123233995736766e-17,-0.43388373911755801,-0.90096886790241915
2026-07-31 07:00:00,1,0.21824945341480459,-0.99641182177799936,1,0,-0.29999999999999999,0,-0.28647968248443217,60.912472670740229,-6.441071963524081,49.36757812019929,0.0095955194105498114,-0.00050404061707653471,-0.00041639712990215738,-0.00034948785513644332,0.0012599260491624787,0.96592582628906831,-0.25881904510252063,-0.43388373911755801,-0.90096886790241915
2026-07-31 08:00:00,1,0.18109084859396177,-0.99900768961115582,1,0,-0.29999999999999999,0,-0.49029354670420916,59.054542429698088,-6.4712967993648691,48.01552686194281,0.0086484326976263987,-0.00058857143678591904,-0.00025289716146154051,-0.00061725413121693773,0.0012124937125649463,0.86602540378443871,-0.49999999999999978,-0.43388373911755801,-0.90096886790241915
2026-07-31 09:00:00,1,0.24391117798467221,-0.99878194322828828,1,0,-0.29999999999999999,0,-0.025456180848933394,62.19555889923361,-6.4560504672055421,47.400228057500421,0.0077878705417591234,-0.00058150412555164335,0.00063955738860860256,-2.9736902755095329e-05,0.0012121688341421642,0.70710678118654757,-0.70710678118654746,-0.43388373911755801,-0.90096886790241915
2026-07-31 10:00:00,1,0.25535626865033606,-0.99832505194869037,0.5,0,0.29999999999999999,0,0.4049432659030745,62.767813432516803,-6.4483953317665366,46.873830555506778,0.0066477748834079453,-0.00056074235966963731,0.00011894230568809672,0.00050560253283515877,0.0012101709525278177,0.49999999999999994,-0.86602540378443871,-0.43388373911755801,-0.90096886790241915
2026-07-31 11:00:00,1,0.30360393807682329,-0.99466452786284165,0.5,0,0.14999999999999999,0,0.76619771116372004,65.180196903841164,-6.3881206215213195,45.289331869680417,0.0038375473988123848,-0.0004980223105455709,0.00050534702809229559,0.0012638467223889949,0.0011574821148011183,0.25881904510252102,-0.9659258262890682,-0.43388373911755801,-0.90096886790241915
2026-07-31 12:00:00,1,0.18892446468647278,-0.99494741964737321,0.5,0,-0.29999999999999999,0,-0.05802994024723733,59.446223234323639,-6.3646683142021727,44.039283595788177,0.0033759024067695357,-0.00051454103276679783,-0.00069863545963805285,-7.4346125857660539e-05,0.00073016070933359966,1.2246467991473532e-16,-1,-0.43388373911755801,-0.90096886790241915
2026-07-31 13:00:00,1,0.11900159389323378,-0.99753655011896103,0.5,0,-0.29999999999999999,0,-0.48378621949733758,55.950079694661689,-6.3967699582098243,42.574506220304187,0.0027400372711237917,-0.00055826474752602821,-0.00046106939167367411,-0.00065435782321943137,0.00073681879228155122,-0.25881904510252079,-0.96592582628906831,-0.43388373911755801,-0.90096886790241915
2026-07-31 14:00:00,0.33333333333333331,-0.11512027798638982,-0.99959678045531097,-1,0,-0.29999999999999999,0,-0.98308524548007592,44.243986100680509,-6.3526341874955135,40.044466334337777,0.0037390562955510868,-0.00074119635461796646,-0.001928382432076936,-0.003088087283388663,0.00061411627906229947,-0.49999999999999972,-0.86602540378443882,-0.43388373911755801,-0.90096886790241915
2026-07-31 15:00:00,0.33333333333333331,-0.085836813423341735,-0.99984392709991943,-1,0,-0.29999999999999999,0,-0.93321028035883158,45.708159328832913,-6.3634406482296209,37.940172053574457,0.0042817598772920754,-0.00081503063310301447,0.00023100625682559439,-0.0021584455669250158,0.00060453400904037999,-0.70710678118654713,-0.70710678118654791,-0.43388373911755801,-0.90096886790241915
2026-07-31 16:00:00,0.33333333333333331,-0.18275780874416767,-0.99990904650156154,-1,0,-0.29999999999999999,0,-0.96036668090360122,40.862109562791616,-6.3005337668555157,36.769549728631823,0.0049873223861663677,-0.00091750312377017387,-0.00096909345171697359,-0.0026664696269683152,0.00060819162334383294,-0.86602540378443837,-0.50000000000000044,-0.43388373911755801,-0.90096886790241915
2026-07-31 17:00:00,1,0.16799584334657269,-0.99526177930305137,-1,0,0.14999999999999999,0,0.94632777571457827,58.399792167328634,-6.1553550574897233,34.483707589742878,0.0046805281736189584,-0.00064117478923162385,0.0035735328861858928,0.0028354456912945136,0.0010438627851122738,-0.96592582628906831,-0.25881904510252063,-0.43388373911755801,-0.90096886790241915
2026-07-31 18:00:00,1,0.227609369319553,-0.94364415127363088,-1,0,0.14999999999999999,0,0.97636956967814237,61.38046846597765,-6.1631976948845697,32.990853321225721,0.0046429815027928846,-0.00037274195320813742,0.00086169119647017123,0.0034661306309390905,0.0010593789449431742,-1,-1.8369701987210297e-16,-0.43388373911755801,-0.90096886790241915
2026-07-31 19:00:00,1,0.20124059469971201,-0.79151983207166798,-1,0,0.14999999999999999,0,0.99237814549201264,60.0620297349856,-6.2031869144136813,31.604631500459785,0.0046444563518747446,-0.00021756832030020217,-0.00024506072801711021,0.0041901633546389538,0.0010569011463314952,-0.96592582628906842,0.2588190451025203,-0.43388373911755801,-0.90096886790241915
2026-07-31 20:00:00,1,0.29468350233770196,0.0031924125392479349,-1,0,0.14999999999999999,0,0.86905547010029127,64.734175116885098,-6.1917061814336343,31.134068660407621,0.0051313250977210031,6.5327592746640406e-07,0.0014027173450049113,0.0020193478134579723,0.0010945231543527947,-0.8660254037844386,0.50000000000000011,-0.43388373911755801,-0.90096886790241915
2026-07-31 21:00:00,1,0.28781602790929556,0.54214278843673802,-1,0,0.14999999999999999,0,0.62990717513899286,64.390801395464777,-6.2163123833002452,30.701629078216936,0.0054450318625846005,0.00012123029078479203,-5.9334416203871143e-05,0.0010983222007839299,0.0010856347025255638,-0.70710678118654768,0.70710678118654735,-0.43388373911755801,-0.90096886790241915
2026-07-31 22:00:00,1,0.23830041284300107,0.63161575681777116,-1,0,0.14999999999999999,0,0.57081531581788414,61.915020642150054,-6.2518751717226859,30.3000780376113,0.0056727738125662616,0.00014337594037854831,-0.00041543951872380358,0.00092794341007723657,0.0010835761140942307,-0.50000000000000044,0.86602540378443837,-0.43388373911755801,-0.90096886790241915
2026-07-31 23:00:00,1,0.31251682235756961,0.82986094606412941,-1,0,0.14999999999999999,0,0.39789630193100201,65.62584111787848,-6.2414329485208428,30.324110830632002,0.0062237033468518187,0.00023125070375384438,0.0010827488042563505,0.00060797486932867573,0.0011055598161589526,-0.25881904510252157,0.96592582628906809,-0.43388373911755801,-0.90096886790241915
2026-08-03 00:00:00,1,0.23277703171482259,0.7889438462424182,-1,0,0,0.53333333333333333,0,61.638851585741129,-6.2583426168661402,30.346426995579797,0.0064965402096427332,0.0002045799082194895,-0.00066730928553254687,0,0.0011093900407796436,0,1,0,1
2026-08-03 01:00:00,1,0.2994882829200719,0.85392766334122061,0.5,0,0.10000000000000001,0.53333333333333333,0.74323221573267351,64.974414146003596,-6.2385565453087626,31.017335555883363,0.0069963865265804618,0.00024808306069395449,0.00097115816381471154,0.0013865976825385151,0.0011251865970571728,0.25881904510252074,0.96592582628906831,0,1
2026-08-03 02:00:00,1,0.26073719501345122,0.82683515982670097,0.5,0,-0.10000000000000001,0.53333333333333333,-0.01062790858693345,63.036859750672562,-6.2755440847846291,31.640322076165248,0.0073185438852967008,0.00022168121062730709,-0.00031867313669897701,-1.4824258416812341e-05,0.0011302093977567603,0.49999999999999994,0.86602540378443871,0,1
2026-08-03 03:00:00,1,0.22772818598134364,0.68025624320130007,1,0,0.10000000000000001,0.53333333333333333,0.26836527699927643,61.386409299067182,-6.2710662057279416,32.447135015098951,0.0074800305136019938,0.00015681026800663388,-0.00026687423710042291,0.00038561079001531162,0.0011267707613652053,0.70710678118654746,0.70710678118654757,0,1
2026-08-03 04:00:00,1,0.10797199528987889,0.030289633191579804,1,0,-0.10000000000000001,0.53333333333333333,-0.81378561763616131,55.398599764493945,-6.262420316149079,31.967025696154654,0.0074063490880791841,5.7768660352308134e-06,-0.0010236782093869801,-0.00160922558318638,0.0011543085139822519,0.8660254037844386,0.50000000000000011,0,1
2026-08-03 05:00:00,1,0.075233104435982343,-0.6070859080011235,1,0,-0.10000000000000001,0.53333333333333333,-0.82428249944584253,53.761655221799117,-6.303980738012771,31.323924544607411,0.007373665396116732,-0.00012881593181563833,-0.00029691432013212449,-0.0015874667666195275,0.0011509699173260456,0.96592582628906831,0.25881904510252074,0,1
2026-08-03 06:00:00,0.33333333333333331,0.056738289280343253,-0.87125937753037241,1,0,-0.10000000000000001,0.53333333333333333,-0.8152625804711352,52.836914464017163,-6.3478488000559103,30.338567408191526,0.0073371681913033332,-0.0002342677235912824,-0.00016334046128013702,-0.0014839329907992416,0.0011520662848695051,1,6.123233995736766e-17,0,1
2026-08-03 07:00:00,1,0.091910202949540429,-0.92501645169724045,1,0,-0.29999999999999999,0.53333333333333333,-0.095165896160296415,54.595510147477022,-6.3912338706948191,29.588385844714374,0.0073444747435978544,-0.00027199658521255424,0.00034149963212354306,-0.00011875514928871844,0.001149279887811645,0.96592582628906831,-0.25881904510252063,0,1
2026-08-03 08:00:00,1,0.11883280363975558,-0.93306613296766661,0.5,0,0.29999999999999999,0.53333333333333333,0.34974805967499079,55.941640181987779,-6.4279592409130144,29.133277824914398,0.007298594304339304,-0.00027170022473731355,0.00025975857442123162,0.00043791774526463767,0.0011364394520097494,0.86602540378443871,-0.49999999999999978,0,1
2026-08-03 09:00:00,0.33333333333333331,-0.016624159410443439,-0.97670725980531803,0.5,0,-0.29999999999999999,0.53333333333333333,-0.40119833503884539,49.168792029477828,-6.4089437085529779,27.622819128502279,0.0071480475765964852,-0.00036566752235786125,-0.0011211554271498003,-0.00051989722060502563,0.001162733246375674,0.70710678118654757,-0.70710678118654746,0,1
2026-08-03 10:00:00,0.33333333333333331,-0.010516352972797308,-0.98626934998126281,0.5,0,-0.29999999999999999,0.53333333333333333,-0.57690920790514022,49.474182351360135,-6.4027500067682581,25.816227260368066,0.0063308804607699731,-0.00041212619458554588,5.200188693715857e-05,-0.00080939496579141013,0.0010644408218987852,0.49999999999999994,-0.86602540378443871,0,1
2026-08-03 11:00:00,0.33333333333333331,-0.034919383038148337,-0.9946508548301799,-1,0,-0.14999999999999999,0.53333333333333333,-0.86939614789745512,46.508061696185166,-6.43726403051443,24.138677668529159,0.0055211722060897811,-0.00047393404598354127,-0.00051270811313375297,-0.0015818616533463947,0.0010748234739598732,0.25881904510252102,-0.9659258262890682,0,1
2026-08-03 12:00:00,0.33333333333333331,-0.055308601964712809,-0.99774876983798011,-1,0,-0.29999999999999999,0.53333333333333333,-0.61265858275638763,44.469139803528719,-6.4653548073888656,22.642372448329787,0.0038219423705844208,-0.00052827867149852429,-0.00036425675299900373,-0.00082496297919559813,0.0010506784822951897,1.2246467991473532e-16,-1,0,1
2026-08-03 13:00:00,0.33333333333333331,-0.0069512668387722697,-0.99584254896881641,-1,0,-0.29999999999999999,0.53333333333333333,-0.12172761136293719,49.304873316122773,-6.4674882709711756,21.143214645705161,0.0037604373590558156,-0.00047944246014433654,0.00073581059542460192,-0.00014115427070815478,0.00069661535831670241,-0.25881904510252079,-0.96592582628906831,0,1
2026-08-03 14:00:00,1,0.028760330592481651,-0.98608570627003833,-1,0,0.29999999999999999,0.53333333333333333,0.6908865936879478,52.876033059248165,-6.4824602718346354,20.162656515507624,0.0037618063521752672,-0.00037952718386062903,0.00059419914846664534,0.00096575299089224353,0.00068186769295719158,-0.49999999999999972,-0.86602540378443882,0,1
2026-08-03 15:00:00,0.33333333333333331,-0.025431500686812568,-0.97275334080996023,-1,0,0.29999999999999999,0.53333333333333333,0.74631338636603251,51.271575034340628,-6.493257637665689,19.566718362569304,0.003763945331833894,-0.00032408320402121092,-0.00024506436775362239,0.0010849453761376249,0.00068186776159684967,-0.70710678118654713,-0.70710678118654791,0,1
2026-08-03 16:00:00,0.33333333333333331,0.083477688681889081,-0.97972961553287274,-1,0,-0.29999999999999999,0.53333333333333333,-0.43991251833879491,45.826115565905546,-6.4719488608209934,18.356303133459452,0.0039383470482306868,-0.00035420215262522026,-0.00089164975962890969,-0.00054251497891588674,0.00062385636379413414,-0.86602540378443837,-0.50000000000000044,0,1
2026-08-03 17:00:00,0.33333333333333331,0.19341552920108654,-0.9935949221800604,-1,0,-0.14999999999999999,0.53333333333333333,-0.95511104806638769,40.329223539945673,-6.4575570771878734,18.013051970710055,0.004434326217843238,-0.00045024216641738405,-0.0010635885584686089,-0.002200302685851141,0.00065855134972828534,-0.96592582628906831,-0.25881904510252063,0,1
2026-08-03 18:00:00,0.33333333333333331,0.22018429691557928,-0.99720548485168414,-1,0,-0.14999999999999999,0.53333333333333333,-0.95810320654067971,38.990785154221037,-6.4593173590606776,18.631350537912201,0.0049598873639763157,-0.00051453091056444852,-0.0002828222704175376,-0.0022380605885150562,0.00065656880021001366,-1,-1.8369701987210297e-16,0,1
2026-08-03 19:00:00,0.33333333333333331,0.28166620024352823,-0.99905598754105807,-1,0,-0.14999999999999999,0.53333333333333333,-0.9436805403900751,35.916689987823588,-6.478469692585227,19.205484921742766,0.0053907383862858618,-0.00058819909362129374,-0.00067761022135459648,-0.002024021050240743,0.00059659081530636314,-0.96592582628906842,0.2588190451025203,0,1
2026-08-03 20:00:00,0.33333333333333331,-0.16017435311580158,-0.99964346627276068,-1,0,-0.14999999999999999,0.53333333333333333,-0.85502663532479695,33.982564688419842,-6.5084962547949239,20.092855556286544,0.0059785228641560106,-0.0006433983955298079,-0.000454479424003007,-0.0014149119157751411,0.00059056798305471691,-0.8660254037844386,0.50000000000000011,0,1
2026-08-03 21:00:00,0.33333333333333331,-0.090555688251762162,-0.99895567257036244,-1,0,-0.14999999999999999,0.53333333333333333,-0.1852233688218396,40.944431174823784,-6.5061377483732121,20.377180074697975,0.0057832898300286314,-0.00056459900876572138,0.00092364309253212262,-0.00020844655282548086,0.00058552849914695053,-0.70710678118654768,0.70710678118654735,0,1
2026-08-03 22:00:00,0.33333333333333331,-0.092050191162171724,-0.99790841458584978,-1,0,0.14999999999999999,0.53333333333333333,0.39374401083356247,40.794980883782827,-6.5588546573561768,20.43145007503227,0.0055567710330593116,-0.00048634240833039647,-2.9781626227909364e-05,0.00043938204230120625,0.00058701573854560225,-0.50000000000000044,0.86602540378443837,0,1
2026-08-03 23:00:00,0.33333333333333331,-0.077299871774338627,-0.99385150697110236,-1,0,0.14999999999999999,0.53333333333333333,0.79168302287314096,42.270012822566137,-6.6024995280022445,20.649018081727956,0.0052380628685992619,-0.00039227458428734308,0.00019356471822329357,0.0010874261845275068,0.0005942446229523212,-0.25881904510252157,0.96592582628906809,0,1
2026-08-04 00:00:00,0.33333333333333331,-0.1042533848503949,-0.98876080450384851,-1,0,-0.10000000000000001,0.53333333333333333,-0.31345328711504605,39.574661514960511,-6.6028665892226641,21.377286613750204,0.0052573945862474727,-0.00035104595996305124,-0.00049142977266369847,-0.00032764668066831426,0.00056676097948181621,0,1,0.7818314824680298,0.62348980185873359
2026-08-04 01:00:00,0.33333333333333331,-0.084783263443829568,-0.97428448670859757,-1,0,-0.10000000000000001,0.53333333333333333,-0.061548054697533987,41.521673655617043,-6.6468116898437906,21.73754658634553,0.0052142923762991365,-0.00028175577967788634,0.00023829914101680671,-5.9565913423598182e-05,0.00057328548677724306,0.25881904510252074,0.96592582628906831,0.7818314824680298,0.62348980185873359
2026-08-04 02:00:00,0.33333333333333331,-0.09786535014544874,-0.95576353680655779,0.5,0,-0.10000000000000001,0.53333333333333333,-0.47045731528438606,40.213464985455126,-6.6819861698260725,22.223505407277486,0.0051903893687222005,-0.00023743423865788536,-0.00022340378092106095,-0.0004765344125679527,0.00057352759323265679,0.49999999999999994,0.86602540378443871,0.7818314824680298,0.62348980185873359
2026-08-04 03:00:00,0.33333333333333331,-0.11063618211079479,-0.93582297944368653,0.5,0,-0.10000000000000001,0.53333333333333333,-0.21565614871512459,38.936381788920521,-6.6988427167451263,22.447426194539712,0.0050337866803142513,-0.00020990662812850217,-0.00021600444010361208,-0.00020110908000786631,0.0005617603601984375,0.70710678118654746,0.70710678118654757,0.7818314824680298,0.62348980185873359
2026-08-04 04:00:00,0.33333333333333331,-0.087761784507236762,-0.85074743772149619,0.5,0,-0.10000000000000001,0.53333333333333333,-0.20899141452506104,41.223821549276323,-6.7042091294093522,22.910999644978816,0.0046091972933451674,-0.00015430279947692318,0.00024579449469608328,-0.00019361372632858975,0.00056119494265639434,0.8660254037844386,0.50000000000000011,0.7818314824680298,0.62348980185873359
2026-08-04 05:00:00,-0.33333333333333331,-0.090763458561315319,-0.72180942451030183,0.5,0,-0.10000000000000001,0.53333333333333333,-0.016790386197873271,40.923654143868468,-6.7329234617448748,23.163142056634097,0.004484831526802114,-0.00010855338740904858,-4.4685414688216962e-05,-1.4895360095745769e-05,0.00051592763685634306,0.96592582628906831,0.25881904510252074,0.7818314824680298,0.62348980185873359
2026-08-04 06:00:00,-0.33333333333333331,-0.096042851805719642,-0.55939663473004442,-0.5,0,0.10000000000000001,0.53333333333333333,0.14477676560933037,40.395714819428036,-6.7542009081610646,23.397274296028286,0.0042927173115577168,-7.3684083946402965e-05,-7.4480128736065243e-05,0.00012662895127180107,0.00051440761353175495,1,6.123233995736766e-17,0.7818314824680298,0.62348980185873359
2026-08-04 07:00:00,-0.33333333333333331,-0.093568925823850999,-0.33740392637396244,-0.5,0,-0.29999999999999999,0.53333333333333333,-0.11652790317980602,40.6431074176149,-6.8029046927128407,23.730075587423357,0.0041845135745825655,-3.8997891052644463e-05,2.2344621092018624e-05,-9.6820922332263581e-05,0.00050743385102155699,0.96592582628906831,-0.25881904510252063,0.7818314824680298,0.62348980185873359
2026-08-04 08:00:00,-0.33333333333333331,-0.098946879483223713,-0.12665865287403785,0.5,0,-0.29999999999999999,0.53333333333333333,-0.14643346286433698,40.105312051677629,-6.8263674977291817,24.395815719879018,0.0041308173323328697,-1.3814011439792161e-05,-6.703536117808051e-05,-0.00011917086882212713,0.00050378931671592197,0.86602540378443871,-0.49999999999999978,0.7818314824680298,0.62348980185873359
2026-08-04 09:00:00,-0.33333333333333331,-0.073520792779588284,0.25225155488871281,0.5,0,0.29999999999999999,0.53333333333333333,0.20168097949379227,42.647920722041171,-6.8346183925602038,24.133548600507172,0.003785607940516703,2.7737842254406853e-05,0.00020853970150136458,0.0001638489614153027,0.00047100620759726452,0.70710678118654757,-0.70710678118654746,0.7818314824680298,0.62348980185873359
2026-08-04 10:00:00,0.33333333333333331,-0.0079960538823468149,0.76770996189642027,0.5,0,0.29999999999999999,0.53333333333333333,0.71883369954412879,49.200394611765319,-6.8283889715318518,23.01980835423775,0.0029879336643713647,0.00010985439656412566,0.00058814553457781082,0.0007296498749010949,0.00047052696669445634,0.49999999999999994,-0.86602540378443871,0.7818314824680298,0.62348980185873359
2026-08-04 11:00:00,0.33333333333333331,0.034755056279812423,0.95228770830495524,0.5,0.5,0.14999999999999999,0.53333333333333333,0.91207061106508447,53.475505627981242,-6.8325278438739891,21.520465692792765,0.0021396212370967784,0.00020007752072825143,0.00043902240091414635,0.0012357076369933218,0.00048536449408596264,0.25881904510252102,-0.9659258262890682,0.7818314824680298,0.62348980185873359
2026-08-04 12:00:00,0.33333333333333331,0.031489371176378712,0.98295788341800716,0.5,0.5,0.29999999999999999,0.53333333333333333,0.85510148691392451,53.148937117637871,-6.857898931210439,20.077665930745887,0.0017322091284461875,0.00024999089522487704,-2.975814071359828e-05,0.00099740979477835889,0.0004464813999679292,1.2246467991473532e-16,-1,0.7818314824680298,0.62348980185873359
2026-08-04 13:00:00,0.33333333333333331,-0.08258758948085515,0.99054891888051966,0.5,0.5,0.29999999999999999,0.53333333333333333,0.5678546667415395,54.129379474042757,-6.8539057467797946,19.212172494967291,0.001856536366384629,0.00028230158102125335,9.6710719714676596e-05,0.00050597497991522467,0.00037631962586841483,-0.25881904510252079,-0.96592582628906831,0.7818314824680298,0.62348980185873359
2026-08-04 14:00:00,0.33333333333333331,-0.1406855228062939,0.9941978836526183,0.5,0.5,0.29999999999999999,0.53333333333333333,0.41444567134511651,57.034276140314695,-6.8229392321979079,19.144478525007035,0.0021332107077307971,0.00031783463320696702,0.00029007605402464609,0.00035702863302572441,0.0003739948942118491,-0.49999999999999972,-0.86602540378443882,0.7818314824680298,0.62348980185873359
2026-08-04 15:00:00,1,-0.064373320672424364,0.99168704929856821,0.5,0.5,0.29999999999999999,0.53333333333333333,0.099534972160302243,53.218666033621219,-6.8111006424909153,19.081619838615367,0.0022235363826756281,0.00030174616043178573,-0.00030495401752922424,8.1832756210098445e-05,0.00034408793731619832,-0.70710678118654713,-0.70710678118654791,0.7818314824680298,0.62348980185873359
2026-08-04 16:00:00,1,-0.12293888551194129,0.9907823269579159,0.5,0.5,0.29999999999999999,0.53333333333333333,0.30805778501443326,56.146944275597065,-6.7849538305864145,18.418223549476277,0.0022368396842875372,0.00030387391409353418,0.00028264346203266122,0.00026776549852808307,0.00032437221758066775,-0.86602540378443837,-0.50000000000000044,0.7818314824680298,0.62348980185873359
