dt,ema_stack,rsi_momentum,macd_hist,market_structure,bb_squeeze,session_filter,mtf_daily_trend,candle_momentum,rsi14,log_atr14,adx14,bb_bandwidth,macd_hist_raw,ret1,ret3,rv20,hour_sin,hour_cos,dow_sin,dow_cos
2026-07-17 04:00:00,,,,,,,0,,,,,,0,,,,0.8660254037844386,0.50000000000000011,-0.43388373911755801,-0.90096886790241915
2026-07-17 05:00:00,,,,,,,0,,,,,,-1.4039886039896032e-05,-0.00019234131900516815,,,0.96592582628906831,0.25881904510252074,-0.43388373911755801,-0.90096886790241915
2026-07-17 06:00:00,,,,,,,0,,,,,,-6.1174048911993841e-06,0.00021856681455925675,,,1,6.123233995736766e-17,-0.43388373911755801,-0.90096886790241915
2026-07-17 07:00:00,,,,,,-0.29999999999999999,0,,,,,,-2.3121302511071915e-05,-0.00030600691814405834,-0.00027978142258996974,,0.96592582628906831,-0.25881904510252063,-0.43388373911755801,-0.90096886790241915
2026-07-17 08:00:00,,,,,,0.29999999999999999,0,,,,,,-6.9412530392270331e-06,0.00034971454906637667,0.00026227444548157508,,0.86602540378443871,-0.49999999999999978,-0.43388373911755801,-0.90096886790241915
2026-07-17 09:00:00,,,,,,0.29999999999999999,0,,,,,,6.7496085470440342e-05,0.0008737516829505354,0.00091745931387285373,,0.70710678118654757,-0.70710678118654746,-0.43388373911755801,-0.90096886790241915
2026-07-17 10:00:00,,,,,,0.29999999999999999,0,,,,,,7.7389149596499292e-05,-0.00045425559646519731,0.00076921063555171476,,0.49999999999999994,-0.86602540378443871,-0.43388373911755801,-0.90096886790241915
2026-07-17 11:00:00,,,,,,0.14999999999999999,0,,,,,,5.6342942885179388e-05,-0.00031460556587004085,0.00010489052061529724,,0.25881904510252102,-0.9659258262890682,-0.43388373911755801,-0.90096886790241915
2026-07-17 12:00:00,,,,,,-0.29999999999999999,0,,,,,,3.6024759720492306e-05,-5.2443885054986872e-05,-0.00082130504739022503,,1.2246467991473532e-16,-1,-0.43388373911755801,-0.90096886790241915
2026-07-17 13:00:00,,,,,,-0.29999999999999999,0,,,,,,-6.5817070331007562e-05,-0.0011894663672717132,-0.0015565158181967409,,-0.25881904510252079,-0.96592582628906831,-0.43388373911755801,-0.90096886790241915
2026-07-17 14:00:00,,,,0,,-0.29999999999999999,0,,,,,,-0.0001060539402280624,0.00028000175184039744,-0.00096190850048630261,,-0.49999999999999972,-0.86602540378443882,-0.43388373911755801,-0.90096886790241915
2026-07-17 15:00:00,,,,0,,-0.29999999999999999,0,,,,,,-0.00013340678507601118,-0.00010499146953965588,-0.0010144560849709716,,-0.70710678118654713,-0.70710678118654791,-0.43388373911755801,-0.90096886790241915
2026-07-17 16:00:00,,,,0,,0.29999999999999999,0,,,,,,-9.7339392647736344e-05,0.0006297835327336021,0.00080479381503434366,,-0.86602540378443837,-0.50000000000000044,-0.43388373911755801,-0.90096886790241915
2026-07-17 17:00:00,,,,0,,0.14999999999999999,0,,,,,,-4.6164639267021765e-05,0.00031474309355022934,0.00083953515674417556,,-0.96592582628906831,-0.25881904510252063,-0.43388373911755801,-0.90096886790241915
2026-07-17 18:00:00,,,-0.083529737983559116,0,,0.14999999999999999,0,0.80071806834582171,41.246679233970603,-6.8902912684094657,,,-8.5199837246912149e-06,3.496534060970502e-05,0.00097949196689353646,,-1,-1.8369701987210297e-16,-0.43388373911755801,-0.90096886790241915
2026-07-17 19:00:00,,,0.046506969952235411,0,,0.14999999999999999,0,0.21668254583934088,39.690782770488269,-6.9085394310407189,,,4.6504062922774955e-06,-0.0001573536614199178,0.00019235477274001656,,-0.96592582628906842,0.2588190451025203,-0.43388373911755801,-0.90096886790241915
2026-07-17 20:00:00,,,-0.11300206572745498,-1,,-0.14999999999999999,0,-0.49092391963843879,36.555742733388549,-6.9404400821073953,,,-1.0983744764732551e-05,-0.00033227239646738127,-0.00045466071727759405,,-0.8660254037844386,0.50000000000000011,-0.43388373911755801,-0.90096886790241915
2026-07-17 21:00:00,,,-0.14819461324611938,-1,,-0.14999999999999999,0,-0.46779795967003279,37.808672849625779,-6.9840220067867351,,,-1.3833119927323539e-05,7.8706072214024259e-05,-0.00041091998567327481,,-0.70710678118654768,0.70710678118654735,-0.43388373911755801,-0.90096886790241915
2026-07-17 22:00:00,,,0.22409841717197745,0.5,,0.14999999999999999,0,0.27663389471357441,44.961911820901221,-6.9961652376079977,,,2.086777754736146e-05,0.00048084699938133468,0.00022728067512797767,,-0.50000000000000044,0.86602540378443837,-0.43388373911755801,-0.90096886790241915
2026-07-17 23:00:00,,,0.25158836463118261,0.5,,0.14999999999999999,0,0.36287361737625468,42.116357004275315,-7.0194842936645125,,0.0017847543967379241,2.2992803924521516e-05,-0.00026225151819098125,0.00029730155340437769,,-0.25881904510252157,0.96592582628906809,-0.43388373911755801,-0.90096886790241915
2026-07-20 00:00:00,,,-0.48895034921822217,0.5,,-0.10000000000000001,-0.53333333333333333,-0.74785042726640205,33.392120112270561,-6.9806543420413263,,0.0019805067005297127,-4.9708911493397421e-05,-0.0010059351014238271,-0.0007873396202334737,0.00050078611885489665,0,1,0,1
2026-07-20 01:00:00,,,-0.76271260270250341,0.5,,-0.10000000000000001,-0.53333333333333333,-0.91866885417359856,33.521077867146829,-7.0008084562123782,,0.0021415451472683515,-9.1357648284368326e-05,8.751624520214607e-06,-0.0012594349950945938,0.00049991292807459106,0.25881904510252074,0.96592582628906831,0,1
2026-07-20 02:00:00,,,-0.84017053673088038,0.5,,-0.10000000000000001,-0.53333333333333333,-0.83785070361743075,34.611754992404869,-7.0433389304260228,,0.0022430257597728701,-0.00010668422503704386,7.0010239026141452e-05,-0.00092717323787747108,0.00049687747913782681,0.49999999999999994,0.86602540378443871,0,1
2026-07-20 03:00:00,,,-0.67504233413691295,0.5,,0.10000000000000001,-0.53333333333333333,0.67096185091121874,42.375069512364746,-7.0567791654709708,,0.0022521507103845759,-7.0642620590735694e-05,0.00053366696074691466,0.00061242882429327072,0.00050967627808230125,0.70710678118654746,0.70710678118654757,0,1
2026-07-20 04:00:00,,,-0.29216558453380903,-1,,0.10000000000000001,-0.53333333333333333,0.82061254207135603,45.56956434663568,-7.0855046505614494,,0.0022297902847763593,-2.5192616035403243e-05,0.00024486654895503057,0.00084854374872808669,0.00050629955951781087,0.8660254037844386,0.50000000000000011,0,1
2026-07-20 05:00:00,,,0.40511176681421968,-1,,0.10000000000000001,-0.53333333333333333,0.92542483931563546,50.527284768876406,-7.0861150869607838,,0.00197073971195166,3.5954602289306687e-05,0.00041089124636650709,0.0011894247560684523,0.00047296102934448695,0.96592582628906831,0.25881904510252074,0,1
2026-07-20 06:00:00,,,0.76601832644777945,-1,,0.10000000000000001,-0.53333333333333333,0.79218675525986071,51.637553214957521,-7.133013796667484,,0.0019014202839070834,8.0678785087928874e-05,9.6141660440557386e-05,0.00075189945576209505,0.00046346400766158222,1,6.123233995736766e-17,0,1
2026-07-20 07:00:00,,,0.91789422584358316,-1,,0.29999999999999999,-0.53333333333333333,0.79175673923274525,54.155692093675142,-7.1674491213886391,,0.0019823707499231676,0.0001215154014837873,0.00021846940422889927,0.00072550231103596374,0.00046045173732201129,0.96592582628906831,-0.25881904510252063,0,1
2026-07-20 08:00:00,,0.012159494457077501,0.90800698535325275,-1,,-0.29999999999999999,-0.53333333333333333,-0.092740632543139481,49.392025277146125,-7.1919444199574558,18.119454461404651,0.0019777086369279924,0.000114101674086193,-0.00037579693424902305,-6.1185869579566399e-05,0.00046854495668299014,0.86602540378443871,-0.49999999999999978,0,1
2026-07-20 09:00:00,,0.11193592713505424,0.73726054592280965,0.5,,-0.29999999999999999,-0.53333333333333333,-0.72200797098268266,44.403203643247288,-7.1865138909615816,17.05779142110088,0.0018595929880850194,7.1468731903210985e-05,-0.00044589579891848863,-0.00060322332893861241,0.00039265968796543105,0.70710678118654757,-0.70710678118654746,0,1
2026-07-20 10:00:00,,-0.070458744412128876,0.84336934576555456,0.5,,-0.29999999999999999,-0.53333333333333333,-0.024626876513081399,53.522937220606444,-7.1160636073295693,17.177126252096016,0.0019113036446938966,0.00010009232504159067,0.00080421693714463616,-1.7475796022875523e-05,0.00042590277820844064,0.49999999999999994,-0.86602540378443871,0,1
2026-07-20 11:00:00,,0.028416018610643901,0.75031353732287931,1,,-0.14999999999999999,-0.53333333333333333,-0.14662217919159545,48.579199069467805,-7.1153562765669456,17.287937166591497,0.001820762131480549,7.9113894809338048e-05,-0.00046321991100681248,-0.00010489877278066495,0.00044057855262602508,0.25881904510252102,-0.9659258262890682,0,1
2026-07-20 12:00:00,,0.16881516173251454,0.05167164855806617,1,,-0.29999999999999999,-0.53333333333333333,-0.54127883299794743,41.559241913374272,-7.0801628341891893,16.43868833678324,0.0018957504340939872,4.3527490756935524e-06,-0.00078709173681701383,-0.00044609471067919015,0.00045513136016439343,1.2246467991473532e-16,-1,0,1
2026-07-20 13:00:00,,0.14699881932453138,-0.40284581415813603,1,,-0.29999999999999999,-0.53333333333333333,-0.91807256326118991,42.650059033773431,-7.0854075392565186,15.650100137675574,0.0019237795124872783,-3.57533383337961e-05,9.6233339677398444e-05,-0.0011540783081464279,0.00044908670305993472,-0.25881904510252079,-0.96592582628906831,0,1
2026-07-20 14:00:00,,0.17123040829145991,-0.66305397727743498,0.5,,-0.29999999999999999,-0.53333333333333333,-0.79909028668058735,41.438479585427004,-7.0507982403195157,14.830938240244333,0.0019617511326658187,-6.918515933189003e-05,-0.00013997882843094778,-0.00083083722557056316,0.00044930255932306768,-0.49999999999999972,-0.86602540378443882,0,1
2026-07-20 15:00:00,,0.25652378209399701,-0.88177184988653046,0.5,,-0.29999999999999999,-0.53333333333333333,-0.61802485334009538,37.17381089530015,-7.0125351040545123,15.002360660216016,0.0021554114918905941,-0.00012460321325201353,-0.00052509518556528856,-0.00056884067431883789,0.00046144490713677036,-0.70710678118654713,-0.70710678118654791,0,1
2026-07-20 16:00:00,,0.35535884418177005,-0.97845905056685589,-1,,-0.29999999999999999,-0.53333333333333333,-0.94142569807322729,32.232057790911497,-7.0038889650499145,15.431555069019611,0.0026293595490168328,-0.00020529077281369271,-0.00072683649817198437,-0.0013919105121682207,0.00048148418035018613,-0.86602540378443837,-0.50000000000000044,0,1
2026-07-20 17:00:00,,0.43863060240103524,-0.99626768271212374,-1,,-0.14999999999999999,-0.53333333333333333,-0.98384817455940288,28.068469879948239,-6.9569114993177266,16.936285960104605,0.0033514656466271187,-0.0002990336244746934,-0.00075366539072954652,-0.0020055970744668195,0.00050216769657531531,-0.96592582628906831,-0.25881904510252063,0,1
2026-07-20 18:00:00,,0.33899752517599635,-0.99732719475362286,-1,,-0.14999999999999999,-0.53333333333333333,-0.86373610371459064,33.050123741200181,-6.9691428771985739,18.333536073254955,0.0036496529496571452,-0.00031112425075603022,0.00040319400313051923,-0.0010773078857710117,0.00049750662751220343,-1,-1.8369701987210297e-16,0,1
2026-07-20 19:00:00,,0.33036946114060839,-0.99634481905620464,-1,,-0.14999999999999999,-0.53333333333333333,-0.36388537861770692,33.48152694296958,-6.9653872340317369,18.843242462398194,0.0038906704033568784,-0.0002974973371296099,3.5052666635254637e-05,-0.00031541872096377266,0.00049778754736377981,-0.96592582628906842,0.2588190451025203,0,1
2026-07-20 20:00:00,,0.27719222219879486,-0.99278915821822811,-1,,0.14999999999999999,-0.53333333333333333,0.67267987145866504,36.140388890060258,-7.0050558932121767,19.316541252316917,0.0040667660814135698,-0.00025502392367766653,0.00021029020125162834,0.00064853687101740221,0.0004557463707107557,-0.8660254037844386,0.50000000000000011,0,1
2026-07-20 21:00:00,,0.24809065073949996,-0.97995003619920917,-1,,0.14999999999999999,-0.53333333333333333,0.43291282137930287,37.595467463025003,-7.0303522304812409,19.159594877525997,0.0041985142865875865,-0.00020313530141363517,0.00011388873083315043,0.00035923159872003341,0.00045711609918867684,-0.70710678118654768,0.70710678118654735,0,1
2026-07-20 22:00:00,,0.23873786657872031,-0.94581549270456267,-1,,0.14999999999999999,-0.53333333333333333,0.44522578180019889,38.063106671063984,-7.0627344884462957,19.013858958077286,0.0043115309258419847,-0.00015334609929191611,3.5040077091791355e-05,0.00035921900917657013,0.00045670347885232545,-0.50000000000000044,0.86602540378443837,0,1
2026-07-20 23:00:00,,0.26684202831427922,-0.89999912276078464,-1,,-0.14999999999999999,-0.53333333333333333,-0.024167338625619064,36.657898584286038,-7.0972198194802294,18.968529621726233,0.0044184990009285907,-0.00012181136118979063,-0.00016645130242765038,-1.7522494502708597e-05,0.00043590647292520601,-0.25881904510252157,0.96592582628906809,0,1
2026-07-21 00:00:00,,0.33121612065005052,-0.90136594310091789,-1,,-0.10000000000000001,-0.53333333333333333,-0.63516624032099367,33.439193967497474,-7.1144081657999871,19.413760720743298,0.0045521828309703239,-0.00012032440706587861,-0.00040310213927086114,-0.00053451336460672016,0.00043411362374143391,0,1,0.7818314824680298,0.62348980185873359
2026-07-21 01:00:00,,0.23007408946541175,-0.78103754481943477,-1,,-0.10000000000000001,-0.53333333333333333,-0.3070022031398506,38.496295526729412,-7.1459286414408076,19.827189598402001,0.0044734466304601327,-8.2591335863651692e-05,0.00035053281346023035,-0.00021902062823828117,0.0004304361675213062,0.25881904510252074,0.96592582628906831,0.7818314824680298,0.62348980185873359
2026-07-21 02:00:00,,0.16795742120983762,-0.4078582549800705,0.5,,0.10000000000000001,-0.53333333333333333,0.25759700762107263,41.60212893950812,-7.1836161873947884,19.707613660480938,0.0042792518067833176,-3.2864161197667264e-05,0.00022778045566979044,0.00017521112985915965,0.00043491772283329555,0.49999999999999994,0.86602540378443871,0.7818314824680298,0.62348980185873359
2026-07-21 03:00:00,,0.20930383615284384,-0.14067920251961949,0.5,,0.10000000000000001,-0.53333333333333333,0.49506025376660417,39.534808192357808,-7.1882309728415343,19.133147478397827,0.0039670802482834047,-1.0698199987163939e-05,-0.00021901870945367774,0.00035929455967634305,0.00042823347655911669,0.70710678118654746,0.70710678118654757,0.7818314824680298,0.62348980185873359
2026-07-21 04:00:00,,0.17901806151646468,0.2240057668721086,0.5,,0.10000000000000001,-0.53333333333333333,0.17587753258323077,41.049096924176766,-7.2204606027075933,18.599714595034939,0.0036954560924324586,1.6667869239354914e-05,0.00010513496711087034,0.00011389671332698303,0.0004275911885081015,0.8660254037844386,0.50000000000000011,0.7818314824680298,0.62348980185873359
2026-07-21 05:00:00,,0.23570483582927068,0.23296765032475097,0.5,,-0.10000000000000001,-0.53333333333333333,-0.56375168457825076,38.214758208536466,-7.2353618775524895,18.403929922659081,0.0035479686177827111,1.7102752694672175e-05,-0.00028914776090052663,-0.00040303150324333403,0.000422564702587995,0.96592582628906831,0.25881904510252074,0.7818314824680298,0.62348980185873359
2026-07-21 06:00:00,,0.20317156773947545,0.38851466801411888,0.5,,-0.10000000000000001,-0.53333333333333333,-0.12523327365245082,39.841421613026228,-7.2433874610608449,18.451980180389778,0.0029290313866822087,2.931386142779064e-05,0.00010515431405272446,-7.885847973693183e-05,0.00036894264587179288,1,6.123233995736766e-17,0.7818314824680298,0.62348980185873359
2026-07-21 07:00:00,,0.060365451571339858,0.79590156925792799,0.5,,0.29999999999999999,-0.53333333333333333,0.46909553763586387,46.981727421433007,-7.2539225540245305,17.849305482940586,0.0023582874804596284,7.6917090022552586e-05,0.00049933204427696221,0.00031533859742916004,0.00038684738107624375,0.96592582628906831,-0.25881904510252063,0.7818314824680298,0.62348980185873359
2026-07-21 08:00:00,,0.064560863480278521,0.90821222336723595,0.5,,0.29999999999999999,-0.53333333333333333,0.74229462918726397,46.771956825986074,-7.2627862768083604,16.608139131438506,0.0020915875906535961,0.00010638024252411613,-1.7516202487660726e-05,0.00058697015584202594,0.00035058481574898282,0.86602540378443871,-0.49999999999999978,0.7818314824680298,0.62348980185873359
2026-07-21 09:00:00,,-0.013691428225920959,0.96947285556403429,0.5,,0.29999999999999999,-0.53333333333333333,0.85222928353839922,50.684571411296048,-7.2700611270521263,15.802724384448913,0.0017519298851718166,0.00014502275986746449,0.00028897811410819041,0.00077079395589749189,0.00035748313359305049,0.70710678118654757,-0.70710678118654746,0.7818314824680298,0.62348980185873359
2026-07-21 10:00:00,,-0.052337036024409117,0.98756540926230296,0.5,,0.29999999999999999,-0.53333333333333333,0.59708315228987408,52.616851801220456,-7.2686326356784585,15.762280941909815,0.0014701459388168027,0.00017685165823137685,0.00014883492920605979,0.00042029684082658947,0.00035920237038519645,0.49999999999999994,-0.86602540378443871,0.7818314824680298,0.62348980185873359
2026-07-21 11:00:00,,-0.0025671591169431451,0.98750479794098822,0.5,,0.14999999999999999,-0.53333333333333333,0.40151405111566507,50.128357955847157,-7.2571265226761312,15.223919777246344,0.0013870824308192895,0.00017872577245862031,-0.00017510221636590773,0.00026271082694834247,0.00034186238249036454,0.25881904510252102,-0.9659258262890682,0.7818314824680298,0.62348980185873359
2026-07-21 12:00:00,,-0.041617536920779512,0.98836844049847883,0.5,,0.29999999999999999,-0.53333333333333333,0.17937261986882019,52.080876846038976,-7.2405635382156088,15.143529377512843,0.001509804095493752,0.00018429357093146354,0.0001400842258696966,0.00011381693870984866,0.00029859460713623989,1.2246467991473532e-16,-1,0.7818314824680298,0.62348980185873359
2026-07-21 13:00:00,,0.020339832349883551,0.97928653105514796,0.5,,-0.29999999999999999,-0.53333333333333333,-0.36678083236324821,48.983008382505822,-7.2254254535895095,15.045544770193214,0.0013924953059591173,0.0001659375180805109,-0.00021013369833833284,-0.00024515168883454397,0.00024286033657212069,-0.25881904510252079,-0.96592582628906831,0.7818314824680298,0.62348980185873359
2026-07-21 14:00:00,,0.043320730623150186,0.96202315468752309,1,,-0.29999999999999999,-0.53333333333333333,-0.23067315475298125,47.833963468842491,-7.2311181670006306,14.122312228488488,0.001366100023286042,0.00014274315772751825,-7.8811522285282543e-05,-0.00014886099475391878,0.00023052388246924257,-0.49999999999999972,-0.86602540378443882,0.7818314824680298,0.62348980185873359
2026-07-21 15:00:00,,0.08933221080687162,0.91270498740954931,1,,-0.29999999999999999,-0.53333333333333333,-0.60750616204399688,45.533389459656419,-7.2314845187929855,13.579134946388788,0.0013187267772796229,0.00011166319638841656,-0.00015764168078682972,-0.0004465869014104451,0.00023451562700902733,-0.70710678118654713,-0.70710678118654791,0.7818314824680298,0.62348980185873359
2026-07-21 16:00:00,,0.22149922546105202,0.5841768379397968,1,,-0.29999999999999999,-0.53333333333333333,-0.81138472943140993,38.925038726947399,-7.18174116891214,14.293749791437216,0.0013601847420447084,5.0850210874186429e-05,-0.00051688869208407762,-0.00075334189515618988,0.00025939365787151666,-0.86602540378443837,-0.50000000000000044,0.7818314824680298,0.62348980185873359
2026-07-21 17:00:00,,0.32362966148117722,-0.28472662565088869,1,,-0.14999999999999999,-0.53333333333333333,-0.92433566993573169,33.81851692594114,-7.0962855171448398,15.350409784018055,0.0015791737326359336,-2.4250485619302034e-05,-0.00049962091207739201,-0.0011741512849482993,0.00027936091591974384,-0.96592582628906831,-0.25881904510252063,0.7818314824680298,0.62348980185873359
2026-07-21 18:00:00,,0.2701120263440096,-0.59482041343682013,1,,-0.14999999999999999,-0.53333333333333333,-0.82996978044962422,36.49439868279952,-7.0901098945604559,16.33159406284312,0.001702707314138311,-5.7089196960483373e-05,0.0001490358697029126,-0.00086747373445855702,0.00028215644257680088,-1,-1.8369701987210297e-16,0.7818314824680298,0.62348980185873359
2026-07-21 19:00:00,,0.24774086021514749,-0.68877122527839496,0.5,,-0.14999999999999999,-0.53333333333333333,-0.38894644507366577,37.612956989242626,-7.1261800524734342,17.242693750323539,0.0017870796770246141,-6.7969103800733714e-05,6.1361255645875357e-05,-0.00028922378672860405,0.00028120670466166234,-0.96592582628906842,0.2588190451025203,0.7818314824680298,0.62348980185873359
2026-07-21 20:00:00,,0.27523611924264019,-0.76149787216155229,0.5,,0.14999999999999999,-0.53333333333333333,0.12786411530876576,36.238194037867991,-7.1590419389288815,18.163526955019385,0.0018445507394973194,-7.7762108762991552e-05,-0.00012272627672652026,8.7670848622267705e-05,0.0002680206639883148,-0.8660254037844386,0.50000000000000011,0.7818314824680298,0.62348980185873359
2026-07-21 21:00:00,,-0.17259747969175676,-0.86047723833261303,0.5,,-0.14999999999999999,-0.53333333333333333,-0.51845221249159534,32.740252030824323,-7.1515214614363032,20.020857155043988,0.00205852284499152,-0.00010149950292365033,-0.00033319012311841534,-0.00039455514419906024,0.00026310403478157438,-0.70710678118654768,0.70710678118654735,0.7818314824680298,0.62348980185873359
2026-07-21 22:00:00,,-0.18384084346344623,-0.91279006032723375,0.5,,-0.14999999999999999,-0.53333333333333333,-0.69683057853619712,31.615915653655378,-7.1890084388790436,21.745520912209692,0.0022747458149290044,-0.00011654686280721942,-0.00011401158545473744,-0.00056992798529967303,0.00025546292996915179,-0.50000000000000044,0.86602540378443837,0.7818314824680298,0.62348980185873359
2026-07-21 23:00:00,,-0.21468441533587679,-0.95608218009332868,0.5,,-0.14999999999999999,-0.53333333333333333,-0.83296543144966051,28.531558466412321,-7.2047295506853191,23.690833318519452,0.0025796179853056992,-0.00014104745216908185,-0.00033333918447558952,-0.0007805408930487423,0.0002603973104412499,-0.25881904510252157,0.96592582628906809,0.7818314824680298,0.62348980185873359
2026-07-22 00:00:00,,-0.37245103065257157,-0.95401421206608639,0.5,,-0.10000000000000001,-0.53333333333333333,-0.45902218933089173,31.377448467371423,-7.2283718153978649,25.687601387520761,0.0027774215812452862,-0.00013604394375108246,0.0001315945311211042,-0.00031575623880922277,0.00026138596064606811,0,1,0.97492791218182362,-0.22252093395631434
2026-07-22 01:00:00,,-0.37601881595264247,-0.94641093881317462,0.5,,-0.10000000000000001,-0.53333333333333333,-0.34877454829501592,31.199059202367877,-7.2835798395238651,27.414935035182403,0.0029520322676157853,-0.00012334906179567673,-1.7544936970204095e-05,-0.00021928959032468942,0.00025619650440179381,0.25881904510252074,0.96592582628906831,0.97492791218182362,-0.22252093395631434
2026-07-22 02:00:00,,-0.25675264394994057,-0.85453408522946572,0.5,,0.10000000000000001,-0.53333333333333333,0.57676401480934469,37.16236780250297,-7.3095774154452489,28.444157023378157,0.0030366583439393096,-8.5157896080103115e-05,0.00027191193729364516,0.00038596153144454526,0.00026418992645689386,0.49999999999999994,0.86602540378443871,0.97492791218182362,-0.22252093395631434
2026-07-22 03:00:00,,-0.19214026112207164,-0.54928068673870645,0.5,,0.10000000000000001,-0.53333333333333333,0.60824913287429438,40.392986943896418,-7.3148327577394996,28.046612290466378,0.0030290449186634516,-4.1090401889400097e-05,0.00015785042827767826,0.00041221742860111932,0.00023682652195479456,0.70710678118654746,0.70710678118654757,0.97492791218182362,-0.22252093395631434
2026-07-22 04:00:00,,-0.22089793343147918,-0.21436041557871258,0.5,,0.10000000000000001,-0.53333333333333333,0.49901325200652369,38.955103328426041,-7.3005117654628551,28.032705773017987,0.0030201013429691655,-1.4701475524711018e-05,-0.00010523085027458468,0.00032453151529673874,0.00023678435144665287,0.8660254037844386,0.50000000000000011,0.97492791218182362,-0.22252093395631434
2026-07-22 05:00:00,,-0.12065555072037781,0.34327502346865491,0.5,,0.10000000000000001,-0.53333333333333333,0.45488890704096385,43.967222463981109,-7.2749433641657246,27.192278425681803,0.0028876811092862498,2.4784089055372369e-05,0.00024552142736214422,0.0002981410053652378,0.00023353518557411531,0.96592582628906831,0.25881904510252074,0.97492791218182362,-0.22252093395631434
2026-07-22 06:00:00,,-0.060381113580098143,0.74080381432535614,0.5,,0.10000000000000001,-0.53333333333333333,0.46691880026784061,46.980944320995093,-7.3055890565955464,26.411881603155347,0.0026615139445285907,6.3970219868368682e-05,0.00015780337731960414,0.00029809395440716369,0.00023398144108617905,1,6.123233995736766e-17,0.97492791218182362,-0.22252093395631434
2026-07-22 07:00:00,,-0.030535623564818478,0.89761948560235416,-1,,0.29999999999999999,-0.53333333333333333,0.6884174999111764,48.473218821759076,-7.3371042929787631,25.53151963479802,0.0024580545343709042,9.5025078853437986e-05,7.8892351427578555e-05,0.00048221715610932692,0.00023472294977370685,0.96592582628906831,-0.25881904510252063,0.97492791218182362,-0.22252093395631434
2026-07-22 08:00:00,,0.0031393239519375269,0.95569659666066242,-1,,0.29999999999999999,-0.53333333333333333,0.53534679229856919,50.313932395193753,-7.3605225779159777,24.397731486690756,0.0021542487401355237,0.00012041523906226734,9.6415533493460215e-05,0.00033311126224064291,0.00023301200872572701,0.86602540378443871,-0.49999999999999978,0.97492791218182362,-0.22252093395631434
2026-07-22 09:00:00,,0.043089301148237669,0.98183292306662184,-1,,0.29999999999999999,-0.53333333333333333,0.60802551584324172,54.308930114823767,-7.3578152174189864,22.901981734409823,0.0019261408591952659,0.0001495839039152281,0.00021909164691200078,0.00039439953183303955,0.00023787532570264085,0.70710678118654757,-0.70710678118654746,0.97492791218182362,-0.22252093395631434
2026-07-22 10:00:00,,-0.0033553896046899468,0.97018820396994521,-1,,0.29999999999999999,-0.53333333333333333,0.12840322456213932,49.664461039531005,-7.2686565754288344,22.40534300412698,0.0016542678748852858,0.00014606567550665616,-0.0002366210524902268,7.8886127915234194e-05,0.00024197050672540414,0.49999999999999994,-0.86602540378443871,0.97492791218182362,-0.22252093395631434
2026-07-22 11:00:00,,0.010015433265039135,0.96658167258102468,-1,,0.14999999999999999,-0.53333333333333333,0.084546681245911554,51.001543326503914,-7.2531046661548144,21.944178468864337,0.0014230274772714907,0.00014424763611493966,7.0115778708357279e-05,5.2586373130131259e-05,0.00024166861738682979,0.25881904510252102,-0.9659258262890682,0.97492791218182362,-0.22252093395631434
2026-07-22 12:00:00,,-0.068649103547689591,0.89774432264407911,1,,-0.29999999999999999,-0.53333333333333333,-0.74783751094023709,43.135089645231041,-7.2319384962120665,21.690889327476192,0.0013429300356016343,0.00010560935569637968,-0.00044707234112026373,-0.00061357761490213325,0.00023469936475709085,1.2246467991473532e-16,-1,0.97492791218182362,-0.22252093395631434
2026-07-22 13:00:00,,-0.087459784013030839,0.7431880033139624,1,,-0.29999999999999999,-0.53333333333333333,-0.65711427007828449,41.254021598696916,-7.2312589073098996,20.466296911400292,0.001348573235421621,6.9290174563195315e-05,-0.00012276071321856707,-0.00049971727563047352,0.00020855544579656269,-0.25881904510252079,-0.96592582628906831,0.97492791218182362,-0.22252093395631434
2026-07-22 14:00:00,,0.054634593968312259,0.73663291405398368,1,,-0.29999999999999999,-0.53333333333333333,-0.41168286329667897,47.268270301584387,-7.2525700861210307,19.329175382186953,0.0013438764120441875,6.6803023731985985e-05,0.00029810702262800248,-0.00027172603171082832,0.00021701718676467543,-0.49999999999999972,-0.86602540378443882,0.97492791218182362,-0.22252093395631434
2026-07-22 15:00:00,,0.021509921157552441,0.74496556436090022,0.5,,0.29999999999999999,-0.53333333333333333,0.3893353722843183,48.924503942122378,-7.222605975046215,19.52533819590079,0.0013411977072269978,7.0183017695163587e-05,8.7661626179291741e-05,0.00026300793558872715,0.00021750169731922294,-0.70710678118654713,-0.70710678118654791,0.97492791218182362,-0.22252093395631434
2026-07-22 16:00:00,,0.070584298956300057,0.87696372566195324,0.5,,0.29999999999999999,-0.53333333333333333,0.857071882080919,57.058429895630006,-7.1563382614444215,20.802277348937618,0.0014849851276593803,0.00010625940354328303,0.00049076314652740649,0.00087653179533470071,0.00024136416849206946,-0.86602540378443837,-0.50000000000000044,0.97492791218182362,-0.22252093395631434
2026-07-22 17:00:00,,0.0055559411822773798,0.84140714770764324,0.5,,0.14999999999999999,-0.53333333333333333,0.29109786842460023,50.555594118227738,-7.1301163850478479,21.988006562471814,0.001498924599915862,9.8154573415090701e-05,-0.00036804977850499188,0.00021037499420170636,0.00024423223260932475,-0.96592582628906831,-0.25881904510252063,0.97492791218182362,-0.22252093395631434
2026-07-22 18:00:00,,0.063019548481704532,0.90422951670521456,0.5,,0.14999999999999999,-0.53333333333333333,0.63333243977332954,56.301954848170453,-7.1436457446328365,23.00368118234735,0.0015799795713176868,0.00011808033502712202,0.00039433386568205053,0.00051704723370446515,0.00025488851086483832,-1,-1.8369701987210297e-16,0.97492791218182362,-0.22252093395631434
2026-07-22 19:00:00,,-0.00084256254105824274,0.83801153496570324,0.5,,-0.14999999999999999,-0.53333333333333333,-0.49519202367076148,49.915743745894176,-7.1409245066253515,23.483923714341998,0.0014345829987403868,9.6187384106714919e-05,-0.00040309860688128585,-0.00037681451970422719,0.00026086752444065949,-0.96592582628906842,0.2588190451025203,0.97492791218182362,-0.22252093395631434
2026-07-22 20:00:00,,0.0095760128519736306,0.79484165452212119,0.5,,0.14999999999999999,-0.53333333333333333,0.090690820276217957,50.957601285197363,-7.1694676083716917,23.929863208337029,0.0013135147053739405,8.347324695416776e-05,7.0115778708357279e-05,6.1351037509121964e-05,0.00026021666030777066,-0.8660254037844386,0.50000000000000011,0.97492791218182362,-0.22252093395631434
2026-07-22 21:00:00,,0.022935174442547036,0.7856772087936793,1,,-0.14999999999999999,-0.53333333333333333,-0.36204538540082493,52.293517444254704,-7.2111292103977567,24.343949881332414,0.0011537913912284324,7.8264809388563233e-05,8.7637810513019332e-05,-0.00024534501765990924,0.00025990813979776906,-0.70710678118654768,0.70710678118654735,0.97492791218182362,-0.22252093395631434
2026-07-22 22:00:00,,0.025717826972109704,0.77349719292392993,1,,0.14999999999999999,-0.53333333333333333,0.27556826192282635,52.571782697210971,-7.2544598363239494,24.925472669866391,0.0010760963658607227,7.2750039380863336e-05,1.7526640493925605e-05,0.00017528022971530222,0.0002547620495101989,-0.50000000000000044,0.86602540378443837,0.97492791218182362,-0.22252093395631434
2026-07-22 23:00:00,,0.068980370575621355,0.77588143770361118,1,,0.14999999999999999,-0.53333333333333333,0.26101628168624857,53.449018528781068,-7.3027909276652867,25.520417571413962,0.0010404997109463676,6.9719253986527896e-05,5.2578078458542787e-05,0.00015774252946548772,0.00025327018439181984,-0.25881904510252157,0.96592582628906809,0.97492791218182362,-0.22252093395631434
2026-07-23 00:00:00,,-0.040290960955655347,0.45432548595447114,1,,-0.10000000000000001,-0.53333333333333333,-0.54150520700913374,45.970903904434465,-7.298944737544665,24.324575914636338,0.00093506148419667413,3.3145641421632641e-05,-0.00042946856117631604,-0.00035936384222384765,0.00027232452363907351,0,1,0.43388373911755823,-0.90096886790241903
2026-07-23 01:00:00,,-0.022613720133252996,0.23588266156939056,0.5,,-0.10000000000000001,-0.53333333333333333,-0.45470952936953485,47.7386279866747,-7.3351071331630493,23.568696303448366,0.00089729902937233036,1.5680336493314833e-05,9.6427366161278005e-05,-0.00028046311655649525,0.000267770337438158,0.25881904510252074,0.96592582628906831,0.43388373911755823,-0.90096886790241903
2026-07-23 02:00:00,,0.028712961549553811,0.38585696596179403,-1,,-0.10000000000000001,-0.53333333333333333,-0.063128190699379694,52.871296154955381,-7.3653739460342029,23.364614409627073,0.00089988215457344222,2.5749632765996586e-05,0.00029798944987285969,-3.5051745142178348e-05,0.00027359995938110149,0.49999999999999994,0.86602540378443871,0.43388373911755823,-0.90096886790241903
2026-07-23 03:00:00,,0.099692994005538299,0.78269831817687907,-1,,0.10000000000000001,-0.53333333333333333,0.92136469356513029,59.96929940055383,-7.3566961750112911,24.159095779712224,0.0010687813630354786,6.7168608544653326e-05,0.0004993714156698581,0.00089378823170399579,0.00029396098256481999,0.70710678118654746,0.70710678118654757,0.43388373911755823,-0.90096886790241903
2026-07-23 04:00:00,,0.17269073709511504,0.87470342481334595,-1,,0.10000000000000001,-0.53333333333333333,0.8692081232247052,58.634536854755751,-7.3791370333715625,25.271762060685106,0.001175759067951965,8.4431132614372383e-05,-7.0072174368329687e-05,0.0007272886911743881,0.00029459281822006358,0.8660254037844386,0.50000000000000011,0.43388373911755823,-0.90096886790241903
2026-07-23 05:00:00,,0.37916606310892775,0.98433651913423603,-1,,0.10000000000000001,-0.53333333333333333,0.9836708843838331,68.958303155446387,-7.3131692692595012,27.190094214264068,0.0017635623691170843,0.00016139851501747351,0.00097181312066579872,0.0014011123619673271,0.00036066429860688061,0.96592582628906831,0.25881904510252074,0.43388373911755823,-0.90096886790241903
2026-07-23 06:00:00,,0.4023213262392028,0.9962094795688643,-1,,0.10000000000000001,-0.53333333333333333,0.94351292850400315,70.11606631196014,-7.3042843930781389,29.181948574981714,0.0022289150667121923,0.00021075834809065078,0.00014000332530780812,0.0010417442716052772,0.00035369448274407095,1,6.123233995736766e-17,0.43388373911755823,-0.90096886790241903
2026-07-23 07:00:00,,0.45059390397830951,0.99880254657559875,-1,,0.29999999999999999,-0.53333333333333333,0.98322345087561303,72.529695198915476,-7.2950515510163187,31.427841500979962,0.002716702858538408,0.00025187177529600218,0.00030618895596937201,0.0014180054019429789,0.00035703542717890213,0.96592582628906831,-0.25881904510252063,0.43388373911755823,-0.90096886790241903
2026-07-23 08:00:00,,0.36255459396311523,0.99863530329776995,-1,,0.29999999999999999,-0.53333333333333333,0.35412486119831021,68.127729698155761,-7.3002087203169124,33.513313503692622,0.0029177486867611683,0.00024615843961872143,-0.00022744569832020001,0.00021874658295698013,0.00034245179108468075,0.86602540378443871,-0.49999999999999978,0.43388373911755823,-0.90096886790241903
2026-07-23 09:00:00,,0.2213234009626811,0.99340635091716256,0.5,,-0.29999999999999999,-0.53333333333333333,-0.48802243122353867,61.066170048134055,-7.2736386862723315,34.086843480036315,0.0028955988580351456,0.00019806992100867697,-0.00040253069840065492,-0.00032378744075148291,0.00035780747666261435,0.70710678118654757,-0.70710678118654746,0.43388373911755823,-0.90096886790241903
2026-07-23 10:00:00,,0.19522018623927381,0.97207271745535684,0.5,,-0.29999999999999999,-0.53333333333333333,-0.81985189489614052,59.76100931196369,-7.2637582423393505,33.601576723419164,0.0028876685750961711,0.00014910343248519472,-7.8774961856681314e-05,-0.00070875135857753624,0.00035649700650661084,0.49999999999999994,-0.86602540378443871,0.43388373911755823,-0.90096886790241903
2026-07-23 11:00:00,,-0.11989429574914126,0.22901572865681283,0.5,,-0.14999999999999999,-0.53333333333333333,-0.98651596556429522,44.005285212542937,-7.1547418034594097,31.510094769691101,0.0028490790190408267,1.821257718663549e-05,-0.0012261880231335398,-0.001707493683390876,0.00046030103894130231,0.25881904510252102,-0.9659258262890682,0.43388373911755823,-0.90096886790241903
2026-07-23 12:00:00,,-0.061755583402182596,-0.57897837228363414,0.5,,-0.29999999999999999,-0.53333333333333333,-0.92053876382671962,46.91222082989087,-7.174238327148843,29.568004384086471,0.0028517627777652444,-5.0631380718224508e-05,0.00023659617087457008,-0.001068366814115651,0.00044974451462727327,1.2246467991473532e-16,-1,0.43388373911755823,-0.90096886790241903
2026-07-23 13:00:00,,-0.20357969470149911,-0.95635922542669793,0.5,,-0.29999999999999999,-0.53333333333333333,-0.9876348421492398,39.821015264925045,-7.1517488982938024,28.613200921462973,0.0029471387996130977,-0.00014897519230793848,-0.00075379750959481129,-0.001743389361853781,0.00047390263873495247,-0.25881904510252079,-0.96592582628906831,0.43388373911755823,-0.90096886790241903
2026-07-23 14:00:00,,-0.32819941392263646,-0.99495939137805733,0.5,,-0.29999999999999999,-0.53333333333333333,-0.94160681764309828,33.590029303868178,-7.0174582064922726,29.516550993190833,0.0033716791979877818,-0.00026797217063121077,-0.0008596717986917024,-0.0013768731374119436,0.00049837803050717692,-0.49999999999999972,-0.86602540378443882,0.43388373911755823,-0.90096886790241903
2026-07-23 15:00:00,,-0.42338293684217349,-0.99935751969690023,0.5,,-0.29999999999999999,-0.53333333333333333,-0.99364256648509708,28.830853157891326,-6.9338569888190769,30.805469321307751,0.004066461444719607,-0.00039178901944978578,-0.00084284465042233636,-0.0024563139587088501,0.00052233351361412772,-0.70710678118654713,-0.70710678118654791,0.43388373911755823,-0.90096886790241903
2026-07-23 16:00:00,,-0.51959193301361983,-0.99992946710183228,0.5,,-0.29999999999999999,-0.53333333333333333,-0.9958910581710323,24.020403349319011,-6.8736942871967228,32.394856841476539,0.0051565866045555101,-0.00053038851862455294,-0.0011073127707817987,-0.0028098292198958374,0.00056599932403082916,-0.86602540378443837,-0.50000000000000044,0.43388373911755823,-0.90096886790241903
2026-07-23 17:00:00,,-0.52501089330287409,-0.99997637046921739,0.5,,-0.14999999999999999,-0.53333333333333333,-0.97549714290563005,23.749455334856293,-6.8609793714817791,34.063152358255898,0.0060132151890256204,-0.00059447417585813968,-7.0346986539848722e-05,-0.0020205044077439838,0.00056339019018851325,-0.96592582628906831,-0.25881904510252063,0.43388373911755823,-0.90096886790241903
2026-07-23 18:00:00,,-0.49995719041606745,-0.99997675609958991,0.5,,-0.14999999999999999,-0.53333333333333333,-0.82568456667382395,25.002140479196626,-6.8615171393106147,35.612283909551017,0.0066551131340749402,-0.00059501624146564693,9.6725830708355165e-05,-0.0010809339266132922,0.00056507196083824523,-1,-1.8369701987210297e-16,0.43388373911755823,-0.90096886790241903
2026-07-23 19:00:00,,-0.34234883886795131,-0.99990974464835036,0.5,,0.14999999999999999,-0.53333333333333333,0.62831169596175329,32.882558056602434,-6.8792227120252951,36.340639995125777,0.0069846046278463775,-0.00051477888497012715,0.0006416708273138394,0.00066804967148234584,0.00059191991879227945,-0.96592582628906842,0.2588190451025203,0.43388373911755823,-0.90096886790241903
2026-07-23 20:00:00,,-0.42049991178935359,-0.99985593303433151,0.5,,-0.14999999999999999,-0.53333333333333333,-0.029247175005889341,28.975004410532321,-6.8826261235005823,37.091529212250528,0.0074870789217721355,-0.00048905170337179701,-0.00076477805386335196,-2.6381395841157396e-05,0.00060517780211774379,-0.8660254037844386,0.50000000000000011,0.43388373911755823,-0.90096886790241903
2026-07-23 21:00:00,,-0.32864317695197426,-0.99950752853363323,0.5,,0.14999999999999999,-0.53333333333333333,0.32084949176125649,33.567841152401286,-6.9155845475991287,37.808368723808478,0.0077971037390725936,-0.00041220878746044522,0.00041322859602332951,0.00029012136947381695,0.00061617457225539697,-0.70710678118654768,0.70710678118654735,0.43388373911755823,-0.90096886790241903
2026-07-23 22:00:00,,-0.3054322648650617,-0.99779523557255612,-1,,-0.14999999999999999,-0.53333333333333333,-0.28210765364297097,34.728386756746914,-6.9427448432449328,37.868722408054339,0.0080128158456054914,-0.00032875242731508531,0.00010547781459738226,-0.00024607164324264019,0.00061044932321293742,-0.50000000000000044,0.86602540378443837,0.43388373911755823,-0.90096886790241903
2026-07-23 23:00:00,,-0.30135177796632606,-0.99148203379337418,0.5,,0.14999999999999999,-0.53333333333333333,0.57994170129494538,34.932411101683698,-6.9901279707691293,37.887674268228032,0.0081136672662877451,-0.00025115828185160252,1.7578554164482396e-05,0.00053628496478519416,0.0005927396068229285,-0.25881904510252157,0.96592582628906809,0.43388373911755823,-0.90096886790241903
2026-07-24 00:00:00,,-0.34334990665918608,-0.97804078992540788,0.5,,-0.10000000000000001,-0.53333333333333333,-0.25601938644750644,32.832504667040695,-6.9948648889800289,38.360851594903401,0.0082286689734703718,-0.00020626069730303172,-0.00033404538053360966,-0.00021098901177174501,0.0005932488488429098,0,1,-0.43388373911755801,-0.90096886790241915
2026-07-24 01:00:00,,-0.22065734117341876,-0.87655785070204284,0.5,,0.10000000000000001,-0.53333333333333333,0.25136614699114479,38.967132941329062,-7.0182482994579525,38.720428176676293,0.007967682858942499,-0.00012183704551544706,0.00051860154545291248,0.00020213471908378522,0.00055401717096312947,0.25881904510252074,0.96592582628906831,-0.43388373911755801,-0.90096886790241915
2026-07-24 02:00:00,,-0.2601274792667479,-0.70088014161195566,-0.5,,-0.10000000000000001,-0.53333333333333333,-0.12700421459886563,36.993626036662604,-7.0569098323796497,39.054320716893976,0.0075973385125657003,-7.4861230661989252e-05,-0.00028124203699136929,-9.668587207206647e-05,0.00054800198413927127,0.49999999999999994,0.86602540378443871,-0.43388373911755801,-0.90096886790241915
2026-07-24 03:00:00,,-0.11393486738337132,0.18222411304978853,-0.5,,0.10000000000000001,-0.53333333333333333,0.8350020200905427,44.303256630831434,-7.0545441594892386,38.46391459457076,0.0068964351413353759,1.5912333096531673e-05,0.00067660487539933367,0.00091396438386087686,0.00057279871273098861,0.70710678118654746,0.70710678118654757,-0.43388373911755801,-0.90096886790241915
2026-07-24 04:00:00,,-0.11537024590662455,0.73759172614582347,-0.5,,0.10000000000000001,-0.53333333333333333,0.47977338436953471,44.231487704668773,-7.0799688387419062,37.300797009749751,0.0061113235355341822,7.9564931953537087e-05,-8.7841428654256148e-06,0.00038657869554253876,0.00057457494376128972,0.8660254037844386,0.50000000000000011,-0.43388373911755801,-0.90096886790241915
2026-07-24 05:00:00,,-0.1635263856660451,0.84282770451230904,-0.5,,0.10000000000000001,-0.53333333333333333,0.47574955993945828,41.823680716697744,-7.0929330308089007,36.341216311934502,0.005324098263645975,0.00010227886402146931,-0.0002899200104647115,0.00037790072206919656,0.00057304781663688011,0.96592582628906831,0.25881904510252074,-0.43388373911755801,-0.90096886790241915
2026-07-24 06:00:00,,-0.13136868390314732,0.92189901586652601,-0.5,,-0.10000000000000001,-0.53333333333333333,-0.21952617583060163,43.431565804842634,-7.122679543618859,35.817060987785588,0.0043050279185622136,0.00012918007205850435,0.0001405777748852699,-0.00015812637844486721,0.00057748259328170137,1,6.123233995736766e-17,-0.43388373911755801,-0.90096886790241915
2026-07-24 07:00:00,,-0.17872972758603056,0.91943245881125057,0.5,,-0.29999999999999999,-0.53333333333333333,-0.53644659322779453,41.063513620698473,-7.1294861820723359,35.037604363245222,0.0037208772533543115,0.00012700684826583142,-0.00027238738926926853,-0.00042172962484871013,0.00052382894654715332,0.96592582628906831,-0.25881904510252063,-0.43388373911755801,-0.90096886790241915
2026-07-24 08:00:00,,-0.19994538251173025,0.90121073468562529,0.5,,-0.29999999999999999,-0.53333333333333333,-0.35014665670331985,40.002730874413487,-7.1394439932674496,34.326899759487603,0.002743881765586141,0.00011728378640070143,-0.00012303798373844432,-0.00025484759812244295,0.0005164535948484196,0.86602540378443871,-0.49999999999999978,-0.43388373911755801,-0.90096886790241915
2026-07-24 09:00:00,,-0.017901797892435668,0.97050152855443683,0.5,,0.29999999999999999,-0.53333333333333333,0.50644841975990307,49.104910105378217,-7.1227615875614063,32.915043710967893,0.002006717969883207,0.00016944138816313628,0.00079069444659274346,0.00039526907358503061,0.00053724021725566975,0.70710678118654757,-0.70710678118654746,-0.43388373911755801,-0.90096886790241915
2026-07-24 10:00:00,,0.037982405788646506,0.98841762246633291,1,,0.29999999999999999,-0.53333333333333333,0.85149907529625568,51.899120289432325,-7.0631590288391539,31.723823540211956,0.0018044289158429178,0.00022024996717651395,0.00028098520622163448,0.00094864166907593361,0.0005096925919754686,0.49999999999999994,-0.86602540378443871,-0.43388373911755801,-0.90096886790241915
2026-07-24 11:00:00,,-0.074836137218747323,0.98275241410105429,1,,0.14999999999999999,-0.53333333333333333,0.5714028895406893,46.258193139062634,-7.0561804552444709,29.863544816237166,0.001773101170585537,0.00020450623042807205,-0.00057961852186547147,0.00049206113094890647,0.00049037632444108733,0.25881904510252102,-0.9659258262890682,-0.43388373911755801,-0.90096886790241915
2026-07-24 12:00:00,,0.025412833907485465,0.99033296988842989,1,,0.29999999999999999,-0.53333333333333333,0.27493147709669935,51.270641695374273,-7.0696997013224916,28.136143143974863,0.0018616713797471195,0.00022654189625580484,0.00050937962177768914,0.00021074630613385215,0.00042893336967144265,1.2246467991473532e-16,-1,-0.43388373911755801,-0.90096886790241915
2026-07-24 13:00:00,,-0.075457149291100201,0.97607409099075759,1,,-0.29999999999999999,-0.53333333333333333,-0.6697816360857558,46.22714253544499,-7.0399528572052184,27.028543433313008,0.0017589683780138768,0.00019336610566903693,-0.00055330380863813367,-0.000623542708725916,0.00045050230982840911,-0.25881904510252079,-0.96592582628906831,-0.43388373911755801,-0.90096886790241915
2026-07-24 14:00:00,,-0.18988535846593038,0.83861198783652924,1,,-0.29999999999999999,-0.53333333333333333,-0.74160877975153761,40.505732076703481,-6.9772445291248006,25.557468469602981,0.0017187513321447764,0.00011348154371780317,-0.0007382149595277776,-0.00078213914638822213,0.00048335644718946916,-0.49999999999999972,-0.86602540378443882,-0.43388373911755801,-0.90096886790241915
2026-07-24 15:00:00,,-0.12416437892920015,0.31265291888517577,0.5,,-0.29999999999999999,-0.53333333333333333,-0.96883362446019017,37.583562107079985,-6.9637730922806487,24.6788796261229,0.0019062591762026035,3.0586044458389805e-05,-0.00043087719347775777,-0.001722395961643669,0.00046856232742333351,-0.70710678118654713,-0.70710678118654791,-0.43388373911755801,-0.90096886790241915
2026-07-24 16:00:00,,-0.061810240598806555,0.26383334973722611,0.5,,-0.29999999999999999,-0.53333333333333333,-0.57450117967373937,43.818975940119344,-6.9454727369045131,24.135378623329618,0.0018030784615001201,2.6022175235869925e-05,0.00061548202976968724,-0.00055361012323584813,0.00045869083691315714,-0.86602540378443837,-0.50000000000000044,-0.43388373911755801,-0.90096886790241915
2026-07-24 17:00:00,,-0.049150192808686981,0.35195820574667813,0.5,,0.14999999999999999,-0.53333333333333333,0.35525082532067759,45.084980719131302,-6.9390392137165664,23.005099724230103,0.0017821461691579859,3.5635274849822758e-05,0.00013183973580840891,0.00031644457210033838,0.000450326066730115,-0.96592582628906831,-0.25881904510252063,-0.43388373911755801,-0.90096886790241915
2026-07-24 18:00:00,,0.0038300023363566993,0.69676487450019886,-1,,0.14999999999999999,-0.53333333333333333,0.90694662140375792,50.38300023363567,-6.907783531045097,22.038807639542831,0.0017981740377556953,8.6096077857772554e-05,0.00057988843166084658,0.0013272101972389427,0.00046784105716577844,-1,-1.8369701987210297e-16,-0.43388373911755801,-0.90096886790241915
2026-07-24 19:00:00,,-0.045534336851733741,0.62824905262543529,-1,,0.14999999999999999,-0.53333333333333333,0.12053899772756546,45.446566314826626,-6.9171108541908515,21.141536418047508,0.001795167852200584,7.3164114794601741e-05,-0.0006062549883218693,0.00010547317914738619,0.00048919747589287938,-0.96592582628906842,0.2588190451025203,-0.43388373911755801,-0.90096886790241915
2026-07-24 20:00:00,,-0.096720139870424188,0.12086425526091614,-1,,-0.14999999999999999,-0.53333333333333333,-0.69882898889899636,40.327986012957581,-6.9135617700462086,20.237025047431651,0.0019190402175842526,1.2075480201165461e-05,-0.0007297505544203442,-0.00075611711108136692,0.00051099145270259397,-0.8660254037844386,0.50000000000000011,-0.43388373911755801,-0.90096886790241915
2026-07-24 21:00:00,,0.18823100609694079,-0.21851918397886111,-1,,-0.14999999999999999,-0.53333333333333333,-0.91630855866409511,40.58844969515296,-6.9571905755308281,19.441657118553071,0.0020829468883266883,-2.1138787567080806e-05,2.6385804438727734e-05,-0.0013096197383034858,0.00049537803039777933,-0.70710678118654768,0.70710678118654735,-0.43388373911755801,-0.90096886790241915
2026-07-24 22:00:00,,0.18451897226786726,-0.37197642338158227,-1,,-0.14999999999999999,-0.53333333333333333,-0.69259564285674058,40.774051386606637,-6.9971356205136983,18.548981852657207,0.002203109959894966,-3.5730792490292775e-05,1.7590149516827358e-05,-0.00068577460046478911,0.00049231364412872613,-0.50000000000000044,0.86602540378443837,-0.43388373911755801,-0.90096886790241915
2026-07-24 23:00:00,,0.18588843323235524,-0.42517059946090141,0.5,0,0.14999999999999999,-0.53333333333333333,0.045688166524789797,40.705578338382239,-7.0414115840926952,17.796399137477088,0.0022889861280602124,-3.9718879036054289e-05,-8.7950360817545814e-06,3.518091787380051e-05,0.00046369836940589521,-0.25881904510252157,0.96592582628906809,-0.43388373911755801,-0.90096886790241915
2026-07-27 00:00:00,,-0.10412641916246698,0.65482875824313813,0.5,0,0.10000000000000001,-0.53333333333333333,0.9474226420815236,55.206320958123349,-6.9110765591025842,18.562634908548535,0.0023593064288671942,7.8110749343212476e-05,0.0015730804416269617,0.0015818755550620345,0.00059081270594282592,0,1,0,1
2026-07-27 01:00:00,,-0.12347127384858539,0.92055490898469905,0.5,0,0.10000000000000001,-0.53333333333333333,0.95674124488313073,56.173563692429269,-6.8951990832638215,19.577450506270548,0.0024854434613420461,0.00016127753875329668,0.00013171007996290451,0.0016959954855081116,0.00058680522793893165,0.25881904510252074,0.96592582628906831,0,1
2026-07-27 02:00:00,,0.095011599039295763,0.98505080623704711,0.5,0,0.10000000000000001,-0.53333333333333333,0.98641027607376441,59.501159903929576,-6.9167773108017174,20.519779275583844,0.002737909412326872,0.00024224171981767343,0.00046523673049150838,0.0021700272520813746,0.00059424238354768648,0.49999999999999994,0.86602540378443871,0,1
2026-07-27 03:00:00,,0.13448516202521346,0.99607355871611236,0.5,0,0.10000000000000001,-0.53333333333333333,0.86460913709854315,63.448516202521347,-6.8567063697617909,22.455830651444749,0.0031931952077972753,0.00032787795745336406,0.00061413207524066427,0.0012110788856950772,0.00060163272216060199,0.70710678118654746,0.70710678118654757,0,1
2026-07-27 04:00:00,,0.19257049440093651,0.99953425028650889,0.5,0,0.10000000000000001,-0.53333333333333333,0.98124755423322052,69.257049440093652,-6.8413747021113824,24.317850215739227,0.0040544541089771059,0.00044694394810100314,0.00110448819082129,0.0021838569965534627,0.00063929616472754576,0.8660254037844386,0.50000000000000011,0,1
2026-07-27 05:00:00,,0.23876079733082464,0.99955040154407226,0.5,0,0.10000000000000001,-0.53333333333333333,0.77455823150993819,61.938039866541232,-6.8527103371947486,26.052092631433403,0.0044000507975021112,0.00044377112472101317,-0.00076249242297385389,0.00095612784308810039,0.00065280647715555945,0.96592582628906831,0.25881904510252074,0,1
2026-07-27 06:00:00,,0.20717768286441526,0.99929492269350118,0.5,0,0.10000000000000001,-0.53333333333333333,0.18395258033893447,60.358884143220763,-6.8868576434879438,27.050285355094864,0.0046297994496849026,0.00040589409611093091,-0.00017536783448129922,0.0001666279333661369,0.00065346205472553731,1,6.123233995736766e-17,0,1
2026-07-27 07:00:00,,0.21042956146301592,0.99883841522675765,1,0,-0.29999999999999999,-0.53333333333333333,-0.78954858473797085,60.521478073150796,-6.9364099476398948,27.977178598494792,0.0048541270882073561,0.0003620036683525414,2.630713581208699e-05,-0.00091155312164306612,0.00063610010081158956,0.96592582628906831,-0.25881904510252063,0,1
2026-07-27 08:00:00,,0.23737853047977667,0.99820301775537534,1,0,0.29999999999999999,-0.53333333333333333,0.074427789606479097,61.868926523988833,-6.9709403714031746,28.996525730408219,0.0050989086474569571,0.0003292215970712068,0.00021043217585611784,6.137147718690561e-05,0.00062918972548535641,0.86602540378443871,-0.49999999999999978,0,1
2026-07-27 09:00:00,,0.26441613149166143,0.99639100364888555,1,0,0.29999999999999999,-0.53333333333333333,0.48471104677624244,63.220806574583072,-6.944567015831705,30.588710816605087,0.0053594630662747514,0.00030437015615717767,0.00021038790347163716,0.00044712721513984199,0.00061201846211562277,0.70710678118654757,-0.70710678118654746,0,1
2026-07-27 10:00:00,,0.056085418331378777,0.95759008225839559,1,0,-0.29999999999999999,-0.53333333333333333,-0.64331620826243729,52.804270916568939,-6.9127571602213651,30.686336984817729,0.0052841935588293833,0.00019064837070941908,-0.001087480922783296,-0.000666660843455541,0.00064183479562051119,0.49999999999999994,-0.86602540378443871,0,1
2026-07-27 11:00:00,,0.129572482058675,0.89700827927873694,1,0,-0.14999999999999999,-0.53333333333333333,-0.39363020448943631,56.47862410293375,-6.9224964049365685,30.599106005248306,0.0051362177244768737,0.00014353765750736117,0.00051757792238191214,-0.0003595150969297467,0.00063592326371998903,0.25881904510252102,-0.9659258262890682,0,1
2026-07-27 12:00:00,,0.043560949815369412,0.58558514105991311,1,0,-0.29999999999999999,-0.53333333333333333,-0.85022254575683898,52.178047490768471,-6.9294334983217505,30.489280280777692,0.0050274495280450042,6.5653277328043495e-05,-0.00050880318310123074,-0.0010787061835026146,0.00064159943549349952,1.2246467991473532e-16,-1,0,1
2026-07-27 13:00:00,,0.029012394279625937,0.031507206099702749,1,0,-0.29999999999999999,-0.53333333333333333,-0.092849807186653546,51.450619713981297,-6.9418133080444981,30.220181113179425,0.0049160727236944052,3.0462283123051351e-06,-8.7750857820950712e-05,-7.8976118540269313e-05,0.00064266083389555979,-0.25881904510252079,-0.96592582628906831,0,1
2026-07-27 14:00:00,,-0.08986803397584453,-0.75424834394836315,1,0,-0.29999999999999999,-0.53333333333333333,-0.92002602034623593,45.506598301207774,-6.9327287930300869,28.80813606670046,0.0048999669380670585,-9.5849864648445951e-05,-0.00076375754850607769,-0.0013603115894282591,0.00065722672344324467,-0.49999999999999972,-0.86602540378443882,0,1
2026-07-27 15:00:00,,-0.12850319094094162,-0.94163904988561298,1,0,-0.29999999999999999,-0.53333333333333333,-0.85430673311241412,43.57484045295292,-6.9013923740535974,27.012582185664762,0.0048136007793930947,-0.00017635057773959307,-0.00027228451264610376,-0.0011237929189731322,0.0006449168099819147,-0.70710678118654713,-0.70710678118654791,0,1
2026-07-27 16:00:00,,-0.2336106871899733,-0.99110476611862963,1,0,-0.29999999999999999,-0.53333333333333333,-0.96653884518577105,38.319465640501335,-6.8724583606005325,25.741009620254054,0.0046855292509300102,-0.000280266455633012,-0.00081729865389015832,-0.0018533407150423398,0.00065058188278178887,-0.86602540378443837,-0.50000000000000044,0,1
2026-07-27 17:00:00,,-0.12721783710951193,-0.99775112941945943,1,0,-0.14999999999999999,-0.53333333333333333,-0.88792993575137258,37.278216289048807,-6.8881589589061996,24.91097386466646,0.0046154740038098097,-0.00034618538463414029,-0.00017585045722470771,-0.0012654336237609698,0.00065205825991485739,-0.96592582628906831,-0.25881904510252063,0,1
2026-07-27 18:00:00,,-0.10253307695438359,-0.99807604827763308,1,0,-0.14999999999999999,-0.53333333333333333,-0.68328390533289529,39.746692304561641,-6.8902476748044634,23.972321521766947,0.0044750712959859707,-0.00035341147785839872,0.00024618198248080314,-0.00074696712863406289,0.0006541880570319138,-1,-1.8369701987210297e-16,0,1
2026-07-27 19:00:00,,-0.061720092005704712,-0.99518157105341343,1,0,0.14999999999999999,-0.53333333333333333,0.49635618441528934,43.827990799429529,-6.8796119796298356,22.271155552434511,0.0042119744003527408,-0.00030990220593017539,0.00042188530619163833,0.00049221683144773376,0.0006601825444097221,-0.96592582628906842,0.2588190451025203,0,1
2026-07-27 20:00:00,,-0.10602586722557525,-0.99537759235453005,0.5,0,0.14999999999999999,-0.53333333333333333,0.0193198539395119,39.397413277442475,-6.8732807131581586,21.201811119151184,0.0045026096813470303,-0.00031402503800553785,-0.00065048085133234679,1.7586437340094685e-05,0.00057012624951998368,-0.8660254037844386,0.50000000000000011,0,1
2026-07-27 21:00:00,,-0.1289525132798596,-0.99693495519258912,-1,0,-0.14999999999999999,-0.53333333333333333,-0.58787510622412276,37.10474867201404,-6.8995048275605573,20.357127189546471,0.0048845298245919376,-0.00032664924540859382,-0.00036938014913770467,-0.00059797569427841313,0.00057191117851242731,-0.70710678118654768,0.70710678118654735,0,1
2026-07-27 22:00:00,,0.23036691751594249,-0.9961776059699553,-1,0,-0.14999999999999999,-0.53333333333333333,-0.77392205547627113,38.481654124202876,-6.9273969525658234,19.58390928400733,0.0051666304191312785,-0.00030681960027507612,0.00013193714533552003,-0.00088792385513453143,0.00055951901097641267,-0.50000000000000044,0.86602540378443837,0,1
2026-07-27 23:00:00,,0.25039597523666912,-0.99532622758814504,-1,0,-0.14999999999999999,-0.53333333333333333,-0.43301849859157188,37.480201238166543,-6.9600152377957798,18.90162419867946,0.0053682147155736043,-0.00028741036036162578,-0.00014953008001333812,-0.00038697308381552276,0.00053297333398612614,-0.25881904510252157,0.96592582628906809,0,1
2026-07-28 00:00:00,,0.24424224082705875,-0.99205576503356174,-1,0,0.10000000000000001,-0.53333333333333333,0.010795329507806404,37.787887958647062,-6.9843226219376895,18.594714197383581,0.0051905506137678884,-0.00025586348761166952,2.6389285951416985e-05,8.7963512735989013e-06,0.00044731133311215834,0,1,0.7818314824680298,0.62348980185873359
2026-07-28 01:00:00,,0.2247684231163396,-0.98422169524646952,-1,0,-0.10000000000000001,-0.53333333333333333,-0.056429064439400468,38.76157884418302,-7.0297795068068556,18.099517485795285,0.0051267812769013998,-0.00021395049647037292,7.9163679745031246e-05,-4.3977114316889887e-05,0.00043104824491766038,0.25881904510252074,0.96592582628906831,0.7818314824680298,0.62348980185873359
2026-07-28 02:00:00,,0.22476842311633946,-0.96747874430249459,-1,0,0.10000000000000001,-0.53333333333333333,0.14134006207150651,38.761578844183028,-7.0781496760306011,17.719212667287021,0.0050336692557905486,-0.00017299332468420376,0,0.00010555296569644823,0.0004324872999450721,0.49999999999999994,0.86602540378443871,0.7818314824680298,0.62348980185873359
2026-07-28 03:00:00,,0.11053923280072013,-0.83729359926356628,-1,0,0.10000000000000001,-0.53333333333333333,0.61323157216215396,44.473038359963994,-7.0818265747306937,16.728468631008067,0.0047915375519992209,-0.00010184098924923343,0.00044847584917850902,0.00052763952892354027,0.0004514630845985578,0.70710678118654746,0.70710678118654757,0.7818314824680298,0.62348980185873359
2026-07-28 04:00:00,,0.13274310597077815,-0.58952498307897028,-1,0,0.10000000000000001,-0.53333333333333333,0.4288599969672473,43.362844701461093,-7.0955419532855686,15.682273495587109,0.0044058434511091427,-5.6104021842331888e-05,-0.00011429827466005738,0.00033417757451845165,0.00044437763068838333,0.8660254037844386,0.50000000000000011,0.7818314824680298,0.62348980185873359
2026-07-28 05:00:00,,0.042221434729103183,0.079062486181836839,0.5,0,0.10000000000000001,-0.53333333333333333,0.74878190415319512,47.888928263544841,-7.1006217197275934,14.956742937278054,0.0037612920291014377,6.5330653681329172e-06,0.00036922428156979659,0.00070340185608824823,0.00045242385933960065,0.96592582628906831,0.25881904510252074,0.7818314824680298,0.62348980185873359
2026-07-28 06:00:00,,0.092432477310952374,0.3796739591059472,0.5,0,0.10000000000000001,-0.53333333333333333,0.024643553614800924,45.378376134452381,-7.11674084328431,14.514392642053732,0.0034895025620006138,3.2430202435398047e-05,-0.00023734281643944533,1.7583190470293886e-05,0.00039476472693889052,1,6.123233995736766e-17,0.7818314824680298,0.62348980185873359
2026-07-28 07:00:00,,0.1921022474203572,0.16653876564931927,0.5,0,-0.29999999999999999,-0.53333333333333333,-0.50058314205603893,40.39488762898214,-7.1310514906807452,13.807529315431221,0.0029259641307092295,1.3446312393058761e-05,-0.00051883412981845733,-0.00038695266468810607,0.00037773597961317549,0.96592582628906831,-0.25881904510252063,0.7818314824680298,0.62348980185873359
2026-07-28 08:00:00,,0.236486788734873,-0.1690830790094604,0.5,0,-0.29999999999999999,-0.53333333333333333,-0.89530631173944641,38.175660563256351,-7.1382100949683673,14.045466739121089,0.0025093341342030404,-1.3558316786464026e-05,-0.000255118873582455,-0.0010112958198403577,0.00036911237866236546,0.86602540378443871,-0.49999999999999978,0.7818314824680298,0.62348980185873359
2026-07-28 09:00:00,,0.16517297237447651,-0.081438945704136873,0.5,0,-0.29999999999999999,-0.53333333333333333,-0.62262583786116643,41.741351381276175,-7.1367875513393066,13.581418923989695,0.0018782180317712986,-6.4912387863619021e-06,0.00026391491536359446,-0.00051003808803731787,0.00037967810135012376,0.70710678118654757,-0.70710678118654746,0.7818314824680298,0.62348980185873359
2026-07-28 10:00:00,,0.2290213640022469,-0.27675905865224704,-1,0,-0.29999999999999999,-0.53333333333333333,-0.44611058718893992,38.548931799887654,-7.1150485701733226,13.370164855826353,0.0016244919030317655,-2.3096712537272956e-05,-0.00035190203410617737,-0.00034310599232503791,0.0003529747826925961,0.49999999999999994,-0.86602540378443871,0.7818314824680298,0.62348980185873359
2026-07-28 11:00:00,,0.057068853611310144,0.26827218059729085,-1,0.5,0.14999999999999999,-0.53333333333333333,0.69101281019249294,47.146557319434493,-7.1161724376048996,13.174000363960392,0.0013274879709603185,2.2326465283955762e-05,0.00069488732867634129,0.00060690020993375837,0.00039171593852172821,0.25881904510252102,-0.9659258262890682,0.7818314824680298,0.62348980185873359
2026-07-28 12:00:00,,0.27964094813096507,-0.51158012593703706,-1,0,-0.29999999999999999,-0.53333333333333333,-0.8854921695167397,36.017952593451746,-7.0376778649325047,14.109239601623957,0.0017264611355935985,-4.9604614155050134e-05,-0.0014254793607507421,-0.0010824940661805782,0.00047031031176740425,1.2246467991473532e-16,-1,0.7818314824680298,0.62348980185873359
2026-07-28 13:00:00,,0.20052211811484369,-0.59671629953654415,-1,0,-0.29999999999999999,-0.53333333333333333,-0.43195860398639441,39.973894094257815,-7.0278166310172416,15.275670454718147,0.0018738900825808057,-6.1019229332355887e-05,0.00036976388356421697,-0.00036082814851018385,0.00048007745971887113,-0.25881904510252079,-0.96592582628906831,0.7818314824680298,0.62348980185873359
2026-07-28 14:00:00,,0.12057882301108165,-0.33861328075961622,-1,0,-0.29999999999999999,-0.53333333333333333,-0.6805233597696565,43.971058849445917,-7.0092140265922875,15.494238444924964,0.0018577994135128763,-3.1851319038912751e-05,0.00039602392502066652,-0.00065969155216585862,0.00048609137882600948,-0.49999999999999972,-0.86602540378443882,0.7818314824680298,0.62348980185873359
2026-07-28 15:00:00,,0.1064724731828602,-0.025798193039261331,-1,-0.5,0.29999999999999999,-0.53333333333333333,0.78506356991272153,44.67637634085699,-7.0158385566218966,15.538488606121527,0.0016682050123096683,-2.3160380633602262e-06,7.0387837010910115e-05,0.0008361756455957936,0.00047459658972408194,-0.70710678118654713,-0.70710678118654791,0.7818314824680298,0.62348980185873359
2026-07-28 16:00:00,,-0.0033116810592046875,0.6032396196533556,-1,0.5,0.29999999999999999,-0.53333333333333333,0.86749097024992772,50.165584052960234,-7.0220294499951654,14.697068231538063,0.0016682050123096683,6.2282562600279878e-05,0.00057171758709237408,0.0010381293491239507,0.00047339872196267046,-0.86602540378443837,-0.50000000000000044,0.7818314824680298,0.62348980185873359
2026-07-28 17:00:00,,-0.18212806895404371,0.96482169135119367,-1,0,0.14999999999999999,-0.53333333333333333,0.97552478913861529,59.106403447702185,-6.9714428361275385,14.965554076463805,0.002119697481228765,0.00018872586420149774,0.0011688044813625842,0.0018109099054658684,0.00053160047683054566,-0.96592582628906831,-0.25881904510252063,0.7818314824680298,0.62348980185873359
2026-07-28 18:00:00,,-0.32524199425293432,0.9983249717590863,-1,0,0.14999999999999999,-0.53333333333333333,0.99790737658479645,66.262099712646716,-6.9050535364324039,16.514770942515231,0.0031741240657685091,0.00035517001128867071,0.0012814775608036011,0.0030219996292585594,0.00059609549317227899,-1,-1.8369701987210297e-16,0.7818314824680298,0.62348980185873359
2026-07-28 19:00:00,,-0.25096869902057806,0.99950074252602594,-1,0,0.14999999999999999,-0.53333333333333333,0.98127447839565196,62.548434951028902,-6.9081003283556948,18.152003338703089,0.0036805594708097604,0.00041462121732550948,-0.00040357604007984493,0.0020467060020863403,0.0006051026393753794,-0.96592582628906842,0.2588190451025203,0.7818314824680298,0.62348980185873359
2026-07-28 20:00:00,,-0.15127084782617814,0.99919947903488293,-1,0,0.14999999999999999,-0.53333333333333333,0.32822671089861061,57.563542391308907,-6.9102215225237122,18.644541581824178,0.003876826464896471,0.00039018625186387827,-0.00057932852179881644,0.00029857299892493971,0.00062495589714269798,-0.8660254037844386,0.50000000000000011,0.7818314824680298,0.62348980185873359
2026-07-28 21:00:00,,-0.11642734489561633,0.99823960913361975,0.5,0,-0.14999999999999999,-0.53333333333333333,-0.8865081111097457,55.821367244780816,-6.9405752726392977,18.761831524586924,0.0039884538079120154,0.00034036808592756754,-0.00021074815673366443,-0.0011936527186123258,0.00062860613595062281,-0.70710678118654768,0.70710678118654735,0.7818314824680298,0.62348980185873359
2026-07-28 22:00:00,,-0.12238658659476996,0.99626349840725836,0.5,0,-0.14999999999999999,-0.53333333333333333,-0.71868733824379116,56.119329329738498,-6.9703706525762783,18.906434809195371,0.0040827269494765513,0.00029498312705683854,4.3909528814001231e-05,-0.00074616714971847964,0.00062840005488867345,-0.50000000000000044,0.86602540378443837,0.7818314824680298,0.62348980185873359
2026-07-28 23:00:00,,-0.10631560328472645,0.99133681010438734,0.5,0,-0.14999999999999999,-0.53333333333333333,-0.31172374347427217,55.315780164236322,-7.0138334399545652,18.89752220692527,0.0041669170000879444,0.00024451099524021232,-8.7820985759184955e-05,-0.00025465961367884815,0.00062322958231044291,-0.25881904510252157,0.96592582628906809,0.7818314824680298,0.62348980185873359
2026-07-29 00:00:00,,-0.14708659716446421,0.98665881056543958,0.5,0,0.10000000000000001,-0.53333333333333333,0.28843791719440776,57.35432985822321,-7.0403396457335718,19.175121567908963,0.004284109651395222,0.00021910410667459412,0.00027221995540369082,0.00022830849845850709,0.00062378472065388059,0,1,0.97492791218182362,-0.22252093395631434
2026-07-29 01:00:00,,-0.077097712483261638,0.95637045034131063,0.5,0,-0.10000000000000001,-0.53333333333333333,-0.22743771242955235,53.854885624163082,-7.0539561820379593,18.933433398506558,0.0043341027280966319,0.00016429139753793852,-0.00036004865436578548,-0.00017564968472127962,0.00062677964428711731,0.25881904510252074,0.96592582628906831,0.97492791218182362,-0.22252093395631434
2026-07-29 02:00:00,,-0.088780505528203268,0.90509747863784129,0.5,0,-0.10000000000000001,-0.53333333333333333,-0.024026010862795995,54.439025276410163,-7.0913524993950272,18.441284425131723,0.0043817081039926207,0.00012481726448215329,7.0263576269158357e-05,-1.7565122692936308e-05,0.00062350681077058719,0.49999999999999994,0.86602540378443871,0.97492791218182362,-0.22252093395631434
2026-07-29 03:00:00,,-0.15900298976523827,0.90019787477571211,0.5,0,0.10000000000000001,-0.53333333333333333,0.1894712401223092,57.950149488261914,-7.0889755177336129,18.528810656763262,0.0044309219419010658,0.00012290711141073806,0.0004302567118370515,0.00014047163374042437,0.00061393641405622955,0.70710678118654746,0.70710678118654757,0.97492791218182362,-0.22252093395631434
2026-07-29 04:00:00,,-0.16746349553264267,0.8881071839402912,1,0,0.10000000000000001,-0.53333333333333333,0.64184881553035489,58.373174776632133,-7.0970780715224988,18.748744893440552,0.0044028146271365143,0.00011691974102855763,5.2671775841062196e-05,0.00055319206394727205,0.00060845263676256303,0.8660254037844386,0.50000000000000011,0.97492791218182362,-0.22252093395631434
2026-07-29 05:00:00,,-0.21159477267091589,0.91141925732996121,1,0,0.10000000000000001,-0.53333333333333333,0.78640483054635013,60.579738633545794,-7.1186746099770577,19.299946746108176,0.0044382289727510444,0.00012437864988798476,0.00027209332091002181,0.0007550218085881355,0.00060856187650017374,0.96592582628906831,0.25881904510252074,0.97492791218182362,-0.22252093395631434
2026-07-29 06:00:00,,0.12181501843746041,0.93323497127272115,1,0,0.10000000000000001,-0.53333333333333333,0.63563213580757927,62.181501843746041,-7.1319786889018673,20.28531353466532,0.0043785192583365171,0.00013448552054302594,0.00020182785907210676,0.00052659295582319077,0.00059877800460533088,1,6.123233995736766e-17,0.97492791218182362,-0.22252093395631434
2026-07-29 07:00:00,,0.14918050872672681,0.96200000338063485,1,0,0.29999999999999999,-0.53333333333333333,0.83182366219835557,64.91805087267268,-7.1363802964758989,21.459979544886462,0.0045033112771937934,0.00015690292327358058,0.00035967909994266689,0.00083360027992479546,0.00058704836571000509,0.96592582628906831,-0.25881904510252063,0.97492791218182362,-0.22252093395631434
2026-07-29 08:00:00,,0.11637815182395726,0.94882359048256071,1,0,0.29999999999999999,-0.53333333333333333,0.43260845787312596,61.637815182395727,-7.1595970057025156,22.550740840091805,0.0040130278267425257,0.00014146937018577415,-0.00024562050001997182,0.00031588645899480183,0.00047085345310664652,0.86602540378443871,-0.49999999999999978,0.97492791218182362,-0.22252093395631434
2026-07-29 09:00:00,,0.051051788629160696,0.77035581327759639,0.5,0,-0.29999999999999999,-0.53333333333333333,-0.5368292731367551,55.10517886291607,-7.1303828077964457,22.179224404458331,0.0034465237118034855,8.1738357270920241e-05,-0.00053531077823362749,-0.00042125217831093242,0.00049490834312402557,0.70710678118654757,-0.70710678118654746,0.97492791218182362,-0.22252093395631434
2026-07-29 10:00:00,,0.093631628044720971,0.70357130675298263,0.5,0,-0.29999999999999999,-0.53333333333333333,-0.38127586712103173,59.363162804472097,-7.1039988978868331,21.869604987821845,0.0029822331942270784,7.1854121535109661e-05,0.00049144362551198362,-0.0002894876527416157,0.00049797258271823321,0.49999999999999994,-0.86602540378443871,0.97492791218182362,-0.22252093395631434
2026-07-29 11:00:00,,0.080917111672909534,0.54679157323597261,0.5,0,-0.14999999999999999,-0.53333333333333333,-0.20502964396061579,58.091711167290953,-7.1093858302526591,21.582101243802249,0.0023285110956993383,5.0171246538886641e-05,-0.00010528901845274774,-0.00014915617117439162,0.00050086580252729936,0.25881904510252102,-0.9659258262890682,0.97492791218182362,-0.22252093395631434
2026-07-29 12:00:00,0.33333333333333331,0.033725776942200768,0.0052346319333129235,0.5,0,-0.29999999999999999,-0.53333333333333333,-0.025070512010428998,53.372577694220077,-7.1339249079021485,21.050832392763517,0.0017713906979059534,4.1750905137457293e-07,-0.00040371063272651164,-1.7556025667275765e-05,0.00050352800447305782,1.2246467991473532e-16,-1,0.97492791218182362,-0.22252093395631434
2026-07-29 13:00:00,-0.33333333333333331,0.051593997935346178,-0.74097983351536179,0.5,0,-0.29999999999999999,-0.53333333333333333,-0.91083574992147287,47.420300103232691,-7.1194841935210071,19.912057458910436,0.0017805914889230516,-7.7086812441039493e-05,-0.00057952182292217436,-0.0010885214741014337,0.00045501302517562487,-0.25881904510252079,-0.96592582628906831,0.97492791218182362,-0.22252093395631434
2026-07-29 14:00:00,-0.33333333333333331,0.10685354757520386,-0.94856999804262576,0.5,0,-0.29999999999999999,-0.53333333333333333,-0.94690714537325504,44.657322621239807,-7.1176484047639725,19.267537695592758,0.001815746473935306,-0.00014732440890654973,-0.00029867266576552587,-0.0012819051214142119,0.00034414850642082738,-0.49999999999999972,-0.86602540378443882,0.97492791218182362,-0.22252093395631434
2026-07-29 15:00:00,-0.33333333333333331,0.16538491121410048,-0.98913675795677947,0.5,0,-0.29999999999999999,-0.53333333333333333,-0.93533396487812925,41.730754439294977,-7.1159467561425531,19.36350563344881,0.00203326349599783,-0.00021154231646020993,-0.00033391622528000653,-0.0012121107139677068,0.00034104803818135033,-0.70710678118654713,-0.70710678118654791,0.97492791218182362,-0.22252093395631434
2026-07-29 16:00:00,0.33333333333333331,-0.06961541538356357,-0.9478983535091291,0.5,0,0.29999999999999999,-0.53333333333333333,0.62772369285864071,53.480770769178179,-7.0497575568271014,18.033414140322147,0.002033397978460728,-0.00015709590802353782,0.001194554380080981,0.00056196548903544863,0.0004241488355935985,-0.86602540378443837,-0.50000000000000044,0.97492791218182362,-0.22252093395631434
2026-07-29 17:00:00,-0.33333333333333331,0.088951583195022998,-0.96593933321248715,-1,0,-0.14999999999999999,-0.53333333333333333,-0.11864238559007197,45.55242084024885,-6.9881095926362811,17.278589651744372,0.0021474011375253849,-0.00018712239893390052,-0.00095728664869734748,-9.6648493896372978e-05,0.00047458014314977941,-0.96592582628906831,-0.25881904510252063,0.97492791218182362,-0.22252093395631434
2026-07-29 18:00:00,-0.33333333333333331,0.057960081891468465,-0.96646026243471339,-1,0,0.14999999999999999,-0.53333333333333333,0.47384547421872186,47.101995905426577,-6.9992237446407239,16.196360891982359,0.0022102052724569852,-0.00018576955225018348,0.00017571758714676755,0.0004129853185304011,0.00047651206488584573,-1,-1.8369701987210297e-16,0.97492791218182362,-0.22252093395631434
2026-07-29 19:00:00,-0.33333333333333331,0.023455222700300028,-0.94478442037975097,-1,0,-0.14999999999999999,-0.53333333333333333,-0.62395762855456915,48.827238864984999,-6.9955198317086422,15.077564866481104,0.0022245669208740106,-0.0001631199034768312,0.00019325368998998615,-0.00058831537156059377,0.00047852614845042351,-0.96592582628906842,0.2588190451025203,0.97492791218182362,-0.22252093395631434
2026-07-29 20:00:00,0.33333333333333331,-0.1186592209814654,-0.6676289680893146,-1,0,0.14999999999999999,-0.53333333333333333,0.90288675103625549,55.93296104907327,-6.9472615693593402,15.50933404276703,0.002259366358023695,-7.7521426084986486e-05,0.00088673113714898832,0.001255702414285742,0.00051557541125408504,-0.8660254037844386,0.50000000000000011,0.97492791218182362,-0.22252093395631434
2026-07-29 21:00:00,0.33333333333333331,-0.52049180361750869,0.98724125795807793,0.5,0,0.14999999999999999,-0.53333333333333333,0.99992793061676433,76.024590180875435,-6.6099585966840637,18.564398947891465,0.0051890852130355826,0.00033997376769708606,0.0049547087836528947,0.0060346936107918692,0.0012093306358103623,-0.70710678118654768,0.70710678118654735,0.97492791218182362,-0.22252093395631434
2026-07-29 22:00:00,0.33333333333333331,0.23598418038157831,0.99911813652270487,0.5,0,0.14999999999999999,-0.53333333333333333,0.99967315530695611,73.598418038157831,-6.5411526341253019,21.760211633645184,0.0066048934731500536,0.00055737604702349951,-0.00033188063082467689,0.0055095592899772061,0.0012165191200939475,-0.50000000000000044,0.86602540378443837,0.97492791218182362,-0.22252093395631434
2026-07-29 23:00:00,0.33333333333333331,0.27382682161690697,0.99993175756216957,0.5,0,0.14999999999999999,-0.53333333333333333,0.99983686495089175,77.382682161690695,-6.4924945719807612,24.831247673014307,0.0084645515340984207,0.00077901039484733875,0.0016146984677397336,0.0062375266205679514,0.0012529600653972122,-0.25881904510252157,0.96592582628906809,0.97492791218182362,-0.22252093395631434
2026-07-30 00:00:00,0.33333333333333331,0.4553646597791362,0.99996563534329874,0.5,0,0.10000000000000001,0,0.4406717025664918,72.768232988956811,-6.501721152328825,27.682923995285634,0.009525947807229462,0.00082333925763830563,-0.00066302008064500484,0.00061979775627005185,0.0012713912482938535,0,1,0.43388373911755823,-0.90096886790241903
2026-07-30 01:00:00,0.33333333333333331,0.50701816317435056,0.99998573499045762,0.5,0,0.10000000000000001,0,0.91685709028323736,75.35090815871753,-6.5122876452528669,30.511643989546634,0.010787066319495617,0.00087997145607434627,0.0010815432232362532,0.0020332216103309819,0.0012834659934163925,0.25881904510252074,0.96592582628906831,0.43388373911755823,-0.90096886790241903
2026-07-30 02:00:00,0.33333333333333331,0.4554682252157386,0.99997868384604882,0.5,0,0.10000000000000001,0,0.034357447395854175,72.773411260786929,-6.5329447573977806,33.211983541933861,0.011650242467509019,0.0008327652619911593,-0.00037491880831344582,4.3604334277802526e-05,0.0012930589624012129,0.49999999999999994,0.86602540378443871,0.43388373911755823,-0.90096886790241903
2026-07-30 03:00:00,1,0.35235671306149896,0.99986603727670231,0.5,0,-0.10000000000000001,0,-0.055522368313405415,67.617835653074948,-6.5435435696225221,34.724884605569621,0.012148187319650873,0.00069169563602011373,-0.00077644158124698381,-6.981716632417645e-05,0.0013153476522627455,0.70710678118654746,0.70710678118654757,0.43388373911755823,-0.90096886790241903
2026-07-30 04:00:00,1,0.29891018910085793,0.99887844722276931,1,0,-0.10000000000000001,0,-0.85813969522957889,64.945509455042895,-6.5716950734288746,35.761047308070722,0.012431643694529971,0.00052377806017371532,-0.00041900539209535625,-0.0015703657816557859,0.0013193469390195155,0.8660254037844386,0.50000000000000011,0.43388373911755823,-0.90096886790241903
2026-07-30 05:00:00,1,0.29546416501544515,0.99303066512961968,1,0,-0.10000000000000001,0,-0.78364839962298083,64.773208250772257,-6.6245921921799109,36.596795162183668,0.012557604868830423,0.00037535937884246545,-2.6193667245849594e-05,-0.0012216406405881897,0.0013084532153598077,0.96592582628906831,0.25881904510252074,0.43388373911755823,-0.90096886790241903
2026-07-30 06:00:00,1,0.25599090035564542,0.94409509531739921,1,0,-0.10000000000000001,0,-0.57622530192504018,62.799545017782272,-6.6617224981636962,36.972869633347685,0.012622059336836427,0.00022694176026546629,-0.00028817563194180607,-0.00073337469128301191,0.0013129929613825328,1,6.123233995736766e-17,0.43388373911755823,-0.90096886790241903
2026-07-30 07:00:00,1,0.26548583357444483,0.73529439594155299,1,0,-0.29999999999999999,0,-0.18561928811035788,63.274291678722243,-6.7050337319828026,37.322081642285696,0.012620507421265161,0.00011514398379570403,0.00011353364756500062,-0.00020083565162265504,0.0013109870689697438,0.96592582628906831,-0.25881904510252063,0.43388373911755823,-0.90096886790241903
2026-07-30 08:00:00,1,0.25355853404908812,0.14849122721421976,1,0,-0.29999999999999999,0,-0.23827676864291525,62.677926702454407,-6.7307150200195851,37.781649437955224,0.012460980328418384,1.7857116623482818e-05,-7.85988446373731e-05,-0.00025324082901417855,0.0013046101915218746,0.86602540378443871,-0.49999999999999978,0.43388373911755823,-0.90096886790241903
2026-07-30 09:00:00,1,0.20989443832476923,-0.59484201233216849,1,0,-0.29999999999999999,0,-0.23543337144039836,60.494721916238461,-6.7533293964283825,37.486916857473162,0.012045895534276478,-7.9953418046687123e-05,-0.00027951260172379144,-0.00024457779879616393,0.0012962153573676442,0.70710678118654757,-0.70710678118654746,0.43388373911755823,-0.90096886790241903
2026-07-30 10:00:00,1,0.093271500614615657,-0.94094852890201519,0.5,0,-0.29999999999999999,0,-0.79883374997645162,54.663575030730783,-6.7212258526379811,36.188410293891913,0.011384750771394747,-0.00021043497914751048,-0.00079529121899230004,-0.0011534026653534646,0.0013123261056688985,0.49999999999999994,-0.86602540378443871,0.43388373911755823,-0.90096886790241903
2026-07-30 11:00:00,1,0.19025889117511555,-0.94995597202391191,0.5,0,-0.14999999999999999,0,-0.14296627701606882,59.512944558755777,-6.6842814355348512,35.294259401269571,0.010504598572893275,-0.00022899180266219453,0.00091758759567781012,-0.00015721622503828137,0.0013131300956239354,0.25881904510252102,-0.9659258262890682,0.43388373911755823,-0.90096886790241903
2026-07-30 12:00:00,1,0.31309299041989391,-0.78872534595962895,-1,0,0.29999999999999999,0,0.87665651305505687,65.654649520994695,-6.6450961056067657,35.205693812558359,0.010024366505291956,-0.00013888742599507935,0.0014227795477374239,0.001545075924422934,0.0013222083495954716,1.2246467991473532e-16,-1,0.43388373911755823,-0.90096886790241903
2026-07-30 13:00:00,1,0.36584548680254725,-0.25775997459944638,-1,0,0.29999999999999999,0,0.98815146375143914,68.292274340127364,-6.5926846826302201,35.922767034817902,0.0090530058634333624,-3.6137313002961979e-05,0.00072370575365748868,0.0030640728970727227,0.0012898734823512676,-0.25881904510252079,-0.96592582628906831,0.43388373911755823,-0.90096886790241903
2026-07-30 14:00:00,1,0.38365585635538113,0.24907113770791586,-1,0,0.29999999999999999,0,0.96486972099725143,69.182792817769055,-6.595312896971417,36.588620741201758,0.0077981922692464505,3.4773397604526439e-05,0.00025273762918492926,0.0023992229305798418,0.0012892754167731124,-0.49999999999999972,-0.86602540378443882,0.43388373911755823,-0.90096886790241903
2026-07-30 15:00:00,1,0.33627116641125437,0.29552046125384013,0.5,0,0.29999999999999999,0,0.51492314037705078,66.81355832056272,-6.593055626810866,37.442235119421724,0.0059613706977230839,4.1726147191871715e-05,-0.00029631953921249732,0.00068012384362992062,0.0012981525741401865,-0.70710678118654713,-0.70710678118654791,0.43388373911755823,-0.90096886790241903
2026-07-30 16:00:00,1,0.57356481710769824,0.97328690730173339,0.5,0,0.29999999999999999,0,0.99560559228443646,78.678240855384914,-6.4005925710013605,39.436997524020164,0.0061655648295798502,0.00035721433001450727,0.0044616335029732945,0.0044180515929457265,0.001585608598302903,-0.86602540378443837,-0.50000000000000044,0.43388373911755823,-0.90096886790241903
2026-07-30 17:00:00,1,0.36108768703709954,0.97441210392041655,0.5,0,0.14999999999999999,0,0.90788038234252666,68.054384351854978,-6.3264399579589172,41.540521043549212,0.0068804395191949955,0.00038860861336042791,-0.0018066067641163142,0.0023587071996444831,0.0012932966039287948,-0.96592582628906831,-0.25881904510252063,0.43388373911755823,-0.90096886790241903
2026-07-30 18:00:00,1,0.43320599656673098,0.98987786629659669,0.5,0,0.14999999999999999,0,0.98973574614044768,71.660299828336548,-6.2929921432644349,43.101012613650632,0.0080193351453167576,0.00048829577536988237,0.0015809593285966983,0.0042359860674536787,0.0013205740531428327,-1,-1.8369701987210297e-16,0.43388373911755823,-0.90096886790241903
2026-07-30 19:00:00,1,0.45990057169894727,0.99602719232837555,0.5,0,0.14999999999999999,0,0.26240939796066698,72.995028584947363,-6.3275432235777354,44.674494721364958,0.0092683744694366157,0.00055552582314788695,0.00064209359418310186,0.000416446158663486,0.001287821661329247,-0.96592582628906842,0.2588190451025203,0.43388373911755823,-0.90096886790241903
2026-07-30 20:00:00,1,0.46394218766645451,0.99617423169929664,0.5,0,0.14999999999999999,0,0.90489338339118552,73.197109383322726,-6.3302023990925846,45.418444140215286,0.010239834205021543,0.00055741678640002434,9.5411157106178868e-05,0.002318464079885979,0.001269955894335965,-0.8660254037844386,0.50000000000000011,0.43388373911755823,-0.90096886790241903
2026-07-30 21:00:00,1,0.48651334046230316,0.99668631054035328,0.5,0,0.14999999999999999,0,0.68922448267422631,74.325667023115159,-6.3695194588866766,46.238060393709816,0.011252523609123245,0.00054825553954195678,0.0005202643059966372,0.0012577690572859179,0.0012580979215679284,-0.70710678118654768,0.70710678118654735,0.43388373911755823,-0.90096886790241903
2026-07-30 22:00:00,1,0.43972647078017163,0.9930721900490086,0.5,0,0.14999999999999999,0,0.16859661629059358,71.98632353900858,-6.4100683733817565,47.002024354881556,0.011937078930769117,0.00046566545019465725,-0.00037282860287321529,0.00024284686022960078,0.0012580407848515481,-0.50000000000000044,0.86602540378443837,0.43388373911755823,-0.90096886790241903
2026-07-30 23:00:00,1,0.40322481197714838,0.97588135284185407,0.5,0,-0.14999999999999999,0,-0.10131294536175377,70.161240598857418,-6.4542324113391363,47.510996384037824,0.012317159444474486,0.00034670151451194394,-0.00028621857753943769,-0.00013878287441601578,0.0012410434860188498,-0.25881904510252157,0.96592582628906809,0.43388373911755823,-0.90096886790241903
2026-07-31 00:00:00,1,0.3593613525547934,0.87969620262464232,-1,0,-0.10000000000000001,0,-0.64413479988846134,67.968067627739671,-6.5003867689537174,47.521054700139608,0.012421127067726304,0.00020655618000087628,-0.00033836397006870023,-0.0009974111504813532,0.0012386993072852888,0,1,-0.43388373911755801,-0.90096886790241915
2026-07-31 01:00:00,1,0.384848375742948,0.66317364948683055,-1,0,-0.10000000000000001,0,-0.16436278894714884,69.2424187871474,-6.5383047078379244,47.777071688066421,0.012479361308899244,0.00011553198927512264,0.00041643170688121511,-0.0002081508407269228,0.0012363636140371326,0.25881904510252074,0.96592582628906831,-0.43388373911755801,-0.90096886790241915
2026-07-31 02:00:00,1,0.31668377384495783,-0.055646556675415508,-1,0,-0.10000000000000001,0,-0.334638771325238,65.834188692247892,-6.5656757174473492,47.723352367135981,0.012238190292107973,-7.8424260927410436e-06,-0.00050321014422957666,-0.00042514240741706177,0.0012429422450919488,0.49999999999999994,0.86602540378443871,-0.43388373911755801,-0.90096886790241915
2026-07-31 03:00:00,1,0.25694806207305931,-0.76869143662175599,-1,0,-0.10000000000000001,0,-0.41916454752908766,62.847403103652965,-6.5798739215783533,46.91419064786642,0.011829119500766122,-0.00014117891051323083,-0.0004513693058706969,-0.00053814774321905845,0.0012542365100852763,0.70710678118654746,0.70710678118654757,-0.43388373911755801,-0.90096886790241915
2026-07-31 04:00:00,1,0.17111989083872331,-0.97140347364983548,-1,0,-0.10000000000000001,0,-0.87913676221048831,58.555994541936165,-6.5927195546354564,45.587545157561621,0.011209305537083662,-0.00029004052527507439,-0.00067743619057650251,-0.0016320156406767761,0.0012705723273403135,0.8660254037844386,0.50000000000000011,-0.43388373911755801,-0.90096886790241915
2026-07-31 05:00:00,1,0.18645941285760956,-0.99352480489278572,-1,0,-0.10000000000000001,0,-0.68288868198110231,59.322970642880477,-6.6315310570974084,44.355660059421453,0.010354144402061814,-0.000377627047567971,0.00017374534189007473,-0.00095506015455712467,0.0012644454137112856,0.96592582628906831,0.25881904510252074,-0.43388373911755801,-0.90096886790241915
2026-07-31 06:00:00,1,0.19686358352828803,-0.99747560942308455,-1,0,-0.10000000000000001,0,-0.3387039328078168,59.843179176414402,-6.6639207534798484,42.790297476604231,0.0088924657723672695,-0.00042582264680819572,0.00011291828636780799,-0.00039077256231861979,0.0012397114658245266,1,6.123233995736766e-17,-0.43388373911755801,-0.90096886790241915
2026-07-31 07:00:00,1,0.13437106084265055,-0.99915260486591928,-1,0,-0.29999999999999999,0,-0.15025052871428227,56.718553042132527,-6.6806350228597005,41.125465946828079,0.0075019125438831238,-0.00048731323119058888,-0.00045174966887048806,-0.00016508604061260534,0.0012433247044919161,0.96592582628906831,-0.25881904510252063,-0.43388373911755801,-0.90096886790241915
2026-07-31 08:00:00,1,0.11271295886613358,-0.99971002674043119,-1,0,-0.29999999999999999,0,-0.44166808483731823,55.63564794330668,-6.7239615852513452,39.579550954893087,0.0065390566474304405,-0.00053110472552664757,-0.00015642244520161497,-0.00049525382770429505,0.0012154890995208869,0.86602540378443871,-0.49999999999999978,-0.43388373911755801,-0.90096886790241915
2026-07-31 09:00:00,1,0.20854476143109452,-0.99915827759476594,0.5,0,0.29999999999999999,0,0.28284807730777384,60.427238071554726,-6.6942014337792601,39.051234263933068,0.0056914171165441067,-0.00048116275238010791,0.00092080237922778641,0.00031263026515568337,0.0012208994755535869,0.70710678118654757,-0.70710678118654746,-0.43388373911755801,-0.90096886790241915
2026-07-31 10:00:00,1,0.17376945975475352,-0.99874551155643132,0.5,0,0.29999999999999999,0,0.45429810173591501,58.688472987737676,-6.6889116971308109,38.711318561669394,0.004736626831897634,-0.0004588693241277073,-0.00023446353548162158,0.00052991639854454986,0.0012244753337026545,0.49999999999999994,-0.86602540378443871,-0.43388373911755801,-0.90096886790241915
2026-07-31 11:00:00,1,0.23925278429728294,-0.99470437536366152,0.5,0,0.14999999999999999,0,0.82563759247159152,61.962639214864147,-6.6366232175128133,37.51980221700515,0.0030954891258761592,-0.00038893425341713587,0.00065115191069664569,0.0013374907544428105,0.0012239158811057555,0.25881904510252102,-0.9659258262890682,-0.43388373911755801,-0.90096886790241915
2026-07-31 12:00:00,0.33333333333333331,0.045343153390180933,-0.99688289831277421,0.5,0,-0.29999999999999999,0,-0.68436810152732941,52.267157669509047,-6.5904020358008966,36.284382490314385,0.0032629539168792369,-0.00044380401620377,-0.0014157111534937594,-0.00099902277827873531,0.00077315759563990221,1.2246467991473532e-16,-1,-0.43388373911755801,-0.90096886790241915
2026-07-31 13:00:00,0.33333333333333331,0.0088402831134526145,-0.99878566995782547,0.5,0,-0.29999999999999999,0,-0.72920877308766174,50.442014155672631,-6.6249777356238102,34.883609008427314,0.0032903207483710325,-0.00049132453831021456,-0.00030424861692923688,-0.0010688078597263506,0.00066137929989465308,-0.25881904510252079,-0.96592582628906831,-0.43388373911755801,-0.90096886790241915
2026-07-31 14:00:00,0.33333333333333331,-0.14385934625796837,-0.99976583038878108,0.5,0,-0.29999999999999999,0,-0.99068516326021916,42.807032687101582,-6.6024510204872451,32.85899324794574,0.0041477543628087379,-0.00061422890603759291,-0.0014442697204133936,-0.0031642294908363899,0.00062476270915226507,-0.49999999999999972,-0.86602540378443882,-0.43388373911755801,-0.90096886790241915
2026-07-31 15:00:00,0.33333333333333331,-0.11218786943270985,-0.99989140506946261,0.5,0,-0.29999999999999999,0,-0.86048654323907292,44.390606528364508,-6.6241085628356782,31.254908507595673,0.0045794772144438344,-0.00065209516135899485,0.00025246259987762865,-0.0014960557374650019,0.00060433443340019344,-0.70710678118654713,-0.70710678118654791,-0.43388373911755801,-0.90096886790241915
2026-07-31 16:00:00,0.33333333333333331,-0.27718070511841475,-0.99991364696344887,0.5,0,-0.29999999999999999,0,-0.97903873453847301,36.140964744079263,-6.4510753704350083,31.431760201938538,0.0057470934403941222,-0.0007933722430158726,-0.0019342702855743299,-0.0031260774061100949,0.00071658954945036206,-0.86602540378443837,-0.50000000000000044,-0.43388373911755801,-0.90096886790241915
2026-07-31 17:00:00,1,0.051258416231605965,-0.99773573467269527,0.5,0,0.14999999999999999,0,0.79068693503382204,52.562920811580298,-6.3313544307921985,31.317026351864158,0.0054509833688122259,-0.00060351595058978419,0.0033434072919980851,0.0016615996063013838,0.0010717634997537448,-0.96592582628906831,-0.25881904510252063,-0.43388373911755801,-0.90096886790241915
2026-07-31 18:00:00,1,0.13600214413843162,-0.96824205151194909,-1,0,0.14999999999999999,0,0.92867635072392152,56.800107206921581,-6.315807327919301,30.084869665959072,0.0052332973967184363,-0.00037295652631735669,0.0011814479321995419,0.0025905849386232971,0.0011093025639867826,-1,-1.8369701987210297e-16,-0.43388373911755801,-0.90096886790241915
2026-07-31 19:00:00,1,0.12802360114141551,-0.85685949359563862,-1,0,0.14999999999999999,0,0.99457029468641689,56.401180057070775,-6.3613869761151207,28.897657787712671,0.005066574965290619,-0.00022129521936506836,-8.6823643869221589e-05,0.0044380315803284054,0.0011080318911894553,-0.96592582628906842,0.2588190451025203,-0.43388373911755801,-0.90096886790241915
2026-07-31 20:00:00,1,0.22425010273882948,-0.088239878686873441,-1,0,0.14999999999999999,0,0.92973413680998318,61.212505136941473,-6.3477066380447438,27.262882846748912,0.0052787255227603955,-1.5488948546219568e-05,0.0014229566924275627,0.0025175809807578831,0.0011527718923955688,-0.8660254037844386,0.50000000000000011,-0.43388373911755801,-0.90096886790241915
2026-07-31 21:00:00,1,0.20075650575984938,0.48957862528886054,-1,0,0.14999999999999999,0,0.63058373279825164,60.037825287992469,-6.3708505671258857,25.744877544425421,0.0053222301635408326,9.160919642192851e-05,-0.00023412806912270767,0.0011020049794356335,0.0011507905800045883,-0.70710678118654768,0.70710678118654735,-0.43388373911755801,-0.90096886790241915
2026-07-31 22:00:00,1,0.10190181611823391,0.72355419413617184,0.5,0,0.14999999999999999,0,0.69524524766405305,60.190181611823391,-6.403991128883292,24.335301192267895,0.0054798654673052722,0.00015143759520279822,4.3361185674939406e-05,0.0012321898089797945,0.0011444781854778995,-0.50000000000000044,0.86602540378443837,-0.43388373911755801,-0.90096886790241915
2026-07-31 23:00:00,1,0.12816089920592283,0.87407994187876548,0.5,0,0.14999999999999999,0,0.35916793727688212,62.816089920592283,-6.3756907909352538,23.796473554902573,0.0059031536091087378,0.00022984908009519346,0.00074551825638219382,0.00055475137293442556,0.0011489599493873497,-0.25881904510252157,0.96592582628906809,-0.43388373911755801,-0.90096886790241915
2026-08-03 00:00:00,1,0.15335739822431008,0.95819115902714658,0.5,0,0.10000000000000001,0,0.79599697066815711,65.335739822431009,-6.4095042287391752,23.413891302572004,0.0065439882029933449,0.00031655010447021045,0.00076228098941638622,0.0015511604314735195,0.0011430764066077065,0,1,0,1
2026-08-03 01:00:00,1,0.15173603564500951,0.97264733760170619,1,0,0.10000000000000001,0,0.7856455776731861,65.173603564500951,-6.4294857555880132,23.670500196320397,0.0070620319439839551,0.00034510628483988104,-2.597728719333503e-05,0.001481821958605245,0.0011438901568177312,0.25881904510252074,0.96592582628906831,0,1
2026-08-03 02:00:00,1,0.12554520234276778,0.96146822294579315,1,0,0.10000000000000001,0,0.23864563029987629,62.554520234276779,-6.4620332209779576,23.437141597636888,0.0073839263057942943,0.00030685510216718799,-0.00040706562546516389,0.0003292380767578873,0.0011508428358379765,0.49999999999999994,0.86602540378443871,0,1
2026-08-03 03:00:00,1,0.11814576566079026,0.91565733686742878,1,0,-0.10000000000000001,0,-0.37472422185635335,61.814576566079026,-6.4381523651415407,22.562688168201944,0.0076001631928587811,0.00024973416966565104,-0.00011262188081778701,-0.00054566479347628594,0.0011442779702927302,0.70710678118654746,0.70710678118654757,0,1
2026-08-03 04:00:00,1,0.062477484952707482,0.66127647443246229,1,0,-0.10000000000000001,0,-0.76473614334854534,56.247748495270748,-6.4390173258439356,21.315259784081775,0.0076083953290787707,0.00012705167836058449,-0.0008754177211418579,-0.0013951052274248088,0.0011654559444150803,0.8660254037844386,0.50000000000000011,0,1
2026-08-03 05:00:00,1,0.056069951341314164,0.16911734034181997,1,0,-0.10000000000000001,0,-0.67545393288866373,55.606995134131417,-6.4790531774587894,20.009203300720745,0.0076540684535018671,2.6215835376412798e-05,-0.00010406097982793017,-0.0010921005817875751,0.0011504765021187453,0.96592582628906831,0.25881904510252074,0,1
2026-08-03 06:00:00,1,-0.10088527198487697,-0.35691524873760871,1,0,-0.10000000000000001,0,-0.68780026800890137,55.044263599243848,-6.5308647059611351,18.652518269000662,0.0076727428730198723,-5.4424368083264571e-05,-8.6725755869321297e-05,-0.0010662044568391094,0.0011489516550062381,1,6.123233995736766e-17,0,1
2026-08-03 07:00:00,1,-0.14023879730691546,-0.53969683775291932,1,0,0.29999999999999999,0,0.14131928563874602,57.011939865345774,-6.5671750533230933,17.821123461605868,0.0077377087676353757,-8.4869813897310662e-05,0.00036419764194367543,0.00017341090624642397,0.0011430702249898507,0.96592582628906831,-0.25881904510252063,0,1
2026-08-03 08:00:00,1,-0.16824290212512538,-0.58154386580084483,1,0,0.29999999999999999,0,0.42958100498750851,58.412145106256268,-6.6079195491952802,17.179184718900032,0.0077100985362238009,-8.9722841659943976e-05,0.00026005998863601332,0.00053753187471036745,0.0010898299741043099,0.86602540378443871,-0.49999999999999978,0,1
2026-08-03 09:00:00,0.33333333333333331,-0.042671173873836635,-0.83242193336981918,1,0,-0.29999999999999999,0,-0.22367333000980436,52.133558693691832,-6.5984192428327582,16.089377687685325,0.0075236107717054981,-0.00016295363023288191,-0.00089315528194774951,-0.00026889765136806076,0.0011101735233606572,0.70710678118654757,-0.70710678118654746,0,1
2026-08-03 10:00:00,0.33333333333333331,-0.034532598329859068,-0.91913466540007149,1,0,-0.29999999999999999,0,-0.53214556094937848,51.726629916492953,-6.6085631691243165,15.361718911906422,0.0068474595151305972,-0.00021356703408903087,-6.0728832767142915e-05,-0.00069382412607887911,0.0010497842475473706,0.49999999999999994,-0.86602540378443871,0,1
2026-08-03 11:00:00,0.33333333333333331,0.007194657569776837,-0.96640847112110251,0.5,0,-0.14999999999999999,0,-0.8056570433497886,49.640267121511158,-6.6446224508936202,14.686035762968869,0.0061472777131824719,-0.00026473324450985948,-0.00030369949602387925,-0.0012575836107387717,0.001055053564739889,0.25881904510252102,-0.9659258262890682,0,1
2026-08-03 12:00:00,0.33333333333333331,0.014532792816173413,-0.97999635353004333,0.5,0,-0.29999999999999999,0,-0.35793848175397097,49.273360359191329,-6.6596128919864599,13.7607362209203,0.0037122378795849949,-0.00029445322295561477,-5.2072032990679862e-05,-0.00041650036178170202,0.00093666292848215205,1.2246467991473532e-16,-1,0,1
2026-08-03 13:00:00,0.33333333333333331,0.014532792816173413,-0.98508662730044538,0.5,-0.5,-0.29999999999999999,0,-0.31771449873235619,49.273360359191329,-6.6879687097816261,13.227429063945324,0.0031474685610698014,-0.00030467297001591988,0,-0.00035577152901455911,0.00058776808420481978,-0.25881904510252079,-0.96592582628906831,0,1
2026-08-03 14:00:00,1,-0.11450735520977048,-0.95632560499013763,0.5,-0.5,0.29999999999999999,0,0.64818828985005195,55.725367760488524,-6.6900240334308281,12.691123247606823,0.0029473638944457416,-0.00023634618537623445,0.00088485600839094403,0.00083278397540026416,0.00056159097960694823,-0.49999999999999972,-0.86602540378443882,0,1
2026-08-03 15:00:00,1,-0.05232788329491498,-0.93878487515888498,-1,-0.5,0.29999999999999999,0,0.4350182267469424,52.616394164745749,-6.6890623249792966,12.452501562243549,0.0027057205559101786,-0.00021500486773111188,-0.00038160656826380368,0.00050324944012714035,0.0005695159455359638,-0.70710678118654713,-0.70710678118654791,0,1
2026-08-03 16:00:00,1,-0.046611234908118603,-0.91910012136832686,-1,-0.5,0.29999999999999999,0,0.40641875099972813,52.33056174540593,-6.683022220535018,12.108274904239103,0.0027388668696559648,-0.00019821477256248669,-3.4698728295118331e-05,0.00046855071183202202,0.00046851782690642224,-0.86602540378443837,-0.50000000000000044,0,1
2026-08-03 17:00:00,0.33333333333333331,0.12809380226514491,-0.97001740653610169,-1,0,-0.14999999999999999,0,-0.89289546337695269,43.595309886742754,-6.6544511631168959,11.968028301321761,0.0030935086163271222,-0.00026958318131966458,-0.001189158832057835,-0.001605464128616757,0.00053486256481102834,-0.96592582628906831,-0.25881904510252063,0,1
2026-08-03 18:00:00,0.33333333333333331,0.17363509019164083,-0.98807317233622616,-1,0,-0.14999999999999999,0,-0.88819632563349227,41.318245490417958,-6.6493783474518837,12.647803884654241,0.0035277467303542155,-0.00033122516727754358,-0.00036484303467637647,-0.0015887005950293298,0.00053795461026425395,-1,-1.8369701987210297e-16,0,1
2026-08-03 19:00:00,0.33333333333333331,0.2035035489458133,-0.99502685679694403,-1,0,-0.14999999999999999,0,-0.93015419872731231,39.824822552709335,-6.6867426685081215,13.279024069177257,0.0038917391591932423,-0.00037385004300369848,-0.00024330266101968423,-0.0017973045277538957,0.00050092664321051302,-0.96592582628906842,0.2588190451025203,0,1
2026-08-03 20:00:00,0.33333333333333331,0.25429939225842135,-0.99802731344033502,-1,0,-0.14999999999999999,0,-0.75843849799872864,37.285030387078933,-6.7263026066995986,14.112922810503083,0.0040930483364428599,-0.0004148705255710362,-0.00042592214960965324,-0.0010340678453057139,0.00045636424020281918,-0.8660254037844386,0.50000000000000011,0,1
2026-08-03 21:00:00,0.33333333333333331,0.078884703201463249,-0.99351596915806317,-1,0,0.14999999999999999,0,0.31165877258129032,46.055764839926837,-6.7173444284141919,13.893537649513487,0.0038378764900756945,-0.0003464903249630283,0.0010080120424598438,0.0003387872318305063,0.00053004574990718066,-0.70710678118654768,0.70710678118654735,0,1
2026-08-03 22:00:00,0.33333333333333331,0.1167289090870041,-0.99001637330249281,-1,0,0.14999999999999999,0,0.28471197420873007,44.163554545649795,-6.7583071838108575,13.689822857166005,0.0037026186930582666,-0.00030742309624258305,-0.00028665864797858265,0.00029543124487160788,0.00052766145339772617,-0.50000000000000044,0.86602540378443837,0,1
2026-08-03 23:00:00,0.33333333333333331,0.14091748606829341,-0.98723173914965179,-1,0,0.14999999999999999,0,0.50649318095214824,42.954125696585329,-6.8023975909532464,13.825853724793454,0.0035592912084177375,-0.00028041784002009627,-0.00018246193329946037,0.00053889146118180076,0.00052766785222399851,-0.25881904510252157,0.96592582628906809,0,1
2026-08-04 00:00:00,0.33333333333333331,0.15046201460929554,-0.98233239843866549,-1,0,-0.10000000000000001,0,-0.52073121344576034,42.476899269535224,-6.8364714603215786,14.18451763157069,0.0036197767187967729,-0.00025345302935902666,-6.9518066035278991e-05,-0.00053863864731332201,0.00049922984683108704,0,1,0.7818314824680298,0.62348980185873359
2026-08-04 01:00:00,0.33333333333333331,0.12686727969908249,-0.96923701494831949,-1,0,-0.10000000000000001,0,-0.14520074219165838,43.656636015045876,-6.8823299990061537,14.373256177074861,0.0036259713524448979,-0.00021330955236202625,0.0001216534442457784,-0.00013032655508896096,0.00050186965013602656,0.25881904510252074,0.96592582628906831,0.7818314824680298,0.62348980185873359
2026-08-04 02:00:00,0.33333333333333331,0.14967251739627571,-0.9560377761086517,0.5,0,-0.10000000000000001,0,-0.11157614439489073,42.516374130186215,-6.9261544845617573,14.591700725956979,0.0036406467043174893,-0.00018630763018275838,-0.00014772396500606355,-9.5588586795564146e-05,0.00050199060983383665,0.49999999999999994,0.86602540378443871,0.7818314824680298,0.62348980185873359
2026-08-04 03:00:00,0.33333333333333331,0.17160302031138527,-0.9357725239420549,0.5,0,-0.10000000000000001,0,-0.1903610485269317,41.419848984430736,-6.9219268411937014,14.101751284528696,0.0035336076128362585,-0.0001678952559345871,-0.00013905425745699973,-0.00016512477821728488,0.00048997540379633103,0.70710678118654746,0.70710678118654757,0.7818314824680298,0.62348980185873359
2026-08-04 04:00:00,0.33333333333333331,0.044662279181468277,-0.76195725489859334,0.5,0,0.10000000000000001,0,0.35244772196510943,47.766886040926586,-6.9029760774322542,13.939081674789982,0.0031508340989263367,-0.00010056599287265307,0.00060821967293375745,0.00032144145047069417,0.00051014559153649691,0.8660254037844386,0.50000000000000011,0.7818314824680298,0.62348980185873359
2026-08-04 05:00:00,0.33333333333333331,0.10855758319450075,-0.66260094894277177,1,0,0.10000000000000001,0,0.11200028187825993,44.572120840274962,-6.9299805607964107,13.788031322889747,0.0030653294927551252,-7.7990832679373102e-05,-0.00037357682868119357,9.5588586795564146e-05,0.00048039804488367549,0.96592582628906831,0.25881904510252074,0.7818314824680298,0.62348980185873359
2026-08-04 06:00:00,0.33333333333333331,0.10855758319450075,-0.53426795355393009,0.5,-0.5,0.10000000000000001,0,0.27494968630958272,44.572120840274962,-6.9519864679547734,13.701302423219682,0.0029596109220394223,-5.7030752009115421e-05,0,0.00023464284425256388,0.00048072881258912986,1,6.123233995736766e-17,0.7818314824680298,0.62348980185873359
2026-08-04 07:00:00,0.33333333333333331,0.066242837633071761,-0.25376881148779784,0.5,-0.5,-0.29999999999999999,0,-0.22308008513254315,46.687858118346412,-6.9851358544226336,13.801171757625776,0.0028820098242052254,-2.401186329804107e-05,0.00019114976642364834,-0.00018242706225754524,0.00048126658702273272,0.96592582628906831,-0.25881904510252063,0.7818314824680298,0.62348980185873359
2026-08-04 08:00:00,0.33333333333333331,0.11580657154249224,-0.19896803888938772,0.5,-0.5,-0.29999999999999999,0,-0.087947364694189581,44.209671422875388,-7.0050540804368175,14.197222370908509,0.0028222160712114211,-1.8296109324205832e-05,-0.00026066783245892733,-6.9518066035278991e-05,0.00048348156165896935,0.86602540378443871,-0.49999999999999978,0.7818314824680298,0.62348980185873359
2026-08-04 09:00:00,0.33333333333333331,0.11368452119913115,-0.11352828366630589,0.5,-0.5,-0.29999999999999999,0,-0.078335233697737205,44.315773940043442,-7.0223084513752472,14.523444157798318,0.0027361063072224049,-1.0167884204794451e-05,8.6900225505226469e-06,-6.0828043484756344e-05,0.00048354625644508929,0.70710678118654757,-0.70710678118654746,0.7818314824680298,0.62348980185873359
2026-08-04 10:00:00,0.33333333333333331,0.041181389611866306,0.21877776016239406,1,0.5,0.29999999999999999,0,0.055179700805768561,47.940930519406685,-7.0073436949284655,13.606646604266114,0.0021875965358797212,2.0129339824340349e-05,0.00029541584338849125,4.3438033480086569e-05,0.00043855038531679259,0.49999999999999994,-0.86602540378443871,0.7818314824680298,0.62348980185873359
2026-08-04 11:00:00,0.33333333333333331,0.098790080347627332,0.23157466295916956,1,-0.5,0.14999999999999999,0,0.044458444846593122,45.060495982618633,-7.0140901701888261,12.772283192770946,0.0017052325274715858,2.1206072018940141e-05,-0.00026934622882626713,3.4759637112746766e-05,0.00043537306680678148,0.25881904510252102,-0.9659258262890682,0.7818314824680298,0.62348980185873359
2026-08-04 12:00:00,0.33333333333333331,0.091952545393890264,0.27916495368096655,1,-0.5,0.29999999999999999,0,0.067213722746075955,45.402372730305487,-7.0227970020360413,12.456901940593367,0.00093407069939372117,2.5561194716148812e-05,2.6068934955297829e-05,5.2138549517521948e-05,0.00043597397178039317,1.2246467991473532e-16,-1,0.7818314824680298,0.62348980185873359
2026-08-04 13:00:00,1,-0.035203235180335357,0.63013924158743095,1,0.5,0.29999999999999999,0,0.32836977291324593,51.760161759016768,-7.0030651698894024,12.253624356464957,0.0009374444587983261,6.7422478943831351e-05,0.00051255099484093236,0.00026927370096996306,0.00037015753642532357,-0.25881904510252079,-0.96592582628906831,0.7818314824680298,0.62348980185873359
2026-08-04 14:00:00,1,-0.07454469403778291,0.81336888358430548,0.5,0.5,0.29999999999999999,0,0.70801891634119973,53.727234701889145,-6.9820028583866325,12.66982489684969,0.0010865906052150785,0.00010555490255527542,0.00017368649631155364,0.00071230642610778383,0.00036167763858191806,-0.49999999999999972,-0.86602540378443882,0.7818314824680298,0.62348980185873359
2026-08-04 15:00:00,1,-0.051458026432342478,0.85756221762749552,0.5,0.5,0.29999999999999999,0,0.62826624661206798,52.572901321617124,-6.9757478781961657,13.056296827206943,0.0011608833186452423,0.00011996530379631087,-8.6839477280886701e-05,0.0005993980138715993,0.00035717919354430033,-0.70710678118654713,-0.70710678118654791,0.7818314824680298,0.62348980185873359
2026-08-04 16:00:00,1,-0.20887906640159926,0.94858792700096384,0.5,0.5,0.29999999999999999,0,0.74901796224123451,60.443953320079963,-6.9188540688718305,12.656848529503598,0.0014428019560892118,0.00017974331601341723,0.00074657317714185711,0.00083342019617252405,0.0003733688186146696,-0.86602540378443837,-0.50000000000000044,0.7818314824680298,0.62348980185873359
2026-08-04 17:00:00,1,-0.19399078119210558,0.96731425277383776,0.5,0.5,0.14999999999999999,0,0.6025783824671983,59.699539059605279,-6.9037267282294064,12.948171403605508,0.0017138696602906568,0.00020570128360694953,-5.2068417912831677e-05,0.00060766528194813874,0.00030590719123776316,-0.96592582628906831,-0.25881904510252063,0.7818314824680298,0.62348980185873359
2026-08-04 18:00:00,1,-0.24723868620154021,0.97894678896519416,1,0.5,0.14999999999999999,0,0.79778674219177059,62.361934310077011,-6.8828900825727954,12.296708396145529,0.0020623704348235643,0.00023288262029532992,0.00027766690562436303,0.00097217166485338846,0.00030008361558540322,-1,-1.8369701987210297e-16,0.7818314824680298,0.62348980185873359
2026-08-04 19:00:00,1,-0.07307757025537541,0.95391276407642411,1,0.5,-0.14999999999999999,0,-0.42922214130329495,53.65387851276877,-6.8839480841927374,11.691778460646978,0.0021084994262074905,0.00019186651683968716,-0.00063354033995668968,-0.00040794185224515833,0.00033490992157779323,-0.96592582628906842,0.2588190451025203,0.7818314824680298,0.62348980185873359
2026-08-04 20:00:00,1,-0.16120102527109537,0.9541076835544513,1,0.5,0.14999999999999999,0,0.098943413076076431,58.060051263554769,-6.9004103881804193,11.130057806255467,0.0022446008905001699,0.00018895231155672754,0.00044265262473691669,8.6779190404590034e-05,0.00034500366410587688,-0.8660254037844386,0.50000000000000011,0.7818314824680298,0.62348980185873359
2026-08-04 21:00:00,1,-0.28956157894230133,0.98047500191035086,1,0.5,0.14999999999999999,0,0.58476654978372866,64.478078947115065,-6.892456117506164,11.706310117896745,0.0026687829530959183,0.00023453063369765771,0.00078067402151954512,0.00058978630629977213,0.00037971329124875602,-0.70710678118654768,0.70710678118654735,0.7818314824680298,0.62348980185873359
2026-08-04 22:00:00,1,-0.23744572476004933,0.98437372677514035,1,0,0.14999999999999999,0,0.83780861348879998,61.872286238002467,-6.9359770572127779,12.241401550135075,0.0028712853727705014,0.00023546533874170051,-0.00019944761747889284,0.001023879028777569,0.00038169631198436532,-0.50000000000000044,0.86602540378443837,0.7818314824680298,0.62348980185873359
2026-08-04 23:00:00,1,-0.26391053741329729,0.98736724328870118,1,0,0.14999999999999999,0,0.72918839347920816,63.195526870664864,-6.9827678470946184,12.79629985748141,0.0030276486507252909,0.00023463603636347406,0.00016476393268069489,0.00074599033672134718,0.0003776031550920725,-0.25881904510252157,0.96592582628906809,0.7818314824680298,0.62348980185873359
2026-08-05 00:00:00,1,-0.18032462011604963,0.97128482162636287,1,0,-0.10000000000000001,0,-0.40457046466995417,59.016231005802481,-6.9779851082912749,11.947354918885177,0.0031383806618417438,0.00019711006362012849,-0.0003122073081868737,-0.00034689099298507164,0.00037069093850168453,0,1,0.97492791218182362,-0.22252093395631434
2026-08-05 01:00:00,1,-0.23623116083795664,0.96857822733504106,1,0,0.10000000000000001,0,0.22035562768916422,61.811558041897833,-7.0212172379437892,11.391373596183108,0.0032359608203634768,0.00018468814320488487,0.00032087834216443234,0.00017343496665825353,0.0003591403297804371,0.25881904510252074,0.96592582628906831,0.97492791218182362,-0.22252093395631434
2026-08-05 02:00:00,1,-0.22167951118442489,0.95488376843951883,1,0,-0.10000000000000001,0,-0.058532020250761665,61.083975559221244,-7.066449930875133,10.941853395244019,0.0032623417719477143,0.00016078959695869135,-5.2027331703258239e-05,-4.33562977256996e-05,0.00036013810703085437,0.49999999999999994,0.86602540378443871,0.97492791218182362,-0.22252093395631434
2026-08-05 03:00:00,1,-0.20137398780295043,0.91350214362592708,1,0,0.10000000000000001,0,0.26863678307394462,60.068699390147522,-7.0878787526766249,10.910430934318542,0.0032690854381884657,0.00012930769997336258,-6.9373986517323738e-05,0.00019947702394385036,0.00036151868995029282,0.70710678118654746,0.70710678118654757,0.97492791218182362,-0.22252093395631434
2026-08-05 04:00:00,1,-0.098175651733785119,0.71461261852440416,1,0,-0.10000000000000001,0,-0.59818283954024087,54.908782586689256,-7.1169631619955469,10.351221658066747,0.0031036637061095155,7.2730314617461224e-05,-0.00036429240939950258,-0.00048569372762008456,0.00036751243455953117,0.8660254037844386,0.50000000000000011,0.97492791218182362,-0.22252093395631434
2026-08-05 05:00:00,1,-0.22894499670476065,0.72992556858729485,1,0,0.10000000000000001,0,0.30651135387637896,61.447249835238033,-7.0672581301143387,11.152424652835842,0.0030114430167136235,7.91666962056214e-05,0.00066776807514815073,0.00023410167923132441,0.00038917105091843804,0.96592582628906831,0.25881904510252074,0.97492791218182362,-0.22252093395631434
2026-08-05 06:00:00,1,-0.26756568259279023,0.80050052789686521,1,0,0.10000000000000001,0,0.62250272355294034,63.378284129639511,-7.0860810032503698,11.90944565663251,0.0030083126001106499,9.2034034914652394e-05,0.00022537946195033687,0.00052885512769898502,0.00038780785201458822,1,6.123233995736766e-17,0.97492791218182362,-0.22252093395631434
2026-08-05 07:00:00,1,-0.23677509785978246,0.77148843667342482,1,0,0.29999999999999999,0,0.80477254589174019,61.838754892989122,-7.1082371880941499,12.612393731586559,0.0027973149001957864,8.3797169368443679e-05,-0.00010401497825054951,0.00078913255884793809,0.00038088473363076427,0.96592582628906831,-0.25881904510252063,0.97492791218182362,-0.22252093395631434
2026-08-05 08:00:00,1,-0.22608378493237283,0.68665501907644844,1,0.5,0.29999999999999999,0,0.12371487877768965,61.304189246618641,-7.1257005943707652,12.653698251865436,0.0024791810690017015,6.7678809960445283e-05,-3.4674063803780131e-05,8.6690419896007231e-05,0.00038194108710884591,0.86602540378443871,-0.49999999999999978,0.97492791218182362,-0.22252093395631434
2026-08-05 09:00:00,1,-0.36011588937494254,0.85449943731005906,1,0.5,0.29999999999999999,0,0.70524185929681138,68.005794468747126,-7.0783570040840562,13.772112878864833,0.0025496292021755422,0.00010729978421468542,0.00077987577932581154,0.0006411867372714819,0.00040061516513901607,0.70710678118654757,-0.70710678118654746,0.97492791218182362,-0.22252093395631434
2026-08-05 10:00:00,1,-0.18996290239613245,0.71314726093012892,1,0.5,0.29999999999999999,0,0.19216749485394541,59.498145119806622,-7.0428352091536395,14.919124315344892,0.002399880124958171,7.8065452634524472e-05,-0.00059785035593912239,0.00014735135958290901,0.00043243272586729911,0.49999999999999994,-0.86602540378443871,0.97492791218182362,-0.22252093395631434
2026-08-05 11:00:00,1,-0.13882035990065872,0.37987457976781175,1,0.5,-0.14999999999999999,0,-0.021978969710575658,56.941017995032936,-7.0022701381025785,15.308528860687158,0.0020952662338301858,3.6384659673479019e-05,-0.00019936290615812924,-1.7337482771440094e-05,0.00043564307364476833,0.25881904510252102,-0.9659258262890682,0.97492791218182362,-0.22252093395631434
2026-08-05 12:00:00,1,-0.20445796524009752,0.31631591526883113,1,0.5,-0.29999999999999999,0,-0.507730364569005,60.222898262004875,-7.0006866274892525,15.670118795647836,0.0020910712792158517,2.984801873226711e-05,0.00035535833060856836,-0.00044185493148868327,0.00041276303359268513,1.2246467991473532e-16,-1,0.97492791218182362,-0.22252093395631434
2026-08-05 13:00:00,1,-0.19965459548849523,0.20176272151153993,0.5,0.5,0.29999999999999999,0,0.17819460502630766,59.982729774424762,-7.0261906818767086,16.00588087811132,0.0020281593203051052,1.8172087827463511e-05,-1.7331623280214536e-05,0.00013866380117022459,0.00041229602576403846,-0.25881904510252079,-0.96592582628906831,0.97492791218182362,-0.22252093395631434
2026-08-05 14:00:00,1,-0.37536790217306704,0.73836879317185555,0.5,0.5,0.29999999999999999,0,0.94826684131073824,68.768395108653351,-6.9728257855545595,17.991041455268373,0.002438451623872134,8.8723096143061148e-05,0.0011345872748939334,0.0014726139822222872,0.00047465387518767571,-0.49999999999999972,-0.86602540378443882,0.97492791218182362,-0.22252093395631434
2026-08-05 15:00:00,1,0.11054774801687386,0.67523684010893792,0.5,0.5,0.29999999999999999,0,0.54795390542952471,61.054774801687387,-6.9499906116910282,20.014085767925444,0.0022532374699502917,7.8638234368896809e-05,-0.00060610785379783261,0.00051114779781588626,0.00047241314541638556,-0.70710678118654713,-0.70710678118654791,0.97492791218182362,-0.22252093395631434
2026-08-05 16:00:00,1,0.092154289528957489,0.4778637887635086,0.5,0.5,0.29999999999999999,0,0.40862209009891037,59.215428952895749,-6.9169132282759733,20.816688027568357,0.0021328325986223365,5.154698925974744e-05,-0.0001559157018932722,0.0003725637192028286,0.00046956569821232012,-0.86602540378443837,-0.50000000000000044,0.97492791218182362,-0.22252093395631434
2026-08-05 17:00:00,1,0.1523150203364787,0.69408953823265807,0.5,0.5,0.14999999999999999,0,0.07777468295173065,65.231502033647871,-6.8815662158253854,21.849029441518752,0.0024574325001291576,8.7851291116306635e-05,0.00083126963898724759,6.9246083296142791e-05,0.00047362491260722445,-0.96592582628906831,-0.25881904510252063,0.97492791218182362,-0.22252093395631434
2026-08-05 18:00:00,1,0.082870893763920109,0.4765539425490668,0.5,0.5,0.14999999999999999,0,0.056945624933946677,58.287089376392011,-6.8565900374746969,22.807632183044117,0.0024736063243157584,5.4573656065033931e-05,-0.00062338743815196218,5.1966498942013217e-05,0.00049613552415614327,-1,-1.8369701987210297e-16,0.97492791218182362,-0.22252093395631434
2026-08-05 19:00:00,1,0.079181922116800155,0.21787171195717894,0.5,0.5,0.14999999999999999,0,0.19265064441182489,57.918192211680015,-6.8828913684553887,23.69776330017481,0.00248832990710212,2.2699506598963456e-05,-3.4644032568892369e-05,0.00017323816826639304,0.00049607463118464729,-0.96592582628906842,0.2588190451025203,0.97492791218182362,-0.22252093395631434
2026-08-05 20:00:00,1,0.28609263530358109,0.53317426774818621,0.5,0,0.14999999999999999,0,0.26751875884640164,64.304631765179053,-6.8516934717959916,25.322354611342764,0.0026725014379733606,6.2885447086206969e-05,0.00090900833456777907,0.00025097686384692452,0.00052265853686669483,-0.8660254037844386,0.50000000000000011,0.97492791218182362,-0.22252093395631434
2026-08-05 21:00:00,1,0.23792085573781349,0.54636083708480276,0.5,0,0.14999999999999999,0,0.6287957629695603,61.896042786890675,-6.880305516982931,27.008880824463009,0.0027788441242332152,6.3024350898549541e-05,-0.00021635562024835409,0.00065800868175053262,0.00052549456881215172,-0.70710678118654768,0.70710678118654735,0.97492791218182362,-0.22252093395631434
2026-08-05 22:00:00,1,0.18258635749248073,0.3375155166754229,1,0,0.14999999999999999,0,0.46735282965484781,59.129317874624036,-6.9012202708858492,27.340942235138051,0.0027600701982231613,3.5358914598755437e-05,-0.00025103117679348141,0.00044162153752594357,0.00053021604638277319,-0.50000000000000044,0.86602540378443837,0.97492791218182362,-0.22252093395631434
2026-08-05 23:00:00,1,0.21889078356508804,0.28091232942639999,1,0,-0.14999999999999999,0,-0.26170508313232083,60.944539178254402,-6.9378291923606215,27.64928497362202,0.0027360670943531551,2.8012002719567195e-05,0.00024237597826476387,-0.00022501081877707163,0.0005301313106450136,-0.25881904510252157,0.96592582628906809,0.97492791218182362,-0.22252093395631434
2026-08-06 00:00:00,1,0.13188294582893151,-0.13405562367601875,1,0.5,-0.10000000000000001,0,-0.44802094800065095,56.594147291446575,-6.9549322828855225,28.130485850888952,0.002430372292773997,-1.286525403458973e-05,-0.00038956148854993322,-0.00039821668707865077,0.00053131743149758854,0,1,0.43388373911755823,-0.90096886790241903
2026-08-06 01:00:00,1,0.20644305553975825,-0.094219234133644983,1,0.5,0.10000000000000001,0,0.38806176303432577,60.322152776987913,-6.9825603433216408,28.577315236922534,0.0024105489164196227,-8.7688416862273695e-06,0.00047611010296061407,0.00032892459267544472,0.00052210635783548969,0.25881904510252074,0.96592582628906831,0.43388373911755823,-0.90096886790241903
2026-08-06 02:00:00,1,0.2372292165086769,0.039817623586234252,1,0.5,0.10000000000000001,0,0.36518133411295528,61.861460825433845,-7.0264570450529042,29.313259641597934,0.0024642984467921933,3.5379646471930338e-06,0.0002076861177949807,0.00029423473220566154,0.0005218730309669772,0.49999999999999994,0.86602540378443871,0.43388373911755823,-0.90096886790241903
2026-08-06 03:00:00,1,0.22233427131860836,0.0064361576511329207,1,0.5,0.10000000000000001,0,0.68377588140185341,61.116713565930418,-7.0573377431350091,30.222828370582441,0.0024226685356127198,5.5420422397892306e-07,-6.0570662185677193e-05,0.00062322555856991757,0.00052113344680190419,0.70710678118654746,0.70710678118654757,0.43388373911755823,-0.90096886790241903
2026-08-06 04:00:00,1,0.19144016352622656,-0.19445753661423826,1,0.5,0.10000000000000001,0,0.036179003188208915,59.572008176311328,-7.0954733798779319,30.765328363215566,0.002289504778051231,-1.6325473173921896e-05,-0.0001211523318979113,2.59631237113922e-05,0.00052255708218296572,0.8660254037844386,0.50000000000000011,0.43388373911755823,-0.90096886790241903
2026-08-06 05:00:00,1,0.16206923524718009,-0.46122290367377655,1,0.5,-0.10000000000000001,0,-0.39718987608869805,58.103461762359004,-7.1197974439207927,30.990250552753352,0.0022993627512788157,-4.0354595847120166e-05,-0.00011251173812207305,-0.00029423473220566154,0.00049742976978140255,0.96592582628906831,0.25881904510252074,0.43388373911755823,-0.90096886790241903
2026-08-06 06:00:00,1,0.05832867948552533,-0.80774509291545815,1,-0.5,-0.10000000000000001,0,-0.73306488843806406,52.916433974276266,-7.128571393700474,29.782341552486017,0.0021226106357459776,-8.9849412043956816e-05,-0.00041553765109286767,-0.00064920172111285201,0.00048670895255318008,1,6.123233995736766e-17,0.43388373911755823,-0.90096886790241903
2026-08-06 07:00:00,1,0.062085782710368277,-0.91771406694161772,1,-0.5,-0.29999999999999999,0,-0.6470563202946521,53.104289135518414,-7.1743066120097652,28.637972572908922,0.0018103255527200438,-0.00012059741464416304,1.7317516668641231e-05,-0.00051073187254629948,0.00048332103649104802,0.96592582628906831,-0.25881904510252063,0.43388373911755823,-0.90096886790241903
2026-08-06 08:00:00,1,0.068092023718691191,-0.94876367475984213,1,-0.5,-0.29999999999999999,0,-0.51588240431627441,53.40460118593456,-7.1908557819275414,27.092966633606871,0.0016073017511675212,-0.00013707037402253841,2.5975712710069043e-05,-0.00037224442171415739,0.00047825783614698374,0.86602540378443871,-0.49999999999999978,0.43388373911755823,-0.90096886790241903
2026-08-06 09:00:00,0.33333333333333331,-0.034052357730945462,-0.97982751894194731,1,-0.5,-0.29999999999999999,0,-0.4916398166605796,48.297382113452727,-7.179866561243057,25.303309261451606,0.0014240721869883139,-0.00017469071727366247,-0.0003983684267768739,-0.00035507519739816362,0.00048823170551630222,0.70710678118654757,-0.70710678118654746,0.43388373911755823,-0.90096886790241903
2026-08-06 10:00:00,0.33333333333333331,-0.02342812945275952,-0.98976188206614235,1,-0.5,-0.29999999999999999,0,-0.57378436874216143,47.657187054724048,-7.1951513633562314,23.839277413500707,0.0015069525210050655,-0.00019766848947759839,-5.1972800912514217e-05,-0.00042436551497931907,0.00041221709006477436,0.49999999999999994,-0.86602540378443871,0.43388373911755823,-0.90096886790241903
2026-08-06 11:00:00,0.33333333333333331,-0.032329404310281334,-0.9933542496267741,0.5,-0.5,-0.14999999999999999,0,-0.66991704223206616,46.767059568971867,-7.2085912204888043,22.82447163487339,0.001558987132087966,-0.00021108987583961196,-6.9301269973592872e-05,-0.00051964249766298098,0.00039004786596612647,0.25881904510252102,-0.9659258262890682,0.43388373911755823,-0.90096886790241903
2026-08-06 12:00:00,0.33333333333333331,-0.082692863565435037,-0.99714273389854569,0.5,-0.5,-0.29999999999999999,0,-0.68369253807638741,41.730713643456497,-7.2066822837693181,22.379518091814941,0.0017325747291669243,-0.00024286388244387086,-0.00041590850612513441,-0.0005371825770112415,0.00039940384392950435,1.2246467991473532e-16,-1,0.43388373911755823,-0.90096886790241903
2026-08-06 13:00:00,0.33333333333333331,-0.050756198149078176,-0.99688241572253511,0.5,-0.5,-0.29999999999999999,0,-0.40906553528948636,44.924380185092183,-7.2136036455955974,22.02284677097467,0.001845722340054328,-0.00023797305607330956,0.00020797587554799435,-0.00027723390055073294,0.00035061465344587934,-0.25881904510252079,-0.96592582628906831,0.43388373911755823,-0.90096886790241903
2026-08-06 14:00:00,0.33333333333333331,0.00080713365042562658,-0.98988155891465046,0.5,-0.5,0.29999999999999999,0,0.23518358781333529,50.080713365042563,-7.1940594674997893,20.664643750824272,0.0018583110158684377,-0.00019832823969103243,0.00036385373481451211,0.00015592110423737204,0.00033535077424886304,-0.49999999999999972,-0.86602540378443882,0.43388373911755823,-0.90096886790241903
2026-08-06 15:00:00,0.33333333333333331,0.13177722185417465,-0.99108421353971843,-1,-0.5,0.29999999999999999,0,0.026227316747193929,43.411138907291267,-7.1790538560735317,19.598412703250379,0.0020120740423063823,-0.00020617323592155048,-0.00055449663524362314,1.733297511888332e-05,0.00035725518687688182,-0.70710678118654713,-0.70710678118654791,0.43388373911755823,-0.90096886790241903
2026-08-06 16:00:00,0.33333333333333331,0.0344178783727358,-0.97859395639323277,-1,-0.5,0.29999999999999999,0,0.25268366995922836,48.27910608136321,-7.1634723112745142,18.827673325077491,0.0019813253340796523,-0.00017525604484572885,0.00036392309493668562,0.00017328019450757459,0.00029764201076122094,-0.86602540378443837,-0.50000000000000044,0.43388373911755823,-0.90096886790241903
2026-08-06 17:00:00,0.33333333333333331,0.17460403997067458,-0.98399125096031259,-1,-0.5,-0.14999999999999999,0,-0.83661141610363232,41.26979800146627,-7.1082384432499097,19.149409833618808,0.0021703480230980559,-0.00019720777192511665,-0.0006672935429146154,-0.00085786708322155292,0.0003260287739954211,-0.96592582628906831,-0.25881904510252063,0.43388373911755823,-0.90096886790241903
2026-08-06 18:00:00,0.33333333333333331,-0.18217041318470875,-0.99756168965738856,-1,0,-0.14999999999999999,0,-0.96845407108143688,31.782958681529124,-7.0349104330187702,20.885126997205184,0.0029585100899132658,-0.00029536885512522579,-0.0012751618450717594,-0.0015785322930496892,0.00042090526784837158,-1,-1.8369701987210297e-16,0.43388373911755823,-0.90096886790241903
2026-08-06 19:00:00,0.33333333333333331,-0.18102353136423205,-0.99915139360348737,-1,0,-0.14999999999999999,0,-0.98760443723340341,31.897646863576796,-7.0373953595654992,22.916917944304046,0.0034577995922522994,-0.0003410273723184817,8.6800657948249427e-06,-0.0019337753221915499,0.00041315723898389776,-0.96592582628906842,0.2588190451025203,0.43388373911755823,-0.90096886790241903
2026-08-06 20:00:00,0.33333333333333331,-0.1560784159483356,-0.99925136300247142,-1,0,-0.14999999999999999,0,-0.89758047294804733,34.392158405166441,-7.0627938605299123,24.803580966610134,0.0037987135941676764,-0.00033784400023607002,0.00018226397950085738,-0.0010842177997760771,0.00041497952028536319,-0.8660254037844386,0.50000000000000011,0.43388373911755823,-0.90096886790241903
2026-08-06 21:00:00,0.33333333333333331,-0.28559334464219177,-0.9989602125802628,-1,0,0.14999999999999999,0,0.38224459894634755,35.720332767890412,-7.1068189688253014,26.049345647705174,0.0039456257314167071,-0.00030982610737142883,9.5458352027483206e-05,0.00028640239732316553,0.00039470355161305563,-0.70710678118654768,0.70710678118654735,0.43388373911755823,-0.90096886790241903
2026-08-06 22:00:00,-0.33333333333333331,-0.29947731081990897,-0.99784314608476898,-1,0,0.14999999999999999,0,0.26174259278005213,35.026134459004552,-7.1050335541612606,27.615860088930656,0.0039845510939234335,-0.00028040671527833501,-8.6779943473946908e-05,0.00019094238805439367,0.0003867197787943497,-0.50000000000000044,0.86602540378443837,0.43388373911755823,-0.90096886790241903
2026-08-06 23:00:00,-0.33333333333333331,-0.26764046181461054,-0.99463165009968679,-1,0,0.14999999999999999,0,0.16090803407649534,36.617976909269473,-7.1297826743456119,29.070480641497177,0.0039275874046751638,-0.0002369721141025306,0.00010413502851422396,0.00011281343706776026,0.00039041966313399339,-0.25881904510252157,0.96592582628906809,0.43388373911755823,-0.90096886790241903
2026-08-07 00:00:00,-0.33333333333333331,-0.34278161587356865,-0.99361685192734839,-1,0,-0.10000000000000001,0,-0.55920581738788888,32.860919206321569,-7.1415252246731962,30.561814483938736,0.0039511975322349359,-0.00022733316242013677,-0.00045133012960710261,-0.00043397504456682556,0.00039651636825462864,0,1,-0.43388373911755801,-0.90096886790241915
2026-08-07 01:00:00,-0.33333333333333331,-0.26484016184235143,-0.98538739465868663,-1,0,-0.10000000000000001,0,-0.14333505782641656,36.757991907882428,-7.1793699257381141,31.946624480491611,0.0038493402707783322,-0.00018717151293033474,0.00025172846444013186,-9.5466636652746795e-05,0.00040687045652663522,0.25881904510252074,0.96592582628906831,-0.43388373911755801,-0.90096886790241915
2026-08-07 02:00:00,-0.33333333333333331,-0.20262567607662332,-0.94943225668049525,-1,0,0.10000000000000001,0,0.013754395175039331,39.868716196168833,-7.226591674410197,32.660405676950781,0.0037600578674150498,-0.00013274844925977676,0.00020827909473888906,8.6774295719183048e-06,0.00040840217258504514,0.49999999999999994,0.86602540378443871,-0.43388373911755801,-0.90096886790241915
2026-08-07 03:00:00,-0.33333333333333331,-0.2804453124526563,-0.92898465806588637,-1,0,0.10000000000000001,0,0.055658665198702044,35.977734377367184,-7.2391476172058233,33.751099876266117,0.0036975701072243586,-0.00011852388841677129,-0.00042528262406790751,3.4724935111113409e-05,0.0004132708653474966,0.70710678118654746,0.70710678118654757,-0.43388373911755801,-0.90096886790241915
2026-08-07 04:00:00,-0.33333333333333331,-0.2177568831700647,-0.82105995821064659,-1,0,-0.10000000000000001,0,-0.013911448042265163,39.112155841496765,-7.237946802181404,34.296330909605352,0.0035084839723270129,-8.3383610852343125e-05,0.0002083242922338302,-8.6792370951882525e-06,0.00041884785980781286,0.8660254037844386,0.50000000000000011,-0.43388373911755801,-0.90096886790241915
2026-08-07 05:00:00,-0.33333333333333331,-0.21947158461456526,-0.64390090144741996,0.5,0,-0.10000000000000001,0,-0.36013171958729989,39.026420769271738,-7.2794176148351371,34.802616869134638,0.0033865363465463089,-5.2740246506818335e-05,-8.6793124247641629e-06,-0.00022563764425884147,0.00041425882667813608,0.96592582628906831,0.25881904510252074,-0.43388373911755801,-0.90096886790241915
2026-08-07 06:00:00,-0.33333333333333331,-0.17242111114999104,-0.22002810764566302,0.5,0,0.10000000000000001,0,0.53699018081707306,41.378944442500448,-7.3130812885663712,35.384279989512457,0.0032085963814334059,-1.491445086463988e-05,0.0001475380672585902,0.00034718304706765624,0.00041787724926437822,1,6.123233995736766e-17,-0.43388373911755801,-0.90096886790241915
2026-08-07 07:00:00,-0.33333333333333331,-0.16671784144375451,0.2433814325729661,0.5,0,0.29999999999999999,0,0.27412337441092893,41.664107927812275,-7.354279879559372,35.605145222519553,0.0030007983858603804,1.5891606333541942e-05,1.7355988684242263e-05,0.0001562147435180683,0.00041855846213973032,0.96592582628906831,-0.25881904510252063,-0.43388373911755801,-0.90096886790241915
2026-08-07 08:00:00,-0.33333333333333331,-0.18798736465615604,0.48195952380317958,0.5,0,0.29999999999999999,0,0.14240248498969255,40.600631767192198,-7.3734226944414702,35.453515674272175,0.0028893446965086666,3.2988583203607332e-05,-8.678295588193663e-05,7.8111100060895833e-05,0.00041132364120255617,0.86602540378443871,-0.49999999999999978,-0.43388373911755801,-0.90096886790241915
2026-08-07 09:00:00,-0.33333333333333331,-0.19462888729981245,0.62450039899043863,0.5,0,-0.29999999999999999,0,-0.17717377049075547,40.268555635009378,-7.3950145648505474,35.312716808042474,0.00267323726862724,4.4988771147069198e-05,-2.6036355432412783e-05,-9.546332263010715e-05,0.00040630339604893329,0.70710678118654757,-0.70710678118654746,-0.43388373911755801,-0.90096886790241915
2026-08-07 10:00:00,-0.33333333333333331,-0.18419817560721768,0.72546791867825555,0.5,0,-0.29999999999999999,0,-0.16015997573702795,40.790091219639116,-7.3874052272672781,35.74283355688231,0.0021897937061737972,5.6891842170756087e-05,2.6036355432412783e-05,-8.678295588193663e-05,0.00039363851910403192,0.49999999999999994,-0.86602540378443871,-0.43388373911755801,-0.90096886790241915
2026-08-07 11:00:00,-0.33333333333333331,-0.15170965941964965,0.81710133752826264,0.5,-0.5,0.14999999999999999,0,0.14290009591701358,42.414517029017517,-7.3769591747484382,35.793742142698221,0.0018796881699000511,7.1809455351015293e-05,7.8104999193501223e-05,7.8104999193501223e-05,0.00038024940915359326,0.25881904510252102,-0.9659258262890682,-0.43388373911755801,-0.90096886790241915
2026-08-07 12:00:00,0.33333333333333331,0.024433997907953114,0.94945322335067328,-1,0.5,0.29999999999999999,0,0.78006361831441673,51.221699895397656,-7.3527596741092465,33.905192799673536,0.0011950641739411406,0.00011702697630271619,0.00047717582231374123,0.00058131717693965523,0.00038776981801577268,1.2246467991473532e-16,-1,-0.43388373911755801,-0.90096886790241915
2026-08-07 13:00:00,0.33333333333333331,-0.027962415118137896,0.97169052154397506,-1,0.5,0.29999999999999999,0,0.62873559109398625,48.601879244093105,-7.3822628673903958,32.151539838293473,0.00078613345233411879,0.00013201189253372696,-0.00015614156867257978,0.00039913925283466267,0.00036168140106007202,-0.25881904510252079,-0.96592582628906831,-0.43388373911755801,-0.90096886790241915
2026-08-07 14:00:00,0.33333333333333331,0.13373728341988525,0.99304285476424126,-1,0.5,0.29999999999999999,0,0.91589089361361198,56.686864170994262,-7.3745084687870897,30.22664712179672,0.0010923982278202662,0.00017737713636847141,0.00052904776974088685,0.0008500820233820483,0.00024114315343488248,-0.49999999999999972,-0.86602540378443882,-0.43388373911755801,-0.90096886790241915
2026-08-07 15:00:00,0.33333333333333331,0.58743887916164084,0.99982099795714829,-1,0,0.29999999999999999,0,0.99976223829274502,79.371943958082042,-6.9366359988575859,32.711444922637256,0.0038744573296840262,0.00045279095535148413,0.0034276844777774984,0.0038005906788458055,0.00079125438618552553,-0.70710678118654713,-0.70710678118654791,-0.43388373911755801,-0.90096886790241915
2026-08-07 16:00:00,1,0.307988148674045,0.99988970743774674,-1,0,0.29999999999999999,0,0.9946447434489939,65.399407433702251,-6.8712910780927743,35.018757166274902,0.0045443968829644923,0.00050848067034342298,-0.0012969833988489832,0.0026597488486694021,0.00086153397123317553,-0.86602540378443837,-0.50000000000000044,-0.43388373911755801,-0.90096886790241915
2026-08-07 17:00:00,1,0.23612255409877078,0.99979694300729716,0.5,0,0.14999999999999999,0,0.95461367732341595,61.80612770493854,-6.8466075488382314,36.122530565252575,0.0049179631549925457,0.00048874366690170132,-0.00039807884217443745,0.0017326222367540778,0.00087025201901136211,-0.96592582628906831,-0.25881904510252063,-0.43388373911755801,-0.90096886790241915
2026-08-07 18:00:00,1,0.28573570038677076,0.99974331936423255,0.5,0,-0.14999999999999999,0,-0.86440307779507553,64.286785019338538,-6.8275107900890077,37.147463007160418,0.0053607718847619654,0.00048546902207661304,0.00046729377186247034,-0.0012277684691609503,0.00087190713530830048,-1,-1.8369701987210297e-16,-0.43388373911755801,-0.90096886790241915
2026-08-07 19:00:00,1,0.28758126533336964,0.99959857197047264,0.5,0,0.14999999999999999,0,0.092595740589761985,64.379063266668481,-6.8336969007160739,38.289271390182407,0.0057198530795738063,0.00045839265970964386,1.7302983899930569e-05,8.6517913587963458e-05,0.00087238806632343989,-0.96592582628906842,0.2588190451025203,-0.43388373911755801,-0.90096886790241915
2026-08-07 20:00:00,1,0.31152826992971255,0.99949040524107446,0.5,0,0.14999999999999999,0,0.65083690904764402,65.576413496485628,-6.8658386356173331,39.349522031559964,0.0059920052911335816,0.00043145052264316822,0.0002162620412320404,0.00070085879699444131,0.00086085113516775117,-0.8660254037844386,0.50000000000000011,-0.43388373911755801,-0.90096886790241915
2026-08-07 21:00:00,1,0.34653752867561677,0.99938582875757598,-1,0,0.14999999999999999,0,0.55609741513149458,67.326876433780839,-6.8874977024886457,40.493003040038452,0.0063048906833013604,0.00041267962338313032,0.00031998201455221698,0.00055354703968418795,0.00086127017071083395,-0.70710678118654768,0.70710678118654735,-0.43388373911755801,-0.90096886790241915
2026-08-07 22:00:00,1,0.28021940752909075,0.99809444270657677,-1,0,0.14999999999999999,0,0.25980282143505434,64.010970376454537,-6.8924421261585866,41.771892982133636,0.0064747810712465961,0.00035312500094691445,-0.00030268307151729013,0.00023356098426696725,0.0008681603414517861,-0.50000000000000044,0.86602540378443837,-0.43388373911755801,-0.90096886790241915
2026-08-07 23:00:00,1,0.20877931358396792,0.99126241819533933,-1,0,-0.14999999999999999,0,-0.35842201287876063,60.438965679198397,-6.9213759781962683,41.974902588294242,0.0064231376598515811,0.00026777233279359964,-0.00033738337885080849,-0.00032008443581588164,0.00086525070882593591,-0.25881904510252157,0.96592582628906809,-0.43388373911755801,-0.90096886790241915
2026-08-10 00:00:00,1,0.23128522051865005,0.97325384140422222,0.5,0,-0.10000000000000001,,-0.51612382641403842,61.564261025932502,-6.9452990696431458,42.333966220160093,0.0063806019456876346,0.00020712821498196799,0.00016438048062078492,-0.0004756859697473137,0.00086519327977366322,0,1,0,1
2026-08-10 01:00:00,1,0.15494141912928983,0.87103016560712765,0.5,0,-0.10000000000000001,,-0.56860226944223546,57.747070956464491,-6.9642516259214631,41.958248854810464,0.0062166632201030702,0.00012638731731561611,-0.00035474953757080874,-0.00052775243580083231,0.00087225552114278317,0.25881904510252074,0.96592582628906831,0,1
2026-08-10 02:00:00,1,0.15768501703509144,0.61067089753047921,0.5,0,-0.10000000000000001,,-0.21687059715699686,57.884250851754572,-7.0047454336200383,41.501025879841457,0.0060334206399734009,6.4436251829030249e-05,1.7307775518504709e-05,-0.00017306128143151911,0.00087273306234385089,0.49999999999999994,0.86602540378443871,0,1
2026-08-10 03:00:00,1,0.19430614635644958,0.35521999014541816,0.5,0,-0.10000000000000001,,-0.14668136641538468,59.715307317822479,-7.0357230557795276,41.148455694093563,0.005820441416916693,3.2679242419741375e-05,0.00022497382610972561,-0.00011246793594257842,0.00087243275973863076,0.70710678118654746,0.70710678118654757,0,1
2026-08-10 04:00:00,1,0.11032748937116579,-0.24778475618187523,0.5,0,-0.10000000000000001,,-0.15995185679951118,55.51637446855829,-7.0496099894652078,40.408035558145734,0.0054753356115590122,-2.1958456687035067e-05,-0.00036344441863889188,-0.00012116281701066156,0.00087856213686296611,0.8660254037844386,0.50000000000000011,0,1
2026-08-10 05:00:00,1,0.066117387756553819,-0.72060348652458961,0.5,0,-0.10000000000000001,,-0.43580239985819696,53.305869387827691,-7.0880176557786347,39.521970031782921,0.0050330014437456171,-7.5897726462124081e-05,-0.00019908507490326577,-0.00033755566743243204,0.00088109561033312186,0.96592582628906831,0.25881904510252074,0,1
2026-08-10 06:00:00,0.33333333333333331,0.018639875980731802,-0.9187613289985781,0.5,0,-0.10000000000000001,,-0.80564227403658284,50.93199379903659,-7.1215087606491787,38.223120470881206,0.0045082423161181351,-0.00012767501561602936,-0.0002164417844985056,-0.00077897127804066324,0.00088423297483880699,1,6.123233995736766e-17,0,1
2026-08-10 07:00:00,1,0.058379713373177683,-0.95194012807162653,0.5,0,-0.29999999999999999,,-0.32020096306115881,52.918985668658884,-7.1518200295824697,36.916965086307393,0.003890674782612145,-0.00014509766696482133,0.0001904712437471312,-0.00022505561565464016,0.00088433832744135824,0.96592582628906831,-0.25881904510252063,0,1
2026-08-10 08:00:00,1,0.11454599412859395,-0.93863098878649986,0.5,0,0.29999999999999999,,0.35871961404610658,55.727299706429697,-7.1659081603623873,36.17406693925809,0.0033622891562347201,-0.00013336169940922425,0.0002769843348444101,0.0002510137940930357,0.00088122627745830919,0.86602540378443871,-0.49999999999999978,0,1
2026-08-10 09:00:00,1,0.12334499350112182,-0.92157339892352297,1,0,0.29999999999999999,,0.65302562431928246,56.167249675056091,-7.1876390153451171,35.65886918218753,0.0025422784915227112,-0.00012089170417402045,4.3271872856770477e-05,0.00051072745144831178,0.00087916634810384015,0.70710678118654757,-0.70710678118654746,0,1
2026-08-10 10:00:00,1,0.22015460241338702,-0.73141371632763708,1,0.5,0.29999999999999999,,0.82992305960465396,61.007730120669351,-7.1312264716883771,36.033866481565845,0.0017854103860235749,-7.4516433894498621e-05,0.00050181693387379989,0.00082207314157498046,0.00087852250399189321,0.49999999999999994,-0.86602540378443871,0,1
2026-08-10 11:00:00,1,0.22333958895895337,-0.51531386604044471,1,0.5,0.14999999999999999,,0.67793213264105434,61.166979447947668,-7.1465026999548877,36.401343681392746,0.0013557115997269273,-4.4889116083134096e-05,1.7299541562487697e-05,0.00056238834829305806,0.00040730741807409421,0.25881904510252102,-0.9659258262890682,0,1
2026-08-10 12:00:00,1,0.11765092368052009,-0.61388103682198059,1,-0.5,0.29999999999999999,,0.21401170890862251,55.882546184026005,-7.1535663716843176,36.093289622377533,0.0013543913959713752,-5.592784071577374e-05,-0.00037200611211127277,0.00014711036332501481,0.00029550068893739577,1.2246467991473532e-16,-1,0,1
2026-08-10 13:00:00,1,0.087073569773491066,-0.7459428035155492,0.5,-0.5,-0.29999999999999999,,-0.61492178401659181,54.353678488674554,-7.1909797445796038,35.277948141941486,0.0013268126088801689,-7.2603814727080474e-05,-0.00011249421315667751,-0.00046720078370546259,0.00028206697346658494,-0.25881904510252079,-0.96592582628906831,0,1
2026-08-10 14:00:00,0.33333333333333331,0.013565211439394461,-0.88056709781539233,0.5,-0.5,-0.29999999999999999,,-0.82343004030183631,50.678260571969723,-7.1903494900619682,33.455143885038147,0.0013683622536761262,-0.00010389880266902131,-0.00027696275893476785,-0.00076146308420271813,0.0002672607535601307,-0.49999999999999972,-0.86602540378443882,0,1
2026-08-10 15:00:00,0.33333333333333331,-0.091836293106388064,-0.96419187943031637,0.5,-0.5,-0.29999999999999999,,-0.84640094207078154,45.408185344680597,-7.1663656711876635,31.110675735728297,0.0015352341798636454,-0.00015460472008247539,-0.0004415680064821792,-0.00083102497857362456,0.0002824959391156719,-0.70710678118654713,-0.70710678118654791,0,1
2026-08-10 16:00:00,0.33333333333333331,-0.13368739858417966,-0.98628553207144409,0.5,-0.5,-0.29999999999999999,,-0.86998498059401574,43.315630070791016,-7.1464105469077053,29.056946837903194,0.0016948226936871946,-0.00019595944612052496,-0.00019054052941297472,-0.00090907129482992177,0.00027688981342560443,-0.86602540378443837,-0.50000000000000044,0,1
2026-08-10 17:00:00,0.33333333333333331,0.019005992370690877,-0.97049888417566899,0.5,-0.5,-0.14999999999999999,,-0.049169789277952347,50.950299618534544,-7.1149619556411281,27.156132864130328,0.001529501889162378,-0.00017076443820267516,0.00059748279684854189,-3.4625739046612036e-05,0.00030319266519093259,-0.96592582628906831,-0.25881904510252063,0,1
2026-08-10 18:00:00,0.33333333333333331,0.016868388340069346,-0.95241425248521994,-1,-0.5,0.14999999999999999,,0.51651657182207944,50.843419417003467,-7.1249281850231405,25.391091317055523,0.0014448499152392993,-0.0001494612682470553,-8.6566220994233056e-06,0.00039828564533614386,0.0002977149332405336,-1,-1.8369701987210297e-16,0,1
2026-08-10 19:00:00,0.33333333333333331,-0.040368403457079795,-0.96223366980661584,-1,-0.5,0.14999999999999999,,0.25248897624530953,45.963159654292021,-7.1138766358082179,23.65281096459255,0.001514136022713276,-0.0001607296471925608,-0.00040694579091329897,0.00018188038383581961,0.00030172714732481446,-0.96592582628906842,0.2588190451025203,0,1
