dt,ema_stack,rsi_momentum,macd_hist,market_structure,bb_squeeze,session_filter,mtf_daily_trend,candle_momentum,rsi14,log_atr14,adx14,bb_bandwidth,macd_hist_raw,ret1,ret3,rv20,hour_sin,hour_cos,dow_sin,dow_cos
2026-07-14 18:00:00,,,,,,,0.0,,,,,,0.0,,,,-1.0,-1.8369701987210297e-16,0.7818314824680298,0.6234898018587336
2026-07-14 19:00:00,,,,,,,0.0,,,,,,1.0210826210823143,0.0006371557583459975,,,-0.9659258262890684,0.2588190451025203,0.7818314824680298,0.6234898018587336
2026-07-14 20:00:00,,,,,,,0.0,,,,,,-0.2454889164859196,-0.0011551439040147216,,,-0.8660254037844386,0.5000000000000001,0.7818314824680298,0.6234898018587336
2026-07-14 21:00:00,,,,,,-0.15,0.0,,,,,,-2.3684211591188795,-0.0008373172844979848,-0.001355305430166709,,-0.7071067811865477,0.7071067811865474,0.7818314824680298,0.6234898018587336
2026-07-14 22:00:00,,,,,,-0.15,0.0,,,,,,-4.464694327463745,-0.0005586012769640547,-0.002551062465476761,,-0.5000000000000004,0.8660254037844384,0.7818314824680298,0.6234898018587336
2026-07-15 03:00:00,,,,,,-0.1,0.0,,,,,,-3.380089495511446,0.0013441049866909083,-5.181357477113124e-05,,0.7071067811865475,0.7071067811865476,0.9749279121818236,-0.22252093395631434
2026-07-15 04:00:00,,,,,,0.1,0.0,,,,,,-3.2673920631222053,-0.000478405960492978,0.00030709774923387556,,0.8660254037844386,0.5000000000000001,0.9749279121818236,-0.22252093395631434
2026-07-15 05:00:00,,,,,,0.1,0.0,,,,,,-2.6774278130978044,0.00019936363194794637,0.0010650626581458766,,0.9659258262890683,0.25881904510252074,0.9749279121818236,-0.22252093395631434
2026-07-15 06:00:00,,,,,,0.1,0.0,,,,,,-1.0473345034376713,0.00067753920362712,0.0003984968750820883,,1.0,6.123233995736766e-17,0.9749279121818236,-0.22252093395631434
2026-07-15 07:00:00,,,,,,0.3,0.0,,,,,,0.6410851419024963,0.00035851146425613933,0.0012354142998312057,,0.9659258262890683,-0.25881904510252063,0.9749279121818236,-0.22252093395631434
2026-07-15 08:00:00,,,,0.0,,-0.3,0.0,,,,,,-0.4042501863701746,-0.001315170882783434,-0.0002791202149001748,,0.8660254037844387,-0.4999999999999998,0.9749279121818236,-0.22252093395631434
2026-07-15 09:00:00,,,,0.0,,-0.3,0.0,,,,,,-3.949723759675269,-0.00184414993866433,-0.002800809357191625,,0.7071067811865476,-0.7071067811865475,0.9749279121818236,-0.22252093395631434
2026-07-15 10:00:00,,,,0.0,,-0.3,0.0,,,,,,-12.428399387539027,-0.004083582888329218,-0.007242903709776982,,0.49999999999999994,-0.8660254037844387,0.9749279121818236,-0.22252093395631434
2026-07-15 11:00:00,,,,0.0,,-0.15,0.0,,,,,,-11.46477900668344,0.0034841008228649883,-0.0024436320041285597,,0.258819045102521,-0.9659258262890682,0.9749279121818236,-0.22252093395631434
2026-07-15 12:00:00,,,-0.9255818024708206,0.5,,-0.3,0.0,-0.7024557391871364,45.49372525946973,4.454302575033405,,,-13.988491018665533,-0.0024015285256098196,-0.003001010591074049,,1.2246467991473532e-16,-1.0,0.9749279121818236,-0.22252093395631434
2026-07-15 13:00:00,,,-0.9495107711176989,0.5,,0.3,0.0,0.21194778975614675,44.52956326604728,4.426513336908613,,,-15.279114804398628,-0.00036072722999946905,0.0007218450672556997,,-0.2588190451025208,-0.9659258262890683,0.9749279121818236,-0.22252093395631434
2026-07-15 14:00:00,,,-0.8659219835643904,-1.0,,-0.3,0.0,-0.07104779271784996,52.17096222030138,4.4344756725718595,,,-11.099510159149006,0.0025223622671664003,-0.00023989348844288827,,-0.4999999999999997,-0.8660254037844388,0.9749279121818236,-0.22252093395631434
2026-07-15 15:00:00,,,-0.6747407402802728,-1.0,,0.3,0.0,0.6846486027762928,53.802746842212564,4.411067626497734,,,-6.748323925661804,0.0005996258514464614,0.0027612608886133927,,-0.7071067811865471,-0.7071067811865479,0.9749279121818236,-0.22252093395631434
2026-07-15 16:00:00,,,-0.37928476986678583,0.5,,0.3,0.0,0.7436242670177088,54.02795722782275,4.424372152384457,,,-3.3319388834702366,7.992295431513696e-05,0.0032019110729279987,,-0.8660254037844384,-0.5000000000000004,0.9749279121818236,-0.22252093395631434
2026-07-15 17:00:00,,,0.057853521332771246,0.5,,0.15,0.0,0.42226113520731956,56.3210876670702,4.408446913138827,,0.008715517251346876,0.4757504443212355,0.0007988784172496821,0.0014784272230112805,,-0.9659258262890683,-0.25881904510252063,0.9749279121818236,-0.22252093395631434
2026-07-15 18:00:00,,,0.05444287104943494,0.5,,-0.15,0.0,-0.23356627968982743,50.73414925645392,4.380099138650774,,0.008581465379342549,0.4351345266614217,-0.0016383881928749844,-0.0007595868213101653,0.001693968760816433,-1.0,-1.8369701987210297e-16,0.9749279121818236,-0.22252093395631434
2026-07-15 19:00:00,,,-0.17910925479315068,1.0,,-0.15,0.0,-0.5819937739149704,46.829573462142505,4.377549963980664,,0.008419506871205806,-1.4420281965146984,-0.001280609745167638,-0.00212011952079294,0.0016984442510153486,-0.9659258262890684,0.2588190451025203,0.9749279121818236,-0.22252093395631434
2026-07-15 20:00:00,,,0.1566822259375735,1.0,,-0.15,0.0,-0.21204867669348854,53.564682441775865,4.36886419939684,,0.008168718888254562,1.2473421841534105,0.002239991976642486,-0.0006790059614001365,0.0017758003795094834,-0.8660254037844386,0.5000000000000001,0.9749279121818236,-0.22252093395631434
2026-07-15 21:00:00,,,0.22611595861401623,1.0,,0.15,0.0,0.03962429616813917,50.95791616396876,4.3264013798905445,,0.008088217004622847,1.7411427474291017,-0.0008394091053123276,0.00011997312616252032,0.0017758446210615598,-0.7071067811865477,0.7071067811865474,0.9749279121818236,-0.22252093395631434
2026-07-15 22:00:00,,,0.2063575926501701,1.0,,0.15,0.0,0.3291612209168363,49.717135417128304,4.292150066130933,,0.008095372483974062,1.5309427283996406,-0.0003999664081533183,0.00100061646317684,0.0017741585956718342,-0.5000000000000004,0.8660254037844384,0.9749279121818236,-0.22252093395631434
2026-07-16 03:00:00,,,-0.016436414756918417,1.0,,-0.1,0.0,-0.6467653865256993,46.566749895437496,4.301267515769106,,0.007952774461795686,-0.12130060099987716,-0.0010326527282327191,-0.002272028241698365,0.0017505918447016909,0.7071067811865475,0.7071067811865476,0.43388373911755823,-0.900968867902419
2026-07-16 04:00:00,,,-0.3615965892825877,1.0,,-0.1,0.0,-0.707127413781617,43.302520869162805,4.289786505890584,,0.008088853455573728,-2.762806638484168,-0.0011419620146284615,-0.002574581151014499,0.0017616863045338985,0.8660254037844386,0.5000000000000001,0.43388373911755823,-0.900968867902419
2026-07-16 05:00:00,,,-0.11879320163767886,0.5,,-0.1,0.0,-0.05893033233479284,49.933285540904706,4.288855022923495,,0.007700953527828135,-0.8699076599631113,0.002002579991417619,-0.00017203475144356162,0.0018316655963653214,0.9659258262890683,0.25881904510252074,0.43388373911755823,-0.900968867902419
2026-07-16 06:00:00,,0.10061257442460643,0.4498633706226756,-1.0,,0.1,0.0,0.7325877642193969,55.03062872123032,4.265170362631981,42.05568809137082,0.007044204489493793,3.448734020682714,0.0017988995588744672,0.0026595175356636247,0.0018758847939645933,1.0,6.123233995736766e-17,0.43388373911755823,-0.900968867902419
2026-07-16 07:00:00,,0.00959680549879579,0.5005140796112688,-1.0,,0.3,0.0,0.6831303524733007,50.47984027493979,4.240814373680902,40.479818722858454,0.005947466649094445,3.8204851039738585,-0.001478858590900245,0.002322620959391841,0.0018959634404984718,0.9659258262890683,-0.25881904510252063,0.43388373911755823,-0.900968867902419
2026-07-16 08:00:00,,0.0762958025260673,0.6947407154706081,-1.0,,0.3,0.0,0.4974411602529886,53.814790126303365,4.242905345866224,38.22530100991704,0.0054044898518515044,5.965989636170171,0.0011992422227340427,0.001519283190708265,0.00190249294949615,0.8660254037844387,-0.4999999999999998,0.43388373911755823,-0.900968867902419
2026-07-16 09:00:00,,0.08470424858760524,0.7872177225556586,-1.0,,-0.3,0.0,-0.04582594656408439,54.23521242938026,4.2453549955881185,36.699960324311405,0.005448453108245414,7.425157084770188,0.00015180144400339657,-0.0001278149241628057,0.0018573835552329104,0.7071067811865476,-0.7071067811865475,0.43388373911755823,-0.900968867902419
2026-07-16 10:00:00,,-0.22656301430050263,-0.22646470585482417,0.5,,-0.3,0.0,-0.9108979684553772,38.67184928497487,4.3785803977236295,37.000757819229904,0.0064316566807191,-1.8373363358956922,-0.006250871831653626,-0.004899828164916187,0.002149150527716727,0.49999999999999994,-0.8660254037844387,0.43388373911755823,-0.900968867902419
2026-07-16 11:00:00,,-0.15344426044769008,-0.5686789695024346,0.5,,-0.15,0.0,-0.8967120107808034,42.327786977615496,4.414028776063184,37.52372702106025,0.007037269520627852,-5.332495406791466,0.0012854195048781492,-0.00481365088277208,0.002007899377322236,0.258819045102521,-0.9659258262890682,0.43388373911755823,-0.900968867902419
2026-07-16 12:00:00,,-0.2278047100648112,-0.8318500069897465,0.5,,-0.3,0.0,-0.9660168782651742,38.60976449675944,4.439975836190579,37.825740706849906,0.008261964253900043,-10.122838294844641,-0.0019287494025022056,-0.0068942017292776825,0.001983340129621194,1.2246467991473532e-16,-1.0,0.43388373911755823,-0.900968867902419
2026-07-16 13:00:00,,-0.2584924406059875,-0.9284154823943368,0.5,,-0.3,0.0,-0.4168348002367533,37.075377969700625,4.423175100270563,38.332558318643365,0.009599877512508898,-13.727710698555061,-0.000844999064446128,-0.0014883289620701845,0.0019885646872554144,-0.2588190451025208,-0.9659258262890683,0.43388373911755823,-0.900968867902419
2026-07-16 14:00:00,,-0.34167547120433883,-0.9739196056793238,0.5,,-0.3,0.0,-0.9038112255856754,32.91622643978306,4.474644124316199,39.79003278363649,0.011824842435840309,-18.985815787904926,-0.002498933208553211,-0.005272681675501545,0.0019421550780266217,-0.4999999999999997,-0.8660254037844388,0.43388373911755823,-0.900968867902419
2026-07-16 15:00:00,,-0.3881705645800608,-0.9901185646876026,0.5,,-0.3,0.0,-0.8803911455935751,30.59147177099696,4.483747799725301,41.14340192970154,0.014082602509822136,-23.49341775635739,-0.0015751151272898056,-0.004919047400289145,0.0019406471938939514,-0.7071067811865471,-0.7071067811865479,0.43388373911755823,-0.900968867902419
2026-07-16 16:00:00,,-0.27846499387044077,-0.9867492113975088,0.5,,-0.3,0.0,-0.5721459641950923,36.07675030647796,4.472746528220624,42.37268071790269,0.015030254094823302,-21.94391061648937,0.0017768736552987718,-0.002297174680544245,0.002006433202148614,-0.8660254037844384,-0.5000000000000004,0.43388373911755823,-0.900968867902419
2026-07-16 17:00:00,,-0.18029539320363724,-0.9611642081512233,0.5,,0.15,0.0,0.5108443242654269,40.98523033981814,4.444129781888583,42.796795788620365,0.015061873260071598,-16.692955610661933,0.001733445030348335,0.0019352035583573013,0.0020483004363479346,-0.9659258262890683,-0.25881904510252063,0.43388373911755823,-0.900968867902419
2026-07-16 18:00:00,,-0.04914937906785468,-0.7180162686039033,0.5,,0.15,0.0,0.9386270363643888,47.542531046607266,4.477852086691466,40.76577985004079,0.014884266103486884,-7.955233303145661,0.00261463296728337,0.006124951652930477,0.0021358141010062418,-1.0,-1.8369701987210297e-16,0.43388373911755823,-0.900968867902419
2026-07-16 19:00:00,,-0.008312409768969218,-0.024746117304153843,0.5,,0.15,0.0,0.9030748200353957,49.58437951155154,4.469669200545324,38.879836478502625,0.01479565768429312,-0.2161466008892745,0.0008834064725888879,0.005231484470220593,0.002134254263295146,-0.9659258262890684,0.2588190451025203,0.43388373911755823,-0.900968867902419
2026-07-16 20:00:00,,-0.049946958967925496,0.4057327922806555,-1.0,,0.15,0.0,0.6417174565256424,47.502652051603725,4.4318891769319615,37.05255599746094,0.014323167579356767,3.620016707644382,-0.0009235798609381618,0.0025744595789340963,0.002066672076098737,-0.8660254037844386,0.5000000000000001,0.43388373911755823,-0.900968867902419
2026-07-16 21:00:00,,-0.06284270189563841,0.6176243614821868,-1.0,,-0.15,0.0,-0.09877684475244371,46.85786490521808,4.391067486477366,35.56574001873581,0.013970317751205741,5.821637096342158,-0.0002812589167575652,-0.00032143230510683907,0.0020623912955394334,-0.7071067811865477,0.7071067811865474,0.43388373911755823,-0.900968867902419
2026-07-16 22:00:00,,-0.05622567147182366,0.7378554725656703,-1.0,,-0.15,0.0,-0.32756467224903346,47.18871642640882,4.374359025597214,34.68552704559045,0.013623065205849648,7.508253020103666,0.00012054922240345434,-0.0010842895552922727,0.002063623770274304,-0.5000000000000004,0.8660254037844384,0.43388373911755823,-0.900968867902419
2026-07-17 03:00:00,,-0.1867278884248526,0.4566129432683675,-1.0,,-0.1,0.0,-0.7333426140735904,40.66360557875737,4.3943223217008445,34.46873439859235,0.0137438586217126,3.992984847849769,-0.0028891403784729874,-0.0030498500728270983,0.0021423760671752017,0.7071067811865475,0.7071067811865476,-0.433883739117558,-0.9009688679024191
2026-07-17 04:00:00,,-0.291114418285417,-0.30109292844306645,-1.0,,-0.1,0.0,-0.9353033924736486,35.44427908572915,4.410081579009322,34.789300355673575,0.014629904393582025,-2.556494021354446,-0.0028651811548474626,-0.005633772310916996,0.002211048946371027,0.8660254037844386,0.5000000000000001,-0.433883739117558,-0.9009688679024191
2026-07-17 05:00:00,,-0.3066380300600997,-0.700794069667328,-1.0,,-0.1,0.0,-0.9606207261115345,34.668098496995015,4.36907733004441,35.217482372405186,0.01504831210019094,-6.861445104001199,-0.00046485213486668897,-0.006219173668187139,0.002137643290875489,0.9659258262890683,0.25881904510252074,-0.433883739117558,-0.9009688679024191
2026-07-17 06:00:00,,-0.32933121793498116,-0.8504980324855143,-1.0,,-0.1,0.0,-0.8526994706242766,33.53343910325094,4.359287499017866,35.06805383139485,0.014762877315841524,-9.837346702191297,-0.0006673394234724128,-0.003997372713186564,0.002066677518893139,1.0,6.123233995736766e-17,-0.433883739117558,-0.9009688679024191
2026-07-17 07:00:00,,-0.37968500151515483,-0.9288912098073159,-1.0,,-0.3,0.0,-0.6787314868298109,31.015749924242257,4.379897716530415,35.87686992179987,0.015075482800619832,-13.17388262132242,-0.001538598883156439,-0.002670790441495541,0.0020679886335808408,0.9659258262890683,-0.25881904510252063,-0.433883739117558,-0.9009688679024191
2026-07-17 08:00:00,,-0.2840585632832838,-0.9066966030887439,-1.0,,-0.3,0.0,-0.24282975802742118,35.79707183583581,4.365632518455633,36.58252280002863,0.014020948961949563,-11.872835017938755,0.0014172165813555182,-0.0007887217252733336,0.002078783470891142,0.8660254037844387,-0.4999999999999998,-0.433883739117558,-0.9009688679024191
2026-07-17 09:00:00,,-0.201307891474966,-0.7520900450389465,-1.0,,0.3,0.0,0.3484019337861422,39.9346054262517,4.389223104088169,35.63582199365926,0.011987948538766674,-7.878490072490038,0.001306108770611658,0.0011847264688107373,0.0021175075368625217,0.7071067811865476,-0.7071067811865475,-0.433883739117558,-0.9009688679024191
2026-07-17 10:00:00,,-0.03267372269611116,0.047723891906872005,-1.0,,0.3,0.0,0.9360573260092149,48.36631386519444,4.4312515030514446,33.90890514037338,0.011745180015721063,0.4013598881046576,0.0030664845426855436,0.00578980989465272,0.001806157810688943,0.49999999999999994,-0.8660254037844387,-0.433883739117558,-0.9009688679024191
2026-07-17 11:00:00,,-0.17816500575759947,0.04484313545812907,-1.0,,0.15,0.0,0.21195496281694817,41.09174971212003,4.4962117772450005,32.58118288236418,0.011414450741158,0.40240864114163344,-0.003591957884985675,0.0007806354283115269,0.001932184563269707,0.258819045102521,-0.9659258262890682,-0.433883739117558,-0.9009688679024191
2026-07-17 12:00:00,,-0.2233932574389952,-0.1289098345798758,-1.0,,-0.3,0.0,-0.46818069095998205,38.83033712805024,4.484452693548774,31.802199601512786,0.011686048862204843,-1.1489001261443121,-0.0012946504432012063,-0.0018201237855013375,0.0019101225008876803,1.2246467991473532e-16,-1.0,-0.433883739117558,-0.9009688679024191
2026-07-17 13:00:00,,-0.0689677363078583,0.3616056431066427,-1.0,,-0.3,0.0,-0.4419889256683187,46.551613184607085,4.506272548898494,29.93868027591413,0.011551834079977214,3.430687251724173,0.0031527788735736806,-0.0017338294546132005,0.0020565041720866585,-0.2588190451025208,-0.9659258262890683,-0.433883739117558,-0.9009688679024191
2026-07-17 14:00:00,,-0.01923138812432967,0.7371538126300479,0.5,,0.3,0.0,0.6806926813611395,49.03843059378352,4.489908477913598,28.119181111800614,0.011561268324658838,8.41422959933525,0.001129346591429936,0.0029874750218024104,0.001995277565156434,-0.4999999999999997,-0.8660254037844388,-0.433883739117558,-0.9009688679024191
2026-07-17 15:00:00,,-0.07235270238887737,0.8004656446712795,0.5,,0.3,0.0,0.6926569365603741,46.38236488055613,4.4630079943071195,26.305339591160458,0.011428436401681922,9.541480010956079,-0.0012907859854145443,0.0029913394795890724,0.0019840293985038874,-0.7071067811865471,-0.7071067811865479,-0.433883739117558,-0.9009688679024191
2026-07-17 16:00:00,,-0.002886682127065967,0.8913277252428764,0.5,,0.3,0.0,0.36640664757812447,49.8556658936467,4.4827803409113995,25.445084209613505,0.011446029065778436,12.638078520870835,0.0015326229803989122,0.001371183586414304,0.0019736925985241174,-0.8660254037844384,-0.5000000000000004,-0.433883739117558,-0.9009688679024191
2026-07-17 17:00:00,,-0.004174118477956555,0.9272169531922188,0.5,,0.15,0.0,0.034689809854199796,49.582588152204345,4.4595202510045695,24.329019066410012,0.011395876340071144,14.161368501512037,-0.0001209111868512025,0.00012092580813316545,0.001933972654170641,-0.9659258262890683,-0.25881904510252063,-0.433883739117558,-0.9009688679024191
2026-07-17 18:00:00,,0.06212080131066586,0.9767678098189605,0.5,,0.15,0.0,0.8520816462204998,56.212080131066585,4.484452950667346,22.75134594608484,0.01133495616810666,19.691822280197286,0.0030987686072929677,0.004510480400840677,0.0019715507271981167,-1.0,-1.8369701987210297e-16,-0.433883739117558,-0.9009688679024191
2026-07-17 19:00:00,,0.03835912998441643,0.9841238815075516,0.5,,0.15,0.0,0.5197893931496695,53.83591299844164,4.463581847136522,21.301081303183647,0.010744990298236458,20.95350747830775,-0.0009648203167724745,0.0020130371036692907,0.0019707341182025316,-0.9659258262890684,0.2588190451025203,-0.433883739117558,-0.9009688679024191
2026-07-17 20:00:00,,-0.00968726116805712,0.9758436684844816,0.5,,0.15,0.0,0.20859169042221876,50.484363058402856,4.442963850289031,19.93783467942,0.010183606164285236,18.723720022991433,-0.0014087003649709828,0.0007252479255495103,0.001984298298852788,-0.8660254037844386,0.5000000000000001,-0.433883739117558,-0.9009688679024191
2026-07-17 21:00:00,,0.013000335994226333,0.9590340226846027,1.0,,-0.15,0.0,-0.6995136851059485,49.34998320028868,4.406148936707017,18.80652146315488,0.009598504115457776,15.847565414981652,-0.00048344016959589453,-0.002856960851339352,0.0019856362551040896,-0.7071067811865477,0.7071067811865474,-0.433883739117558,-0.9009688679024191
2026-07-17 22:00:00,,-0.037465195644555534,0.9515575541874951,1.0,,-0.15,0.0,-0.25139833500111103,51.87325978222778,4.403571635201955,18.18334725422405,0.009076496320223422,15.106004592899346,0.001047158470337095,-0.0008449820642297823,0.0020027188620157575,-0.5000000000000004,0.8660254037844384,-0.433883739117558,-0.9009688679024191
2026-07-20 03:00:00,,-0.015874147209638634,0.9280571229955096,1.0,,0.1,0.0,0.04540138795544669,50.79370736048193,4.399857712497318,16.998625617026473,0.009172288506970038,13.390228808879687,-0.00041470471002469367,0.00014901359071650688,0.0018942888607276064,0.7071067811865475,0.7071067811865476,0.0,1.0
2026-07-20 04:00:00,,0.04148208102016412,0.8411453041815854,1.0,,-0.1,0.0,-0.14319895309997718,47.925895948991794,4.404723040693207,16.239079177762886,0.009094211947234672,10.025594904489406,-0.001108064606755832,-0.00047561084644343055,0.0017907539281022437,0.8660254037844386,0.5000000000000001,0.0,1.0
2026-07-20 05:00:00,,-0.0313368596623171,0.8333215583703116,1.0,,-0.1,0.0,-0.046905041477813984,51.566842983115855,4.3938971207625475,15.533786055589553,0.009063150820826519,9.705804309037863,0.0013697914821637625,-0.00015297783461676318,0.001806137481428565,0.9659258262890683,0.25881904510252074,0.0,1.0
2026-07-20 06:00:00,,-0.04403937060972495,0.8396537520177342,1.0,,0.1,0.0,0.15912495046777966,52.20196853048625,4.355259855009982,14.811393747523015,0.008819651481545166,9.502210384451272,0.00024153325426645722,0.0005032601296743877,0.0017942479346056556,1.0,6.123233995736766e-17,0.0,1.0
2026-07-20 07:00:00,,-0.0692329049818548,0.8544478909709137,1.0,,0.3,0.0,0.5881007421486975,53.46164524909274,4.334983512280717,13.756501805254787,0.00788331622794734,9.711458703443371,0.0004627757370805341,0.0020741004735107538,0.0017439224515023056,0.9659258262890683,-0.25881904510252063,0.0,1.0
2026-07-20 08:00:00,,0.10614339971912572,0.508564571711728,1.0,,-0.3,0.0,-0.6647759725272799,44.692830014043714,4.348625056066625,13.706608119579526,0.007213987089154587,4.33895761376074,-0.0032035746217324856,-0.0024992656303854943,0.0018956059774306807,0.8660254037844387,-0.4999999999999998,0.0,1.0
2026-07-20 09:00:00,,0.1418004996463661,-0.04990074192501769,0.5,,-0.3,0.0,-0.8140178059464523,42.909975017681695,4.332457509629623,14.12816711615222,0.00709442099356452,-0.38021588603068057,-0.0007550385044741148,-0.0034958373891260663,0.00188408097325574,0.7071067811865476,-0.7071067811865475,0.0,1.0
2026-07-20 10:00:00,,-0.09020052555345942,0.4315739174658423,0.5,,0.3,0.0,0.15291450112873578,54.51002627767297,4.419447092263323,13.737503370582381,0.0073850865507862256,3.835508149446186,0.004473450923454081,0.0005148377972474805,0.0020247098537508335,0.49999999999999994,-0.8660254037844387,0.0,1.0
2026-07-20 11:00:00,,-0.16734817137212218,0.8110826461009027,-1.0,,0.15,0.0,0.9336447404047166,58.36740856860611,4.414229818194243,13.44377596630928,0.007640374553192723,9.33738525896165,0.0018881498131264607,0.005606562232106427,0.0018641390580418976,0.258819045102521,-0.9659258262890682,0.0,1.0
2026-07-20 12:00:00,,-0.19245268332571328,0.9261062442096791,-1.0,,0.3,0.0,0.9718024320285107,59.622634166285664,4.405879530556556,13.647881969040956,0.007228564553592757,13.357351340746792,0.0006419618574167174,0.007003562593997259,0.0018230975592916305,1.2246467991473532e-16,-1.0,0.0,1.0
2026-07-20 13:00:00,,-0.06109993438654911,0.87297976642752,-1.0,,0.3,0.0,0.023823144718290966,53.054996719327455,4.430055656965653,12.884600030073116,0.007066216189249661,11.293346815469297,-0.002449692202555198,8.041946798797994e-05,0.0018186945117664595,-0.2588190451025208,-0.9659258262890683,0.0,1.0
2026-07-20 14:00:00,,-0.19158616583143442,0.9356635980464736,-1.0,,0.3,0.0,0.4139226591526078,59.57930829157172,4.457804063338059,12.828877347487113,0.008064511705194309,14.6882296755441,0.0033317173894342744,0.0015239870442957937,0.0019414588141352745,-0.4999999999999997,-0.8660254037844388,0.0,1.0
2026-07-20 15:00:00,,0.0011398616869165324,0.7759799079366347,0.5,,-0.3,0.0,-0.7441773785688799,49.94300691565417,4.483705575963149,12.284687155019466,0.00764947147201524,9.167838451322488,-0.004297178109839095,-0.0034151529229600186,0.0021732088685798585,-0.7071067811865471,-0.7071067811865479,0.0,1.0
2026-07-20 16:00:00,,0.0777090342007044,0.21109883231882678,1.0,,-0.3,0.0,-0.6885536558460816,46.11454828996478,4.485669785513523,12.03692142147989,0.007776012692592261,1.901807994108088,-0.0020547041808249844,-0.003020164901229805,0.0022004440604395897,-0.8660254037844384,-0.5000000000000004,0.0,1.0
2026-07-20 17:00:00,,0.014950607221701802,-0.04382927632770804,1.0,,-0.15,0.0,-0.8740013807475812,49.25246963891491,4.4858819764911475,11.760633306521363,0.0076742645410681765,-0.38925698515726737,0.001539410411723452,-0.004812471878940627,0.00222818781640001,-0.9659258262890683,-0.25881904510252063,0.0,1.0
2026-07-20 18:00:00,,-0.021204233046358923,-0.050484359179296376,0.5,,0.15,0.0,0.11017174820875132,51.060211652317946,4.473773290754546,11.068318683115486,0.0075466486776447385,-0.44305869845662116,0.0009056130512021809,0.0003903192821006485,0.002121547003058333,-1.0,-1.8369701987210297e-16,0.0,1.0
2026-07-20 19:00:00,,0.02959032633423732,-0.2790405170641792,0.5,,0.15,0.0,0.3327580593935579,48.520483683288134,4.462726201208699,10.406526620694976,0.007555054548155886,-2.485856659632086,-0.0012358627148909562,0.0012091607480346767,0.0021284725504602206,-0.9659258262890684,0.2588190451025203,0.0,1.0
2026-07-20 20:00:00,,0.05434042764508206,-0.5082451069371459,0.5,,-0.15,0.0,-0.2719239970237857,47.2829786177459,4.4209098688076915,10.074334522238022,0.007629538440103118,-4.6606289989212275,-0.0006043976153140562,-0.0009346472790028315,0.002109470231029385,-0.8660254037844386,0.5000000000000001,0.0,1.0
2026-07-20 21:00:00,,0.14229184717467788,-0.8102258297793711,-1.0,,-0.15,0.0,-0.8392884883182236,42.885407641266106,4.424192050067329,10.603357988246628,0.008203212949883423,-9.410016862265117,-0.002259650877151742,-0.0040999112073567545,0.002165965813314749,-0.7071067811865477,0.7071067811865474,0.0,1.0
2026-07-20 22:00:00,,0.1928210622656084,-0.9382174549617786,-1.0,,-0.15,0.0,-0.8590084462967799,40.35894688671958,4.409146337799544,11.528570482357999,0.009239381560791265,-14.162534825658605,-0.0014148791021924012,-0.0042789275946581995,0.0021658607617507687,-0.5000000000000004,0.8660254037844384,0.0,1.0
2026-07-21 03:00:00,,0.15981394238946264,-0.9549607799041723,-1.0,,-0.1,0.0,-0.726763656651334,42.00930288052687,4.402870754470369,12.694732842924605,0.009877694409028349,-15.400044993106118,0.0006349219400885175,-0.0030396080392556257,0.002174287911312933,0.7071067811865475,0.7071067811865476,0.7818314824680298,0.6234898018587336
2026-07-21 04:00:00,,0.12355940861456262,-0.9428035783574752,-1.0,,-0.1,0.0,-0.02843993583534101,43.82202956927187,4.392600348599024,13.007418892792947,0.010215470837297584,-14.251481262595732,0.0006870408210826184,-9.291634102126523e-05,0.002171648554494228,0.8660254037844386,0.5000000000000001,0.7818314824680298,0.6234898018587336
2026-07-21 05:00:00,,0.05073593492484008,-0.8710954567760149,-1.0,,0.1,0.0,0.6980851826879936,47.463203253757996,4.361782933182774,13.29777022481355,0.010300772748273259,-10.486382290147445,0.0014130112404373563,0.0027349740016084922,0.002173214212456115,0.9659258262890683,0.25881904510252074,0.7818314824680298,0.6234898018587336
2026-07-21 06:00:00,,-0.02778899293755515,-0.566340787200194,-1.0,,0.1,0.0,0.8370490465839129,51.38944964687776,4.3355695775622705,12.672659805878286,0.01027637595986672,-4.903764691021522,0.001632567867256185,0.0037326199287761597,0.0022068129315860677,1.0,6.123233995736766e-17,0.7818314824680298,0.6234898018587336
2026-07-21 07:00:00,,-0.03259508316729992,-0.1222061638253151,-1.0,,0.3,0.0,0.792534335608299,51.629754158364996,4.281406626283232,12.022613627017575,0.010212486496644926,-0.8885062206766072,0.00010068850810185381,0.003146267615795395,0.002204013192552998,0.9659258262890683,-0.25881904510252063,0.7818314824680298,0.6234898018587336
2026-07-21 08:00:00,,-0.09969669462606348,0.5034726752159577,-1.0,,0.3,0.0,0.7922739009286048,54.984834731303174,4.28205598080163,11.4585013115365,0.010166382495169123,4.009974588106534,0.0014085756399726534,0.0031418320153306922,0.002095443915106053,0.8660254037844387,-0.4999999999999998,0.7818314824680298,0.6234898018587336
2026-07-21 09:00:00,,-0.11443863206307527,0.7853595741754483,-1.0,,0.3,0.0,0.5670518573105338,55.72193160315376,4.254658385067365,11.04920211777959,0.009948451378498714,7.460275590345125,0.00031364097212360775,0.001822905120198115,0.0020839588526712083,0.7071067811865476,-0.7071067811865475,0.7818314824680298,0.6234898018587336
2026-07-21 10:00:00,,-0.1320977546434655,0.8725383384163765,-1.0,,0.3,0.0,0.6071112627673162,56.604887732173275,4.297893363821911,11.631986145231265,0.010022381862650831,9.881592785315245,0.00036177123589808957,0.0020839878479943508,0.001831053184849578,0.49999999999999994,-0.8660254037844387,0.7818314824680298,0.6234898018587336
2026-07-21 11:00:00,,-0.15034419579045974,0.9168202045822574,-1.0,,0.15,0.0,0.3378612704461098,57.51720978952299,4.29541882569549,12.173142742150677,0.009796482397137258,11.508511267417301,0.0003616404047992461,0.0010370526128209434,0.0017805139210678312,0.258819045102521,-0.9659258262890682,0.7818314824680298,0.6234898018587336
2026-07-21 12:00:00,,-0.23846841552733694,0.9658213170655456,-1.0,,0.3,0.0,0.7018751882928542,61.92342077636685,4.297011457925298,13.346833084053179,0.009870429079925915,14.887253607312184,0.0018463445626295538,0.0025697562033268895,0.0018249325951416456,1.2246467991473532e-16,-1.0,0.7818314824680298,0.6234898018587336
2026-07-21 13:00:00,,-0.2439756824666661,0.9785734767482899,-1.0,,0.3,0.0,0.6639317881743351,62.198784123333304,4.283821291212314,14.82607342930857,0.01049908610319487,16.408795339726165,0.00012029544575931084,0.0023282804131881107,0.0017305878108174327,-0.2588190451025208,-0.9659258262890683,0.7818314824680298,0.6234898018587336
2026-07-21 14:00:00,,-0.13765344157244186,0.9601567026451904,-1.0,,0.3,0.0,0.17694860016067365,56.88267207862209,4.286264017016193,14.847306221644104,0.009907438298362423,14.160230126855865,-0.0014445013164934295,0.0005221386918954352,0.0015907994524461213,-0.4999999999999997,-0.8660254037844388,0.7818314824680298,0.6234898018587336
2026-07-21 15:00:00,,-0.1347521230059776,0.9243009083544645,0.5,,-0.3,0.0,-0.4329111779881843,56.73760615029888,4.295366056000152,14.220964617594431,0.010197952953933312,11.867852628666185,-4.015483705543943e-05,-0.001364360707789558,0.001247255344752109,-0.7071067811865471,-0.7071067811865479,0.7818314824680298,0.6234898018587336
2026-07-21 16:00:00,,0.0438217399674113,0.6158825306575406,0.5,,-0.3,0.0,-0.8865989503499045,47.808913001629435,4.313353692609628,13.388078978636145,0.010086575560978573,5.365351942715961,-0.0027343185867945152,-0.004218974740343384,0.001316759034782598,-0.8660254037844384,-0.5000000000000004,0.7818314824680298,0.6234898018587336
2026-07-21 17:00:00,,-0.21456796323352406,0.8241988658611227,0.5,,0.15,0.0,0.6590020456126955,60.7283981616762,4.377531960505517,13.572226782543868,0.011046780491835037,9.316203478295028,0.005300983053137642,0.0025265096292876876,0.0017376276516152106,-0.9659258262890683,-0.25881904510252063,0.7818314824680298,0.6234898018587336
2026-07-21 18:00:00,,-0.31427826471656545,0.9599522433473732,1.0,,0.15,0.0,0.9326685743992384,65.71391323582827,4.394745431971496,14.537848389157965,0.012978983307944251,15.761610164019366,0.0028796449141967884,0.005446309380539915,0.0018294126561393504,-1.0,-1.8369701987210297e-16,0.7818314824680298,0.6234898018587336
2026-07-21 19:00:00,,-0.32705624956831203,0.9870575757137825,1.0,,0.15,0.0,0.9921886880160508,66.3528124784156,4.3468730922726895,15.63122069178784,0.014603378270054335,19.44005776678945,0.00039929564779050963,0.00857992361512494,0.0017901560683322199,-0.9659258262890684,0.2588190451025203,0.7818314824680298,0.6234898018587336
2026-07-21 20:00:00,,-0.3138729983319004,0.9920650063132961,1.0,,0.15,0.0,0.7832351656816537,65.69364991659502,4.291511190132199,16.646494972801296,0.015717756210688237,20.18982593835254,-0.0001996278942684171,0.003079312667718881,0.0017798891664850668,-0.8660254037844386,0.5000000000000001,0.7818314824680298,0.6234898018587336
2026-07-21 21:00:00,,-0.3379545572678819,0.9944094293055598,1.0,,0.15,0.0,0.30638155911276166,66.8977278633941,4.241325349538079,17.691125527771234,0.016284548753944854,20.422622400586334,0.0006785723099529406,0.0008782400634750331,0.0016600977335045274,-0.7071067811865477,0.7071067811865474,0.7818314824680298,0.6234898018587336
2026-07-21 22:00:00,,-0.3620669266984825,0.9953478090367649,1.0,,0.15,0.0,0.4082668913621476,68.10334633492413,4.2030908386757355,18.845060035930285,0.016206730444228608,20.272640148075354,0.000678112161798694,0.0011570565774832176,0.0015898684939838756,-0.5000000000000004,0.8660254037844384,0.7818314824680298,0.6234898018587336
2026-07-22 03:00:00,,0.19184050901398436,0.9956290971063718,1.0,,0.1,0.5333333333333333,0.643161270106283,69.18405090139844,4.165674662220977,20.051986509078382,0.016058341173759223,19.729524687816898,0.0006059229148505096,0.0019626073866021443,0.001589963317269686,0.7071067811865475,0.7071067811865476,0.9749279121818236,-0.22252093395631434
2026-07-22 04:00:00,,0.19440802378325714,0.9940673074377455,1.0,,0.1,0.5333333333333333,0.5163023562751289,69.44080237832571,4.1350177746485395,21.349637981922843,0.015709819102293934,18.17683771478211,0.0001394697362879782,0.001423504812937182,0.0015952388241512946,0.8660254037844386,0.5000000000000001,0.9749279121818236,-0.22252093395631434
2026-07-22 05:00:00,,0.1621552217692269,0.9848387841962818,1.0,,-0.1,0.5333333333333333,-0.005009624818826381,66.21552217692269,4.092413083285016,22.527708935138598,0.015218745286267515,14.595439167163754,-0.0007573553514390596,-1.1962700300571782e-05,0.001617214619675007,0.9659258262890683,0.25881904510252074,0.9749279121818236,-0.22252093395631434
2026-07-22 06:00:00,,0.13379050491936895,0.9361950652053092,1.0,,-0.1,0.5333333333333333,-0.5029109065582913,63.379050491936894,4.07328495292121,23.02477114169997,0.014786955908806416,10.024595706538676,-0.0006781202766514838,-0.0012960058918025652,0.001620789257729663,1.0,6.123233995736766e-17,0.9749279121818236,-0.22252093395631434
2026-07-22 07:00:00,,0.14440508062232113,0.8363770987298412,1.0,,-0.3,0.5333333333333333,-0.4153516538793418,64.44050806223211,4.035182374965863,23.48632890493553,0.014215686386017414,6.837245015849938,0.0004388362134228885,-0.000996639414667655,0.0016185285830079105,0.9659258262890683,-0.25881904510252063,0.9749279121818236,-0.22252093395631434
2026-07-22 08:00:00,,0.11474912799747543,0.4861796850405074,1.0,,-0.3,0.5333333333333333,-0.40017389581596413,61.47491279974754,3.99385579982234,23.670327309714555,0.013720265788290614,2.8816489293854843,-0.0006782826144906551,-0.0009175666777192504,0.0016230440785547978,0.8660254037844387,-0.4999999999999998,0.9749279121818236,-0.22252093395631434
2026-07-22 09:00:00,,-0.0017473228744414372,-0.7245598842678618,1.0,,-0.3,0.5333333333333333,-0.8990730184993813,49.825267712555856,4.073203994160781,22.162962257397123,0.01302086764742712,-5.387953818682874,-0.003206117550849541,-0.0034455639519173076,0.0018105656817769536,0.7071067811865476,-0.7071067811865475,0.9749279121818236,-0.22252093395631434
2026-07-22 10:00:00,,0.09840101953836786,-0.6183025686292878,1.0,,0.3,0.5333333333333333,0.012716710443095062,59.840101953836786,4.141640907479366,20.690684011687342,0.012529923064880997,-4.543398196193394,0.003916308015472936,3.190785013273967e-05,0.001992249640318666,0.49999999999999994,-0.8660254037844387,0.9749279121818236,-0.22252093395631434
2026-07-22 11:00:00,,0.17473791996415428,0.3600035527900507,1.0,,0.15,0.5333333333333333,0.9509415719083907,67.47379199641543,4.216116958520595,20.969419992982285,0.013113754945379988,2.554176618962707,0.004258526460697354,0.004968716925320749,0.0021726161457952795,0.258819045102521,-0.9659258262890682,0.9749279121818236,-0.22252093395631434
2026-07-22 12:00:00,,0.1683447919816834,0.6860674684146145,1.0,,0.3,0.5333333333333333,0.9923398251864227,66.83447919816834,4.27568116581894,21.800582980328155,0.01373776844775962,6.0455562902258535,-0.00019859316666526183,0.007976241309505028,0.0021577628765740596,1.2246467991473532e-16,-1.0,0.9749279121818236,-0.22252093395631434
2026-07-22 13:00:00,,0.12142225490125157,0.5744877650436528,1.0,,0.3,0.5333333333333333,0.6879716142937355,62.142225490125156,4.34387827419119,22.89128909852553,0.013732855983911213,5.03767452946461,-0.0014708164886521047,0.0025891168053799873,0.0022003985120980433,-0.2588190451025208,-0.9659258262890683,0.9749279121818236,-0.22252093395631434
2026-07-22 14:00:00,,0.040276258070778184,-0.13735411602594386,1.0,,-0.3,0.5333333333333333,-0.9015935049632983,54.02762580707782,4.356775608201684,22.325884707444054,0.01274768234464735,-1.0782489129798165,-0.0029281897831179293,-0.004597599438435296,0.002288889235618068,-0.4999999999999997,-0.8660254037844388,0.9749279121818236,-0.22252093395631434
2026-07-22 15:00:00,,0.1029488988793036,-0.014337644964259481,1.0,,-0.3,0.5333333333333333,-0.3298296162345061,60.29488988793036,4.403288035252982,22.288567797565666,0.011911383340564257,-0.11717400641801845,0.0032861551120326737,-0.0011128511597373603,0.002380347723277465,-0.7071067811865471,-0.7071067811865479,0.9749279121818236,-0.22252093395631434
2026-07-22 16:00:00,,0.13834600463550564,0.3981027978196829,1.0,,0.3,0.5333333333333333,0.6505175038145684,63.834600463550565,4.412234148049345,22.62438179343227,0.009520708437781404,3.4745265346328083,0.0021847860252233176,0.002542751354138062,0.0022821443609173054,-0.8660254037844384,-0.5000000000000004,0.9749279121818236,-0.22252093395631434
2026-07-22 17:00:00,,0.11267829717772557,0.40587251582608636,1.0,,0.15,0.5333333333333333,0.8865781939536643,61.26782971777256,4.391265188944873,22.936209075308405,0.00908031178639728,3.477254791933973,-0.0009527742328412359,0.0045181669044147554,0.002038689024524684,-0.9659258262890683,-0.25881904510252063,0.9749279121818236,-0.22252093395631434
2026-07-22 18:00:00,,0.13256688413035583,0.5314869160896251,0.5,,0.15,0.5333333333333333,0.6491303014884564,63.25668841303558,4.367323188190589,23.333934630519895,0.00967846338257055,4.668570211078055,0.001190826018163449,0.0024228378105455306,0.001965087417826819,-1.0,-1.8369701987210297e-16,0.9749279121818236,-0.22252093395631434
2026-07-22 19:00:00,,0.13256688413035583,0.5428636969108718,0.5,,0.15,0.5333333333333333,0.07887084404850696,63.25668841303558,4.329623971581753,23.703251217501993,0.01014576071860919,4.6172477832886045,0.0,0.00023805178532221305,0.0019664314284778784,-0.9659258262890684,0.2588190451025203,0.9749279121818236,-0.22252093395631434
2026-07-22 20:00:00,,0.0958967165897468,0.24137856772435654,0.5,,-0.15,0.5333333333333333,-0.01367229747003843,59.58967165897468,4.292321260175271,24.05908710115353,0.010108275528908372,1.8008832133846369,-0.0012305446513707352,-3.97186332072863e-05,0.001993960789892239,-0.8660254037844386,0.5000000000000001,0.9749279121818236,-0.22252093395631434
2026-07-22 21:00:00,,0.07393600039647907,-0.2549295094999357,0.5,,-0.15,0.5333333333333333,-0.6098409317805868,57.39360003964791,4.25639104115626,23.653479651068803,0.009998967476815512,-1.8392103301630343,-0.0007549539240692127,-0.001985498575439948,0.0020040076944968285,-0.7071067811865477,0.7071067811865474,0.9749279121818236,-0.22252093395631434
2026-07-22 22:00:00,,0.06450272274362362,-0.6410775818694946,0.5,,-0.15,0.5333333333333333,-0.6985960907613926,56.45027227436236,4.20598561930133,23.209032373614498,0.009919996044610928,-5.098595283215396,-0.00031804592851258917,-0.002303544503952537,0.002003673382554407,-0.5000000000000004,0.8660254037844384,0.9749279121818236,-0.22252093395631434
2026-07-23 03:00:00,,0.11829947267863097,-0.45649525976157634,0.5,,0.1,0.5333333333333333,0.49159719201889174,61.8299472678631,4.222368034193719,23.648905767225074,0.01031050805306818,-3.3611498964653634,0.002529641222745127,0.0014566413701633252,0.0020721035759106135,0.7071067811865475,0.7071067811865476,0.43388373911755823,-0.900968867902419
2026-07-23 04:00:00,,0.07956748066080316,-0.6053080040327851,0.5,,0.1,0.5333333333333333,0.34084117753493504,57.956748066080316,4.2009887006660565,24.090590301987795,0.0103788878474346,-4.682557502428082,-0.0012699775095317278,0.00094161778470081,0.0020994376198537924,0.8660254037844386,0.5000000000000001,0.43388373911755823,-0.900968867902419
2026-07-23 05:00:00,,0.05499689487057381,-0.7989138618686265,0.5,,0.1,0.5333333333333333,0.1627439355169785,55.49968948705738,4.1768894709005195,23.806924424135975,0.010200587755610925,-7.139257736438182,-0.0008343001103696679,0.0004253636028437313,0.0021012923979844803,0.9659258262890683,0.25881904510252074,0.43388373911755823,-0.900968867902419
2026-07-23 06:00:00,,0.05596227145873286,-0.8799857913781667,1.0,,-0.1,0.5333333333333333,-0.6733074042672916,55.596227145873286,4.153642822831022,23.062705893373106,0.00981768152961126,-8.758492693167902,3.974436425480121e-05,-0.0020645332556465945,0.0020922583910450362,1.0,6.123233995736766e-17,0.43388373911755823,-0.900968867902419
2026-07-23 07:00:00,,0.005209648081122964,-0.9629371651931068,1.0,,-0.3,0.5333333333333333,-0.7598571737130869,50.520964808112296,4.147266210442135,22.036943161784063,0.009514587392794248,-12.555952497881115,-0.0017104356631065798,-0.0025049914092214465,0.0021341285695167956,0.9659258262890683,-0.25881904510252063,0.43388373911755823,-0.900968867902419
2026-07-23 08:00:00,,-0.0678957808224579,-0.9947618191247468,1.0,,-0.3,0.5333333333333333,-0.9436355210646951,43.21042191775421,4.182476098686272,21.128829247420395,0.00964796105094556,-19.46934234290923,-0.00295040742227215,-0.0046210987211239285,0.002235400753026699,0.8660254037844387,-0.4999999999999998,0.43388373911755823,-0.900968867902419
2026-07-23 09:00:00,,-0.08468794691693482,-0.9987936281164782,1.0,,-0.3,0.5333333333333333,-0.9684167737049381,41.53120530830652,4.188423225179632,20.753269597199967,0.008620636827974955,-24.431742905447265,-0.0007669355311268333,-0.005427778616505563,0.002115818578924099,0.7071067811865476,-0.7071067811865475,0.43388373911755823,-0.900968867902419
2026-07-23 10:00:00,,-0.11645666602476361,-0.9994827280151661,1.0,,-0.3,0.5333333333333333,-0.9531274586687526,38.35433339752364,4.2535274661993565,21.785117806113043,0.00997065622401007,-29.055251140855447,-0.0015196295029102913,-0.0052369724563092745,0.001941912754542614,0.49999999999999994,-0.8660254037844387,0.43388373911755823,-0.900968867902419
2026-07-23 11:00:00,,-0.059454794587359173,-0.9990155718620911,1.0,,-0.15,0.5333333333333333,-0.13914753884387074,44.05452054126408,4.288099383863086,21.90551098917865,0.010567230068501708,-27.7332520702406,0.0018792037708550424,-0.0004073612631820822,0.0017160238532631946,0.258819045102521,-0.9659258262890682,0.43388373911755823,-0.900968867902419
2026-07-23 12:00:00,,-0.09387351279022205,-0.9989978942404264,0.5,,-0.3,0.5333333333333333,-0.39440158990506785,40.612648720977795,4.308651995932624,21.96019350516234,0.0115520371155203,-28.242952640421837,-0.0015990984494234084,-0.0012395241814786573,0.0017405080599325069,1.2246467991473532e-16,-1.0,0.43388373911755823,-0.900968867902419
2026-07-23 13:00:00,,-0.05423632715336787,-0.9974617675315763,0.5,,0.3,0.5333333333333333,0.49668093091614113,44.57636728466321,4.32074256064546,22.244609589346112,0.012045053016022978,-25.08712918887227,0.001359396637328203,0.001639501958759837,0.0017603633290384014,-0.2588190451025208,-0.9659258262890683,0.43388373911755823,-0.900968867902419
2026-07-23 14:00:00,,-0.07998626089690596,-0.9958782038429144,-1.0,,-0.3,0.5333333333333333,-0.42625804823175156,42.001373910309404,4.342114061751259,22.86365736891454,0.012638139475263472,-23.76259395206271,-0.0011593694329619098,-0.0013990712450571152,0.0016585391999839232,-0.4999999999999997,-0.8660254037844388,0.43388373911755823,-0.900968867902419
2026-07-23 15:00:00,,-0.18377419472795212,-0.9989648236958902,-1.0,,-0.3,0.5333333333333333,-0.9443224142191763,31.62258052720479,4.422541478751506,24.373127093604598,0.01572965354073597,-31.514539571211646,-0.0061390256440763125,-0.005938998439710019,0.0019502220833465531,-0.7071067811865471,-0.7071067811865479,0.43388373911755823,-0.900968867902419
2026-07-23 16:00:00,,-0.3928911784186843,-0.9995318244896357,-1.0,,-0.3,0.5333333333333333,-0.982865988603827,30.355441079065784,4.462619167635711,26.399400100745765,0.01808633442536667,-36.24477110848099,-0.0009664131926623298,-0.008264808269700552,0.0018373289937479878,-0.8660254037844384,-0.5000000000000004,0.43388373911755823,-0.900968867902419
2026-07-23 17:00:00,,-0.42689654880531547,-0.999713051694574,-1.0,0.0,-0.15,0.5333333333333333,-0.982425031723092,28.655172559734226,4.4872600673824605,28.287377430890352,0.02044871939074743,-39.324834055475705,-0.0013303449570649661,-0.008435783793803608,0.0018413638820010693,-0.9659258262890683,-0.25881904510252063,0.43388373911755823,-0.900968867902419
2026-07-23 18:00:00,,-0.43311380609474526,-0.999685926509275,-1.0,0.0,-0.15,0.5333333333333333,-0.604576340779586,28.344309695262737,4.499340285169059,30.376877489923267,0.021975846858379628,-39.396435135435,-0.0002420711620345628,-0.0025388293117618588,0.0017878452039500965,-1.0,-1.8369701987210297e-16,0.43388373911755823,-0.900968867902419
2026-07-23 19:00:00,,-0.4084319605348065,-0.9995095475721739,-1.0,0.0,-0.15,0.5333333333333333,-0.3286716241722583,29.578401973259673,4.476078676137947,31.467833548700636,0.022792337433431162,-36.53157975178454,0.00036308477217872337,-0.0012093313469208056,0.001798732089633813,-0.9659258262890684,0.2588190451025203,0.43388373911755823,-0.900968867902419
2026-07-23 20:00:00,,-0.44823030553157367,-0.9994368596338301,-1.0,0.0,-0.15,0.5333333333333333,-0.36003507163118326,27.588484723421317,4.441441781491946,32.62891402736536,0.02386497422575206,-34.70110514666112,-0.0014127374739114629,-0.0012917238637673023,0.0018013214379969033,-0.8660254037844386,0.5000000000000001,0.43388373911755823,-0.900968867902419
2026-07-23 21:00:00,,-0.45276150913379726,-0.9991761663288172,-1.0,0.0,-0.15,0.5333333333333333,-0.35441152006101023,27.36192454331014,4.394153112632782,33.85436818280089,0.02466810732771124,-31.557478461460775,-0.0001615828661041263,-0.0012112355678368658,0.0018076735671711463,-0.7071067811865477,0.7071067811865474,0.43388373911755823,-0.900968867902419
2026-07-23 22:00:00,,-0.46690530666890706,-0.9984357648533703,-1.0,0.0,-0.15,0.5333333333333333,-0.5695940768652964,26.654734666554646,4.36735553296819,35.14545749150865,0.025242349305248143,-28.19420303159771,-0.00048490531153611016,-0.0020592256515516993,0.0018056652248669414,-0.5000000000000004,0.8660254037844384,0.43388373911755823,-0.900968867902419
2026-07-24 03:00:00,,-0.38135725816406224,-0.9943409161333376,-1.0,0.0,0.1,0.0,0.13956190663400703,30.93213709179689,4.332942772043432,36.13000324866188,0.024336592267565016,-22.335560597906465,0.0010785940543396322,0.0004321058766993957,0.0016894542274064873,0.7071067811865475,0.7071067811865476,-0.433883739117558,-0.9009688679024191
2026-07-24 04:00:00,,-0.4003977631392908,-0.9839983279365458,0.5,0.0,0.1,0.0,0.01630629980899318,29.98011184303546,4.298436669264822,36.80385623899948,0.023454378816549853,-17.73455301167678,-0.0005452111414658845,4.8477601337637566e-05,0.0016886784059122802,0.8660254037844386,0.5000000000000001,-0.433883739117558,-0.9009688679024191
2026-07-24 05:00:00,,-0.46361132894607776,-0.9775548011328635,0.5,0.0,-0.1,0.0,-0.44413160500995447,26.81943355269611,4.2890892908824725,37.7901195296642,0.022797844204686547,-16.324287771943276,-0.0019409394576275218,-0.0014075565447537741,0.0017060016876895593,0.9659258262890683,0.25881904510252074,-0.433883739117558,-0.9009688679024191
2026-07-24 06:00:00,,-0.4364303526890947,-0.9563960989258965,0.5,0.0,-0.1,0.0,-0.6414521790044047,28.178482365545264,4.253280324012498,38.76368656572707,0.021412430862588077,-13.376850926577163,0.00032375163676157115,-0.002162398962331835,0.0017154828555792452,1.0,6.123233995736766e-17,-0.433883739117558,-0.9009688679024191
2026-07-24 07:00:00,,-0.3456033840201846,-0.8418173866361374,0.5,0.0,-0.3,0.0,-0.18819309944458112,32.71983079899077,4.223245311785234,39.44886581737889,0.019858462603734372,-8.377430046950565,0.001091888590270429,-0.0005252992305955217,0.0017593646314127095,0.9659258262890683,-0.25881904510252063,-0.433883739117558,-0.9009688679024191
2026-07-24 08:00:00,,-0.28717018767413577,-0.405653110122195,-1.0,0.0,0.3,0.0,0.6550525899549012,35.64149061629321,4.213513120721243,38.86864250738446,0.018820414442527297,-2.9092083485434586,0.0007272639440074613,0.0021429041710394614,0.0017094368263700717,0.8660254037844387,-0.4999999999999998,-0.433883739117558,-0.9009688679024191
2026-07-24 09:00:00,,-0.3142511100344848,0.06648817081141692,-1.0,0.0,0.3,0.0,0.4111449421010647,34.28744449827576,4.222357253686016,38.57987977772175,0.017797623775851038,0.45407963920548866,-0.0006140992528873568,0.0012050532813905335,0.0017088622437603635,0.7071067811865476,-0.7071067811865475,-0.433883739117558,-0.9009688679024191
2026-07-24 10:00:00,,0.056518994754782455,0.9222542806577135,-1.0,0.0,0.3,0.0,0.9556271218706109,52.82594973773912,4.36448310117397,36.18234668145294,0.01696534725660511,12.60809931062306,0.005883057290841265,0.005996221981961369,0.0022172100622856617,0.49999999999999994,-0.8660254037844387,-0.433883739117558,-0.9009688679024191
2026-07-24 11:00:00,,0.15341211136473817,0.9943494602813117,-1.0,0.0,0.15,0.0,0.9796968878544544,57.67060556823691,4.396135418758771,34.273657352305335,0.015760369419156296,23.79870168576062,0.0022072760751559173,0.007476234113109825,0.0022345054044448157,0.258819045102521,-0.9659258262890682,-0.433883739117558,-0.9009688679024191
2026-07-24 12:00:00,,0.23075436184287126,0.9994951060041001,-1.0,0.0,0.3,0.0,0.9960321647911005,61.537718092143564,4.390718336108834,32.91623159840114,0.015775017690254415,33.425492521775666,0.0020023955333225985,0.01009272889931978,0.002258945661439401,1.2246467991473532e-16,-1.0,-0.433883739117558,-0.9009688679024191
2026-07-24 13:00:00,,0.15784870527452313,0.9997969842070975,-1.0,0.0,0.3,0.0,0.7285633638226784,57.892435263726156,4.367709241872974,31.655764826918674,0.014777625868938117,36.258232406200904,-0.0012810711505384376,0.002928600457940078,0.00225258937840803,-0.2588190451025208,-0.9659258262890683,-0.433883739117558,-0.9009688679024191
2026-07-24 14:00:00,,0.1678028063020642,0.9998464806264642,0.5,0.0,0.3,0.0,0.2977684702319108,58.39014031510321,4.358736072828348,30.02595096654919,0.014318515105189718,37.026527250318374,0.00024032588305367142,0.0009616502658378323,0.002240637432733042,-0.4999999999999997,-0.8660254037844388,-0.433883739117558,-0.9009688679024191
2026-07-24 15:00:00,,0.04776873132883921,0.9994990144778165,0.5,0.0,-0.3,0.0,-0.769481256572207,52.38843656644196,4.363151137172045,28.326793414621616,0.014731218699913999,32.54714187848002,-0.002165015018496419,-0.003205760285981185,0.00180752618042214,-0.7071067811865471,-0.7071067811865479,-0.433883739117558,-0.9009688679024191
2026-07-24 16:00:00,,0.11992984755198705,0.9992094986287117,0.5,0.0,-0.3,0.0,-0.10096155766243278,55.99649237759935,4.369044145576616,26.887100445229926,0.015527973635250084,30.938107873676916,0.001604164754816395,-0.00032052438062635247,0.001816184241931833,-0.8660254037844384,-0.5000000000000004,-0.433883739117558,-0.9009688679024191
2026-07-24 17:00:00,,0.18587278311901018,0.9993342790205337,1.0,0.0,0.15,0.0,0.3190703824538715,59.29363915595051,4.353301450058024,25.630174622039437,0.016601905805297527,31.122843213996376,0.0015895931066740587,0.0010287428429940348,0.0017982784414992041,-0.9659258262890683,-0.25881904510252063,-0.433883739117558,-0.9009688679024191
2026-07-24 18:00:00,,0.3447591309393613,0.9997493229906868,1.0,0.0,0.15,0.0,0.9832894921877473,67.23795654696806,4.422749309800564,26.1489237055868,0.019186148070752102,37.431145081644644,0.004761638168440996,0.00795539602993145,0.002034829609449997,-1.0,-1.8369701987210297e-16,-0.433883739117558,-0.9009688679024191
2026-07-24 19:00:00,,0.3353490503766824,0.9998815773506611,1.0,0.0,0.15,0.0,0.9579148691115315,66.76745251883412,4.3911153344106655,26.630619283166492,0.021105296110089006,39.292857107650136,-0.00015928576297774555,0.006191945512137309,0.002042225962498386,-0.9659258262890684,0.2588190451025203,-0.433883739117558,-0.9009688679024191
2026-07-24 20:00:00,,0.2915507251167719,0.9998320010981767,1.0,0.0,0.15,0.0,0.8409632850460349,64.5775362558386,4.375303488889291,26.649267771419943,0.022126915830054588,37.28693508201262,-0.0007171000781376335,0.0038852523273256168,0.0020111617958148567,-0.8660254037844386,0.5000000000000001,-0.433883739117558,-0.9009688679024191
2026-07-24 21:00:00,,0.21974404595944846,0.9994688818136932,1.0,0.0,-0.15,0.0,-0.5827702945770216,60.98720229797242,4.356737562683704,26.227211658116506,0.022446215568833264,32.11121227530947,-0.001196310720851912,-0.002072696561967291,0.00204672950343572,-0.7071067811865477,0.7071067811865474,-0.433883739117558,-0.9009688679024191
2026-07-24 22:00:00,,0.23947613215901783,0.9986931738403877,1.0,0.0,-0.15,0.0,-0.4301504779593295,61.97380660795089,4.3317001084513445,25.577217166821278,0.022489245645927042,27.89101128623456,0.0005185770362654551,-0.0013948337627240903,0.0020304452501832054,-0.5000000000000004,0.8660254037844384,-0.433883739117558,-0.9009688679024191
2026-07-27 03:00:00,,0.40878848425361725,0.9986741262496415,1.0,0.0,0.1,0.5333333333333333,0.8752531980046651,70.43942421268086,4.481108611786386,27.202996050703934,0.024071757522211114,32.32161852806642,0.00543681701301324,0.004759083328426783,0.002293390994934032,0.7071067811865475,0.7071067811865476,0.0,1.0
2026-07-27 04:00:00,,0.445728582309128,0.9994405808171825,1.0,0.0,0.1,0.5333333333333333,0.9736804140996131,72.2864291154564,4.4653522038123725,28.42112009466262,0.02543755760886814,35.56965409675703,0.0015060960089670061,0.007461490058245701,0.0022716696320388336,0.8660254037844386,0.5000000000000001,0.0,1.0
2026-07-27 05:00:00,,0.45726121213671517,0.9996793657892478,1.0,0.0,0.1,0.5333333333333333,0.9782626094042148,72.86306060683576,4.416144580085771,29.68311563275808,0.025681413302072756,36.165879563363404,0.00047513839299284655,0.0074180514149730925,0.0021694940464811164,0.9659258262890683,0.25881904510252074,0.0,1.0
2026-07-27 06:00:00,,0.4637696098817969,0.9996445050669786,1.0,0.0,0.1,0.5333333333333333,0.6070924605648464,73.18848049408984,4.384786130875157,31.06325901427231,0.025355294254802076,34.635320201775514,0.00025727239945538827,0.002238506801415241,0.0021708154444813445,1.0,6.123233995736766e-17,0.0,1.0
2026-07-27 07:00:00,,0.5187483324003261,0.9996929344105326,1.0,0.0,0.3,0.5333333333333333,0.7409845047203291,75.93741662001631,4.379231517148601,32.58397749808399,0.02541583949085941,35.02772771736575,0.002272993284044844,0.003005404076493079,0.0021863516254466277,0.9659258262890683,-0.25881904510252063,0.0,1.0
2026-07-27 08:00:00,,0.5490558823879104,0.9997451021827214,1.0,0.0,0.3,0.5333333333333333,0.8524540766088836,77.45279411939552,4.359997494212234,34.215291096909084,0.02538286858460489,35.08911025437652,0.0013810358383814503,0.003911301521881683,0.00218430974175506,0.8660254037844387,-0.4999999999999998,0.0,1.0
2026-07-27 09:00:00,,0.6101019442059772,0.9998546673288975,1.0,0.0,0.3,0.5333333333333333,0.975037783246681,80.50509721029886,4.373184261452536,36.12168937096865,0.025356079944065933,37.78266879659573,0.003180954763200461,0.006834983885626755,0.0021832465928879746,0.7071067811865476,-0.7071067811865475,0.0,1.0
2026-07-27 10:00:00,,0.479314834858034,0.9995286161664195,1.0,0.0,0.3,0.5333333333333333,0.6804374498499539,73.9657417429017,4.388119171184409,38.04166159041173,0.02579724448232984,33.61517636710664,-0.0019278365815100784,0.0026341540200718327,0.002030472984197397,0.49999999999999994,-0.8660254037844387,0.0,1.0
2026-07-27 11:00:00,,0.5711809735603387,0.9995901577784015,1.0,0.0,0.15,0.5333333333333333,0.9454271304754341,78.55904867801694,4.44210957965062,39.95160916880396,0.02789244033889219,36.07434634740257,0.004714654781027505,0.005967772962717888,0.002180819279213194,0.258819045102521,-0.9659258262890682,0.0,1.0
2026-07-27 12:00:00,,0.5044805922581813,0.9993507397414415,1.0,0.0,0.3,0.5333333333333333,0.4798897468782676,75.22402961290906,4.409677940205805,41.73901662695767,0.029250080038695885,33.03083121498625,-0.0010980996138449939,0.001688718585672433,0.0022249025848884076,1.2246467991473532e-16,-1.0,0.0,1.0
2026-07-27 13:00:00,,0.5276194552567602,0.9988266402330003,1.0,0.0,0.3,0.5333333333333333,0.9045545766543135,76.38097276283801,4.400742043965689,43.49410841419279,0.030084955770732336,30.324026306689362,0.0011764891786665288,0.00479304434584904,0.002160997774697794,-0.2588190451025208,-0.9659258262890683,0.0,1.0
2026-07-27 14:00:00,,0.5399579529530456,0.9979264815485883,1.0,0.0,0.3,0.5333333333333333,0.2250376241107128,76.99789764765228,4.364596415977866,45.181678287761805,0.030522050198175797,27.00759814646608,0.0006268953995292037,0.0007052849643507386,0.002154693165266044,-0.4999999999999997,-0.8660254037844388,0.0,1.0
2026-07-27 15:00:00,,0.5055488627425158,0.9924974552354878,1.0,0.0,0.3,0.5333333333333333,0.4027904812459637,75.27744313712579,4.347536524207485,46.27872072028413,0.029417918901519024,21.57065455663613,-0.0005093225728245443,0.0012940620053711882,0.002051499624670885,-0.7071067811865471,-0.7071067811865479,0.0,1.0
2026-07-27 16:00:00,,0.4139464992656579,0.9404923208007607,1.0,0.0,-0.3,0.5333333333333333,-0.3875004152862881,70.6973249632829,4.360129535006131,47.4235774008216,0.02781680499970482,13.636474054828255,-0.0013725438525593603,-0.0012549710258547009,0.0021268275359498535,-0.8660254037844384,-0.5000000000000004,0.0,1.0
2026-07-27 17:00:00,,0.4113043998281645,0.6801794877077186,1.0,0.0,-0.15,0.5333333333333333,-0.5422675315669163,70.56521999140823,4.390450462908692,46.76443213624712,0.026119854868226874,6.691716975673188,-3.9243233491248475e-05,-0.001921109658875153,0.002136077741492017,-0.9659258262890683,-0.25881904510252063,0.0,1.0
2026-07-27 18:00:00,,0.2198360738833874,-0.4657064953386184,1.0,0.0,-0.15,0.5333333333333333,-0.8787366065416751,60.99180369416937,4.421245446085666,45.475017246404036,0.025077432454703407,-4.198044919264277,-0.00306572681610362,-0.004477513902154229,0.0021207483569546377,-1.0,-1.8369701987210297e-16,0.0,1.0
2026-07-27 19:00:00,,0.22129468481615816,-0.8939682267979476,1.0,0.0,-0.15,0.5333333333333333,-0.7360049543431599,61.06473424080791,4.416771293610689,44.27770342012117,0.023725712551203072,-11.93843645713136,3.9363724757990326e-05,-0.003065606324836878,0.0021176006970508136,-0.9659258262890684,0.2588190451025203,0.0,1.0
2026-07-27 20:00:00,,0.28067560565634325,-0.9477883560485411,1.0,0.0,-0.15,0.5333333333333333,-0.415783174865086,64.03378028281716,4.398646259161307,42.92171935266298,0.021904271830192987,-14.71918288953664,0.001612580044316303,-0.0014137830470293267,0.0021063663099386244,-0.8660254037844386,0.5000000000000001,0.0,1.0
2026-07-27 21:00:00,,0.3201646270627464,-0.9550811630253944,1.0,0.0,0.15,0.5333333333333333,0.7135328189272593,66.00823135313732,4.374344378954653,41.99645509120661,0.019052304002550695,-14.977812501804934,0.001139037283255817,0.0027909810523301104,0.002059959812500937,-0.7071067811865477,0.7071067811865474,0.0,1.0
2026-07-27 22:00:00,,0.3256635156046383,-0.9641860980373324,1.0,0.0,0.15,0.5333333333333333,0.7507024187335558,66.28317578023191,4.329831678727156,41.32274057635152,0.015401344035133498,-15.203374492140767,0.00015700682226871265,0.0029086241498408327,0.0020642918330292825,-0.5000000000000004,0.8660254037844384,0.0,1.0
2026-07-28 03:00:00,,0.16061979487222572,-0.9895728188006128,1.0,0.0,-0.1,0.5333333333333333,-0.4042028005432305,58.030989743611286,4.32215298738586,39.66923251181882,0.013594040655714833,-19.784298542189802,-0.0025662251099358713,-0.0012701810044113415,0.0018857431692885867,0.7071067811865475,0.7071067811865476,0.7818314824680298,0.6234898018587336
2026-07-28 04:00:00,,0.12818976163658022,-0.9966439804119249,0.5,0.0,-0.1,0.5333333333333333,-0.7706589624522528,56.40948808182901,4.299769080306627,37.64786792489264,0.012131136595188809,-23.536000973383096,-0.0005510444399323688,-0.0029602627275995275,0.0018782108361084845,0.8660254037844386,0.5000000000000001,0.7818314824680298,0.6234898018587336
2026-07-28 05:00:00,,0.14473441133380519,-0.998254521773858,0.5,0.0,-0.1,0.5333333333333333,-0.7566260536503978,57.23672056669026,4.264565522739972,35.7708865227469,0.010557087038396092,-25.049843342862715,0.00035427771019058696,-0.002762991839677653,0.0018777957043871094,0.9659258262890683,0.25881904510252074,0.7818314824680298,0.6234898018587336
2026-07-28 06:00:00,,0.28717762978486805,-0.990601256992545,0.5,0.5,0.1,0.5333333333333333,0.8048514398244859,64.3588814892434,4.312468003317251,35.180471334691994,0.008791800737166669,-19.982991160065865,0.0034574512976206506,0.0032606845678788687,0.002006849206942554,1.0,6.123233995736766e-17,0.7818314824680298,0.6234898018587336
2026-07-28 07:00:00,,0.16813417439439704,-0.9908419934059348,0.5,-0.5,0.3,0.5333333333333333,0.5636334754904229,58.40670871971985,4.29934126790805,34.63222866006958,0.007602097178160652,-19.818392212983923,-0.0019629942741676842,0.0018487347336435533,0.002027653027874147,0.9659258262890683,-0.25881904510252063,0.7818314824680298,0.6234898018587336
2026-07-28 08:00:00,,0.10851485661366013,-0.9942333400111089,1.0,-0.5,0.3,0.5333333333333333,0.15035659053173822,55.425742830683006,4.285030244835959,33.43316662793097,0.006947031387606507,-21.22208277790135,-0.0010616213132585983,0.00043283571019436806,0.0020287028387796797,0.8660254037844387,-0.4999999999999998,0.7818314824680298,0.6234898018587336
2026-07-28 09:00:00,,0.18907423608701635,-0.987761713610225,1.0,0.5,-0.3,0.5333333333333333,-0.36690957781214456,59.45371180435082,4.294230846737141,32.72242697242902,0.006931479976339058,-18.649414710403164,0.0019179606330652632,-0.0011066549543610193,0.00194622998040021,0.7071067811865476,-0.7071067811865475,0.7818314824680298,0.6234898018587336
2026-07-28 10:00:00,,0.21262682949976208,-0.9684505188101472,1.0,0.5,0.3,0.5333333333333333,0.4465114793680344,60.631341474988105,4.338770337982689,32.909898920249795,0.006546669879988826,-15.833836846735409,0.0005887987106625303,0.0014451380304691952,0.0018920870177719224,0.49999999999999994,-0.8660254037844387,0.7818314824680298,0.6234898018587336
2026-07-28 11:00:00,,0.2441490790513791,-0.9271806460910851,1.0,0.5,0.15,0.5333333333333333,0.7947941016267017,62.207453952568954,4.347483758384754,32.95483882749828,0.006466030427723169,-12.658428236785156,0.0007845260492373995,0.003291285392965193,0.001573352235479243,0.258819045102521,-0.9659258262890682,0.7818314824680298,0.6234898018587336
2026-07-28 12:00:00,,0.2708696287620995,-0.8521997161899326,1.0,0.5,0.3,0.5333333333333333,0.5952124968211927,63.543481438104976,4.328558792541645,33.234424957578256,0.006722473551636448,-9.586546725556644,0.0006663635612440544,0.0020396883211439842,0.0015590410965419512,1.2246467991473532e-16,-1.0,0.7818314824680298,0.6234898018587336
2026-07-28 13:00:00,,0.11812523222916667,-0.907825355535943,1.0,-0.5,-0.3,0.5333333333333333,-0.3012241168617179,55.90626161145833,4.346449308760867,32.36939408392738,0.006477524318645013,-11.696515197652829,-0.002393134027709465,-0.0009422444172280109,0.0016284369111846607,-0.2588190451025208,-0.9659258262890683,0.7818314824680298,0.6234898018587336
2026-07-28 14:00:00,,0.012820541883803003,-0.967199765124631,1.0,-0.5,-0.3,0.5333333333333333,-0.8270266608497386,50.64102709419015,4.368226521451676,30.246486010073795,0.006207535672378301,-16.151288126401774,-0.001926510153689165,-0.0036532806201545753,0.0016673450384949314,-0.4999999999999997,-0.8660254037844388,0.7818314824680298,0.6234898018587336
2026-07-28 15:00:00,,-0.09740693683501249,-0.9928288264501075,1.0,-0.5,-0.3,0.5333333333333333,-0.9715186285240747,45.129653158249376,4.379117459532914,28.138836277094565,0.006756777427437703,-22.44357708955009,-0.0023246111821144666,-0.006644255363513096,0.0017311629961462153,-0.7071067811865471,-0.7071067811865479,0.7818314824680298,0.6234898018587336
2026-07-28 16:00:00,,-0.07813149739372875,-0.9965075388221617,1.0,-0.5,-0.3,0.5333333333333333,-0.8479109517506913,46.09342513031356,4.373038914514008,26.63855789882624,0.0072558652530980445,-25.16697872783942,0.00035495117822037514,-0.0038961701575832564,0.0017193228611989673,-0.8660254037844384,-0.5000000000000004,0.7818314824680298,0.6234898018587336
2026-07-28 17:00:00,,0.0037009803171810063,-0.9947176378041072,1.0,-0.5,-0.15,0.5333333333333333,-0.11356661715498591,50.3700980317181,4.36826691186111,24.912261364139642,0.007228809128146643,-23.411179840211624,0.0016154073944640857,-0.0003542526094300058,0.0017686420672433237,-0.9659258262890683,-0.25881904510252063,0.7818314824680298,0.6234898018587336
2026-07-28 18:00:00,1.0,0.09624974353823595,-0.9392756511651139,0.5,0.5,0.15,0.5333333333333333,0.9573568246191378,59.624974353823596,4.426374881669002,24.458194930238108,0.00753995574405225,-14.48316910061677,0.004321171395647028,0.0062915299683314885,0.0018962101912286422,-1.0,-1.8369701987210297e-16,0.7818314824680298,0.6234898018587336
2026-07-28 19:00:00,1.0,0.12049909145454755,-0.6425818040573138,0.5,0.5,0.15,0.5333333333333333,0.9783772232712724,62.049909145454755,4.4112041085285725,24.442386294623958,0.008185939052016174,-6.2810907111490195,0.0013710115510594534,0.007307590341170567,0.0019131647145988837,-0.9659258262890684,0.2588190451025203,0.7818314824680298,0.6234898018587336
2026-07-28 20:00:00,1.0,0.09309784932796901,-0.33490099939083817,0.5,0.5,0.15,0.5333333333333333,0.905923944209116,59.3097849327969,4.379157879893582,24.427706847267963,0.008538468295270508,-2.7787231103605663,-0.0009791021241483122,0.004713080822558169,0.0019057488620731605,-0.8660254037844386,0.5000000000000001,0.7818314824680298,0.6234898018587336
2026-07-28 21:00:00,1.0,0.0961706307400697,-0.07212492670182637,-1.0,0.5,0.15,0.5333333333333333,0.18231884303285417,59.61706307400697,4.32981258796312,24.283763704151674,0.008860681061482707,-0.5485975576443423,0.00015672077483408486,0.000548630201745226,0.0018914716761813815,-0.7071067811865477,0.7071067811865474,0.7818314824680298,0.6234898018587336
2026-07-28 22:00:00,1.0,0.09017114056129813,0.0268158655901364,-1.0,0.5,-0.15,0.5333333333333333,-0.3445942667688714,59.01711405612981,4.281703721840016,24.248486094064656,0.009101111951168205,0.19409585062569334,-0.0001959048065636182,-0.0010182861558778455,0.001892548100346593,-0.5000000000000004,0.8660254037844384,0.7818314824680298,0.6234898018587336
2026-07-29 03:00:00,1.0,0.047233360799959524,-0.2602678829768094,-1.0,0.5,-0.1,0.5333333333333333,-0.45353313970408304,54.72333607999595,4.331416464849653,24.965094784033905,0.008991256794873016,-2.0259911034183347,-0.001419496748431115,-0.0014586807801606483,0.0018242534034437466,0.7071067811865475,0.7071067811865476,0.9749279121818236,-0.22252093395631434
2026-07-29 04:00:00,0.3333333333333333,-0.058385863470772466,-0.8774609803782264,-1.0,-0.5,-0.1,0.5333333333333333,-0.9587673312033043,44.161413652922754,4.364167350722683,23.78299225555978,0.00925325181959258,-10.723745541425302,-0.00434549902901793,-0.005960900584012663,0.002079253311137548,0.8660254037844386,0.5000000000000001,0.9749279121818236,-0.22252093395631434
2026-07-29 05:00:00,0.3333333333333333,-0.05681479598882305,-0.9707192349882132,0.5,-0.5,-0.1,0.5333333333333333,-0.9585366534320133,44.318520401117695,4.321851169946439,22.51720936713032,0.009551603859631972,-15.85360587225307,5.911528072743977e-05,-0.005705880496721605,0.0020772718029863535,0.9659258262890683,0.25881904510252074,0.9749279121818236,-0.22252093395631434
2026-07-29 06:00:00,0.3333333333333333,-0.10436628384018767,-0.9940590939317613,0.5,0.0,-0.1,0.5333333333333333,-0.9754481321954684,39.56337161598123,4.341263486718831,21.28720609297829,0.010624671847431457,-22.33500746130021,-0.0023475902618965705,-0.00663397401018706,0.00196140117968502,1.0,6.123233995736766e-17,0.9749279121818236,-0.22252093395631434
2026-07-29 07:00:00,0.3333333333333333,-0.07798877126720755,-0.9965282621349142,0.5,0.0,-0.3,0.5333333333333333,-0.4277893799594243,42.201122873279246,4.32362046658357,20.41180865050797,0.011285207983357616,-23.9759910492105,0.00092785811613183,-0.0013606168650373007,0.0019431788023111162,0.9659258262890683,-0.25881904510252063,0.9749279121818236,-0.22252093395631434
2026-07-29 08:00:00,0.3333333333333333,0.03396404403258131,-0.990054200130335,0.5,0.0,0.3,0.5333333333333333,0.29314900317345755,48.301797798370934,4.332796449857718,19.441840860325563,0.011367693938653054,-20.176898138236897,0.002325729119467823,0.0009059969737030826,0.002011596785646792,0.8660254037844387,-0.4999999999999998,0.9749279121818236,-0.22252093395631434
2026-07-29 09:00:00,1.0,-0.13696395342036838,-0.8656875652183899,0.5,0.0,0.3,0.5333333333333333,0.9823570323555906,56.84819767101842,4.362953442616925,19.371431892358153,0.011509225690290883,-10.326024490221895,0.0040394093268112385,0.007292996562410892,0.002170081421787769,0.7071067811865476,-0.7071067811865475,0.9749279121818236,-0.22252093395631434
2026-07-29 10:00:00,1.0,-0.11951490585008742,-0.4988941985563617,0.5,0.0,0.3,0.5333333333333333,0.9597191563248065,55.97574529250437,4.365236331302545,19.951094838310315,0.011548079960925344,-4.309690709390793,-0.00035299378313169427,0.006012144663147367,0.002168310785973916,0.49999999999999994,-0.8660254037844387,0.9749279121818236,-0.22252093395631434
2026-07-29 11:00:00,1.0,-0.023644101922002107,-0.42030262792019785,0.5,0.0,0.15,0.5333333333333333,0.47826617548478434,51.182205096100105,4.409054378386823,18.909113440964873,0.011359566185323267,-3.682677611695091,-0.0020026551682281735,0.0016837603754513708,0.0022056224183479678,0.258819045102521,-0.9659258262890682,0.9749279121818236,-0.22252093395631434
2026-07-29 12:00:00,0.3333333333333333,0.08104593407991317,-0.7009827194759021,-1.0,0.0,-0.3,0.5333333333333333,-0.90147307710582,45.94770329600434,4.4201239134417545,17.733679995173443,0.011201516253886682,-7.223873770971187,-0.0024794181743015287,-0.004835067125661396,0.002257952855419782,1.2246467991473532e-16,-1.0,0.9749279121818236,-0.22252093395631434
2026-07-29 13:00:00,1.0,-0.05159680727484854,-0.4369049349185427,-1.0,0.0,-0.3,0.5333333333333333,-0.37416991581365533,52.57984036374243,4.459636915784823,17.138640628230718,0.011197926083015683,-4.049596791182472,0.003147415621455707,-0.0013346577210739952,0.002323939015395885,-0.2588190451025208,-0.9659258262890683,0.9749279121818236,-0.22252093395631434
2026-07-29 14:00:00,1.0,-0.18948642169943342,0.479793702726581,0.5,0.0,0.3,0.5333333333333333,0.8741851397041993,59.47432108497167,4.486973240398124,17.249948861848388,0.011945761504638743,4.644443925361333,0.004037764412004208,0.004705761859158386,0.0024436752784281726,-0.4999999999999997,-0.8660254037844388,0.9749279121818236,-0.22252093395631434
2026-07-29 15:00:00,1.0,-0.09158363860382664,0.572280898273997,0.5,0.0,0.3,0.5333333333333333,0.8732720475989731,54.57918193019133,4.522624685956312,17.49896608283721,0.011629175290361633,5.993362470285788,-0.0023108990668774254,0.004874280966582489,0.0024429032935703193,-0.7071067811865471,-0.7071067811865479,0.9749279121818236,-0.22252093395631434
2026-07-29 16:00:00,1.0,-0.09565951914487243,0.6181037060730353,0.5,0.0,0.3,0.5333333333333333,0.47248162469464194,54.78297595724362,4.51711962332423,17.730196359469687,0.011295450243536273,6.61082326887955,0.00011763229725936242,0.0018444976423861448,0.0024431789946017593,-0.8660254037844384,-0.5000000000000004,0.9749279121818236,-0.22252093395631434
2026-07-29 17:00:00,1.0,-0.03403722998593864,0.4224140702774042,1.0,0.0,-0.15,0.5333333333333333,-0.7637162562099847,51.70186149929693,4.52753982284644,17.659541582115665,0.011114281324905105,4.169678251236627,-0.0014517663087669774,-0.0036450330783850404,0.0024514759320475314,-0.9659258262890683,-0.25881904510252063,0.9749279121818236,-0.22252093395631434
2026-07-29 18:00:00,0.3333333333333333,0.008176423996148827,0.06890431837602824,1.0,0.0,-0.15,0.5333333333333333,-0.5752124854371493,49.59117880019256,4.517039981701431,17.405158148688567,0.010979508395541439,0.6319179804641806,-0.001021422458739707,-0.002355556470247322,0.0022539734074997625,-1.0,-1.8369701987210297e-16,0.9749279121818236,-0.22252093395631434
2026-07-29 19:00:00,1.0,-0.05419616662983586,0.08183899692159068,1.0,0.0,-0.15,0.5333333333333333,-0.2602575105063621,52.70980833149179,4.500867953834766,16.93152233755646,0.010546186393388801,0.7389836325056187,0.001531742715396689,-0.0009414460521099954,0.00225990896764746,-0.9659258262890684,0.2588190451025203,0.9749279121818236,-0.22252093395631434
2026-07-29 20:00:00,1.0,-0.09471562555462242,0.25982783159167677,1.0,0.0,0.15,0.5333333333333333,0.4235173172736886,54.73578127773112,4.462815366565634,16.91193879778162,0.010445349910259168,2.306392612514953,0.001027700943208032,0.001538021199865014,0.002264684985123979,-0.8660254037844386,0.5000000000000001,0.9749279121818236,-0.22252093395631434
2026-07-29 21:00:00,1.0,-0.17965690751170754,0.6431730193874465,1.0,0.0,0.15,0.5333333333333333,0.8844950910191856,58.98284537558538,4.486633965687375,17.696307293758043,0.01087375173504561,6.782149435344657,0.002302605545038361,0.004862049203643082,0.0023239461011407194,-0.7071067811865477,0.7071067811865474,0.9749279121818236,-0.22252093395631434
2026-07-29 22:00:00,0.3333333333333333,0.11300365505363004,-0.3155057134304573,1.0,0.0,-0.15,0.5333333333333333,-0.8008276829504627,44.3498172473185,4.576686593098331,16.923476155454026,0.010952768507708058,-3.174752202414762,-0.007538404819840139,-0.004208098331593746,0.0028825637448829577,-0.5000000000000004,0.8660254037844384,0.9749279121818236,-0.22252093395631434
2026-07-30 03:00:00,0.3333333333333333,0.009348815830277886,-0.44509550258069247,1.0,0.0,-0.1,0.5333333333333333,-0.5417687704246686,49.532559208486106,4.584087873637402,16.205847241314583,0.01087613037496032,-4.6858363741735936,0.0029043018218786187,-0.002331497452923159,0.0029544533143849127,0.7071067811865475,0.7071067811865476,0.43388373911755823,-0.900968867902419
2026-07-30 04:00:00,1.0,-0.0896273245681293,-0.04244412085042252,0.5,0.0,-0.1,0.5333333333333333,-0.36999250951105195,54.481366228406465,4.58851792921033,16.281546642942466,0.010883289559396159,-0.4176827670741474,0.003138796103199226,-0.0014953068947622938,0.002856984280730439,0.8660254037844386,0.5000000000000001,0.43388373911755823,-0.900968867902419
2026-07-30 05:00:00,0.3333333333333333,0.017382216438801095,-0.30858412432902904,0.5,0.0,0.1,0.5333333333333333,0.6223689381265319,49.130889178059945,4.58316652361622,16.274059781074534,0.01051368123338694,-3.120376934352448,-0.003237042406761148,0.002806055518316697,0.002964814169238959,0.9659258262890683,0.25881904510252074,0.43388373911755823,-0.900968867902419
2026-07-30 06:00:00,0.3333333333333333,0.030433171621047278,-0.5197853560965934,0.5,-0.5,-0.1,0.5333333333333333,-0.13658175430299788,48.478341418947636,4.549512228490681,15.87194423053423,0.009243055199667241,-5.448599979517564,-0.0004127399109279395,-0.0005109862144898614,0.002910512258581997,1.0,6.123233995736766e-17,0.43388373911755823,-0.900968867902419
2026-07-30 07:00:00,0.3333333333333333,0.10142909449969664,-0.8113793031053865,0.5,-0.5,-0.3,0.5333333333333333,-0.9269210541575412,44.92854527501517,4.524983303497978,14.911861367125363,0.00869195057858799,-10.438983050669513,-0.0022829712145462366,-0.005932753532235324,0.002958423793513398,0.9659258262890683,-0.25881904510252063,0.43388373911755823,-0.900968867902419
2026-07-30 08:00:00,0.3333333333333333,0.06103659355488773,-0.8464834013213449,0.5,-0.5,-0.3,0.5333333333333333,-0.4175873586727921,46.94817032225561,4.511508434607681,13.903647527538464,0.008631668526311401,-11.324240682404861,0.0011027747715726122,-0.001592936353901564,0.0029218488079863687,0.8660254037844387,-0.4999999999999998,0.43388373911755823,-0.900968867902419
2026-07-30 09:00:00,0.3333333333333333,0.1173117403547721,-0.9175091865352141,0.5,-0.5,-0.3,0.5333333333333333,-0.6809912825728266,44.134412982261395,4.50532453947042,13.359453542297056,0.009255345701135715,-14.235721306623724,-0.0017807970224836822,-0.0029609934654573067,0.002786421072487188,0.7071067811865476,-0.7071067811865475,0.43388373911755823,-0.900968867902419
2026-07-30 10:00:00,0.3333333333333333,0.08028925943861609,-0.9024097039672015,0.5,0.0,0.3,0.5333333333333333,0.07296199715236339,45.985537028069196,4.532960581338896,13.180720751274542,0.009515368672591451,-13.815946198117553,0.0009459508101521408,0.00026792855924107073,0.0027996881686314892,0.49999999999999994,-0.8660254037844387,0.43388373911755823,-0.900968867902419
2026-07-30 11:00:00,1.0,-1.5488378707573247e-07,-0.7604281617094045,0.5,0.0,0.15,0.5333333333333333,0.33509401046599746,50.000007744189354,4.544385854344564,12.395258851821458,0.009521519353072898,-9.384190587729876,0.002125123289479447,0.0012902770771479055,0.002812934794756775,0.258819045102521,-0.9659258262890682,0.43388373911755823,-0.900968867902419
2026-07-30 12:00:00,0.3333333333333333,0.02174940803149724,-0.634153536607088,0.5,-0.5,0.3,0.5333333333333333,0.5840049100598245,48.91252959842514,4.545825026598692,11.994941448828994,0.009204079664176627,-7.052153610807068,-0.0005898591587385482,0.0024812149408930395,0.0027566817700480483,1.2246467991473532e-16,-1.0,0.43388373911755823,-0.900968867902419
2026-07-30 13:00:00,1.0,-0.020612752777664695,-0.34734294349728606,0.5,-0.5,0.3,0.5333333333333333,0.6090267817636875,51.030637638883235,4.546402314824779,11.418426601505589,0.009205151030097974,-3.4173412972718324,0.0010890013912288055,0.002624265521969704,0.0026736125462894877,-0.2588190451025208,-0.9659258262890683,0.43388373911755823,-0.900968867902419
2026-07-30 14:00:00,1.0,-0.13899661728434665,0.4406661753232275,0.5,0.5,0.3,0.5333333333333333,0.7715032585429301,56.94983086421733,4.56122076985304,11.617174912681802,0.008879305431942416,4.5271687385498804,0.0033460656144406187,0.003845207846930876,0.002622409937576998,-0.4999999999999997,-0.8660254037844388,0.43388373911755823,-0.900968867902419
2026-07-30 15:00:00,1.0,-0.09875407036457716,0.6806951830245345,0.5,0.5,0.3,0.5333333333333333,0.7402671721901262,54.93770351822886,4.538803766435161,11.801726915916857,0.008949574360685837,7.7708604816460864,-0.000940317348007369,0.003494749657662055,0.0025777379459456648,-0.7071067811865471,-0.7071067811865479,0.43388373911755823,-0.900968867902419
2026-07-30 16:00:00,1.0,-0.23875172967553723,0.941622173504938,0.5,0.0,0.3,0.5333333333333333,0.9515126858137491,61.93758648377686,4.563994173169176,12.897068595091447,0.01063446220934688,16.814892279283143,0.004536698265329875,0.0069424465317631245,0.0027689537221302824,-0.8660254037844384,-0.5000000000000004,0.43388373911755823,-0.900968867902419
2026-07-30 17:00:00,1.0,-0.21423652736914234,0.9758077276063243,0.5,0.0,0.15,0.5333333333333333,0.6805113677008431,60.71182636845712,4.542959059781175,14.100679512135473,0.01186044304477247,20.685740923349442,-0.0005464417024132473,0.0030499392149092586,0.0027471596723089814,-0.9659258262890683,-0.25881904510252063,0.43388373911755823,-0.900968867902419
2026-07-30 18:00:00,1.0,-0.22833327340718199,0.9853211625868888,0.5,0.0,0.15,0.5333333333333333,0.8428463457718548,61.4166636703591,4.52843554868827,14.804684050424383,0.012981061778375436,22.723334577179457,0.0004683968812333461,0.004458653444149974,0.002730014861390982,-1.0,-1.8369701987210297e-16,0.43388373911755823,-0.900968867902419
2026-07-30 19:00:00,1.0,-0.2512381413154492,0.9907430481922369,0.5,0.0,0.15,0.5333333333333333,0.18872512173358397,62.56190706577246,4.488617314729141,15.655313715086795,0.014193990138629802,23.899998063641576,0.0007411799924241791,0.0006631351712442779,0.0027178451710342263,-0.9659258262890684,0.2588190451025203,0.43388373911755823,-0.900968867902419
2026-07-30 20:00:00,1.0,-0.28377261504071155,0.9940672346386026,0.5,0.0,0.15,0.5333333333333333,0.589356220154641,64.18863075203558,4.45100113396838,16.754962817134906,0.015556243238510497,24.93143293636807,0.0010523116748739625,0.0022618885485314877,0.002718188004482489,-0.8660254037844386,0.5000000000000001,0.43388373911755823,-0.900968867902419
2026-07-30 21:00:00,1.0,-0.30892423428618626,0.9960111411876887,0.5,0.0,0.15,0.5333333333333333,0.6753185480980645,65.44621171430931,4.40258636552782,17.840158218312084,0.01683252356541156,25.378042045473,0.0008176997395086261,0.0026111914068067676,0.002681248386117946,-0.7071067811865477,0.7071067811865474,0.43388373911755823,-0.900968867902419
2026-07-30 22:00:00,1.0,-0.3259192044434491,0.9965462160043275,0.5,0.0,0.15,0.5333333333333333,0.6588698320275289,66.29596022217245,4.361827061060605,19.07512691382633,0.01759566139273704,24.93011637042057,0.0005447619330567477,0.0024147733474393362,0.0019574720651423677,-0.5000000000000004,0.8660254037844384,0.43388373911755823,-0.900968867902419
2026-07-31 03:00:00,1.0,0.155887386086477,0.9942347032959912,0.5,0.0,0.1,0.5333333333333333,0.3613580866797614,65.5887386086477,4.34926654385435,20.469057946902893,0.01848281266785946,22.630965871464447,-0.00022176011482244462,0.0011407015577429291,0.0018917949332517222,0.7071067811865475,0.7071067811865476,-0.433883739117558,-0.9009688679024191
2026-07-31 04:00:00,1.0,0.12144346343121498,0.9812852829611286,0.5,0.0,-0.1,0.5333333333333333,-0.24562409577889505,62.1443463431215,4.338206789078849,21.620324186150423,0.019126297981257534,17.849223165174024,-0.0010705868032339083,-0.0007475849849996052,0.0018147494911153513,0.8660254037844386,0.5000000000000001,-0.433883739117558,-0.9009688679024191
2026-07-31 05:00:00,1.0,0.13423112073667007,0.962611856085431,0.5,0.0,-0.1,0.5333333333333333,-0.21682310753290351,63.423112073667006,4.29768515854527,22.418640077067028,0.01951784632454375,14.56131066301137,0.0006619525504945045,-0.0006303943675618484,0.0016149807685645974,0.9659258262890683,0.25881904510252074,-0.433883739117558,-0.9009688679024191
2026-07-31 06:00:00,1.0,0.13423112073667007,0.9182781747170703,0.5,0.0,-0.1,0.5333333333333333,-0.1460391907712056,63.423112073667006,4.26807979805421,23.430642077366365,0.019636013818997624,11.263971341529142,0.0,-0.0004086342527394038,0.0016055914148720856,1.0,6.123233995736766e-17,-0.433883739117558,-0.9009688679024191
2026-07-31 07:00:00,1.0,0.1679051793729161,0.9123432759252111,1.0,0.0,0.3,0.5333333333333333,0.6969388464569187,66.79051793729161,4.260159206134018,24.679130007373967,0.0193003223994215,10.915879786971281,0.0017112569855228799,0.0023732095360173844,0.0014851085359224188,0.9659258262890683,-0.25881904510252063,-0.433883739117558,-0.9009688679024191
2026-07-31 08:00:00,1.0,0.3417433805646499,0.8983461623899937,1.0,0.0,0.3,0.5333333333333333,0.6123751119046974,67.0871690282325,4.209877820943209,25.892689437093757,0.018955177737241695,9.856981079987548,0.0001554237047596274,0.0018666806902825073,0.0014866818916077407,0.8660254037844387,-0.4999999999999998,-0.433883739117558,-0.9009688679024191
2026-07-31 09:00:00,1.0,0.3126990390872632,0.8081364700229283,1.0,0.0,0.3,0.5333333333333333,0.5204337848874789,65.63495195436316,4.208446800095118,27.279573701284573,0.0174455253938256,7.543212224314878,-0.00035751064169353697,0.0015091700485889703,0.0013953437316213213,0.7071067811865476,-0.7071067811865475,-0.433883739117558,-0.9009688679024191
2026-07-31 10:00:00,1.0,0.5019863287716052,0.9583725990260339,1.0,0.0,0.3,0.5333333333333333,0.9558818146387196,75.09931643858026,4.335679767873821,29.656520207886054,0.017600166128073396,14.706786230334743,0.00581309113739259,0.00561100420045868,0.0018015054681844226,0.49999999999999994,-0.8660254037844387,-0.433883739117558,-0.9009688679024191
2026-07-31 11:00:00,1.0,0.4205315075530672,0.9708308667816931,1.0,0.0,0.15,0.5333333333333333,0.9003307303659397,71.02657537765336,4.3287569309378044,31.863684821158856,0.01743642475238141,15.978167184722423,-0.0011212323903961874,0.004334348105302865,0.0018375384059122792,0.258819045102521,-0.9659258262890682,-0.433883739117558,-0.9009688679024191
2026-07-31 12:00:00,1.0,0.29057697876495353,0.9223166275001976,1.0,0.0,0.3,0.5333333333333333,0.735384647946481,64.52884893824768,4.32417923601479,33.06770596569721,0.015840269368294756,12.113199379373114,-0.001936116523934217,0.0027557422230621853,0.0019143576526862703,1.2246467991473532e-16,-1.0,-0.433883739117558,-0.9009688679024191
2026-07-31 13:00:00,1.0,0.2559312943833132,0.7670641858055073,1.0,0.0,-0.3,0.5333333333333333,-0.8499839844894096,62.79656471916566,4.304591710404091,33.80456757294661,0.013958933032926482,7.501303143742376,-0.0005427850433150638,-0.0036001339576454683,0.0019332544127689986,-0.2588190451025208,-0.9659258262890683,-0.433883739117558,-0.9009688679024191
2026-07-31 14:00:00,1.0,0.10328557771769922,-0.09400477213033409,1.0,0.0,-0.3,0.5333333333333333,-0.9324937291058834,55.16427888588496,4.358087673412059,32.424399069895664,0.01275006780178952,-0.7364233096643886,-0.0026017007266396774,-0.005080602293888958,0.0019549483602244503,-0.4999999999999997,-0.8660254037844388,-0.433883739117558,-0.9009688679024191
2026-07-31 15:00:00,0.3333333333333333,-0.03934414765944979,-0.8925780155126571,1.0,0.0,-0.3,0.5333333333333333,-0.9624167941522737,48.03279261702751,4.374317634880989,30.298220795704324,0.011000591641055817,-11.38759518335958,-0.002959400000296597,-0.006103885770251338,0.002074039934910449,-0.7071067811865471,-0.7071067811865479,-0.433883739117558,-0.9009688679024191
2026-07-31 16:00:00,0.3333333333333333,-0.12581872635872912,-0.990302530347329,1.0,0.0,-0.3,0.5333333333333333,-0.9846813069569217,43.709063682063544,4.394461027503612,28.753531712218287,0.011422252321367685,-21.56317262355138,-0.0021080664742516575,-0.007669167201187932,0.0018751105199886092,-0.8660254037844384,-0.5000000000000004,-0.433883739117558,-0.9009688679024191
2026-07-31 17:00:00,1.0,0.0513031978103038,-0.984611753767071,1.0,0.0,-0.15,0.5333333333333333,-0.29505140465408297,52.56515989051519,4.448526820470829,26.94086976315536,0.010924383779557801,-20.77489838747705,0.004056025435078325,-0.0010114410394699291,0.0020848893725691248,-0.9659258262890683,-0.25881904510252063,-0.433883739117558,-0.9009688679024191
2026-07-31 18:00:00,0.3333333333333333,0.018129919435883296,-0.9839131151053807,1.0,0.0,0.15,0.5333333333333333,0.33064746517249166,50.906495971794165,4.469605387928864,25.044237458784533,0.010576646558286558,-21.022057081473683,-0.0007787282982345545,0.0011692306625921134,0.0020936588711878827,-1.0,-1.8369701987210297e-16,-0.433883739117558,-0.9009688679024191
2026-07-31 19:00:00,0.3333333333333333,0.017267003455201147,-0.9822473166164926,0.5,0.0,0.15,0.5333333333333333,0.80452453021074,51.726700345520115,4.437756398174581,23.2830788904402,0.01034201397038076,-19.9428051742806,0.0003894399513360014,0.0036667370881797723,0.002089398654804463,-0.9659258262890684,0.2588190451025203,-0.433883739117558,-0.9009688679024191
2026-07-31 20:00:00,1.0,0.01899785469079916,-0.9793471965130354,0.5,0.0,-0.15,0.5333333333333333,-0.09804999887112346,51.899785469079916,4.398501249259085,21.98181545491551,0.010279222083400598,-18.553848590990604,7.786979395696392e-05,-0.00031141855294158916,0.0020767375541050127,-0.8660254037844386,0.5000000000000001,-0.433883739117558,-0.9009688679024191
2026-07-31 21:00:00,1.0,0.0307747858969109,-0.9706030580418401,0.5,0.0,0.15,0.5333333333333333,0.31176455718124724,53.07747858969109,4.350531832364061,20.77349940764258,0.010264164241692792,-16.29930423994776,0.0005060059116033244,0.0009733156568962897,0.002071650731866318,-0.7071067811865477,0.7071067811865474,-0.433883739117558,-0.9009688679024191
2026-07-31 22:00:00,1.0,0.06270511221170345,-0.9228803365755393,0.5,0.0,0.15,0.5333333333333333,0.589522506407836,56.270511221170345,4.32200725131073,20.03317640448602,0.010268506942036364,-12.115457506461262,0.0013999123452510531,0.0019837880508113415,0.0020919744647251897,-0.5000000000000004,0.8660254037844384,-0.433883739117558,-0.9009688679024191
2026-08-03 03:00:00,1.0,0.14838291459767533,-0.19584310766869947,0.5,0.0,0.1,0.5333333333333333,0.9720653185009333,64.83829145976753,4.372712076378739,20.97126219525793,0.011195900320379865,-1.5725335358003107,0.004640667402743048,0.006546585659597426,0.0023275632137221,0.7071067811865475,0.7071067811865476,0.0,1.0
2026-08-03 04:00:00,1.0,0.14961816790672272,0.5656643771872174,0.5,0.0,0.1,0.5333333333333333,0.9683547690428465,64.96181679067227,4.335475682227897,21.842341858117557,0.01182127743584406,4.895704446101334,7.735567369060448e-05,0.006117935421684706,0.002306124974979792,0.8660254037844386,0.5000000000000001,0.0,1.0
2026-08-03 05:00:00,1.0,0.15451962705286973,0.8360498226648553,0.5,0.0,0.1,0.5333333333333333,0.9437468627587131,65.45196270528697,4.289672988517874,22.765935107005866,0.012440784771852247,8.810771317031374,0.00029003049390396995,0.005008053570337623,0.002305011763211885,0.9659258262890683,0.25881904510252074,0.0,1.0
2026-08-03 06:00:00,1.0,0.17721262199877288,0.9411125733651445,0.5,0.0,0.1,0.5333333333333333,0.5473203084513171,67.72126219987729,4.2823581720915,24.139835497024563,0.013297327216017897,12.655229948952368,0.0013523645253314953,0.0017197506929260697,0.002314466017436561,1.0,6.123233995736766e-17,0.0,1.0
2026-08-03 07:00:00,1.0,0.365958326237085,0.9693989180134822,0.5,0.0,0.3,0.5333333333333333,0.6268485842632975,68.29791631185425,4.2478245615201455,25.471869417894073,0.014219939607266627,14.565796742218808,0.0003474554712852296,0.001989850490520695,0.0022938979629595537,0.9659258262890683,-0.25881904510252063,0.0,1.0
2026-08-03 08:00:00,1.0,0.36014324658037594,0.973727332065139,0.5,0.0,0.3,0.5333333333333333,0.5570977152061234,68.0071623290188,4.201906102422958,26.68395438639953,0.014955414843505235,14.428889829237129,-7.720189457138815e-05,0.0016226181020453367,0.0022954457062265197,0.8660254037844387,-0.4999999999999998,0.0,1.0
2026-08-03 09:00:00,1.0,0.29710779944130594,0.9448985575920605,0.5,0.0,-0.3,0.5333333333333333,-0.2119418099019443,64.8553899720653,4.189412637070863,26.995561272261764,0.015325779582278586,11.757657446052391,-0.0008187067208940135,-0.0005484531441801721,0.002304942721327023,0.7071067811865476,-0.7071067811865475,0.0,1.0
2026-08-03 10:00:00,1.0,0.4277801404176151,0.9705128573175451,0.5,0.0,0.3,0.5333333333333333,0.7711588870538385,71.38900702088075,4.27844261460881,28.19880637274996,0.016461775504808884,15.154439155313348,0.0037404988777201,0.002844590262254698,0.0020796234012596957,0.49999999999999994,-0.8660254037844387,0.0,1.0
2026-08-03 11:00:00,1.0,0.4663321466534279,0.9876166111002193,0.5,0.0,0.15,0.5333333333333333,0.913302107782225,73.3166073326714,4.271358684198564,29.482376947998013,0.01811684184526234,18.185234441685985,0.001346236894809394,0.00426802905163548,0.002070494250879203,0.258819045102521,-0.9659258262890682,0.0,1.0
2026-08-03 12:00:00,1.0,0.45427327395860884,0.989324428177847,1.0,0.0,0.3,0.5333333333333333,0.9496778178540429,72.71366369793044,4.248541568269717,30.879499396102347,0.01956100249676098,18.297420514784122,-0.00015376394957655748,0.004932971822952936,0.002005614850677273,1.2246467991473532e-16,-1.0,0.0,1.0
2026-08-03 13:00:00,1.0,0.4352070428107493,0.9836683287567415,1.0,0.0,0.3,0.5333333333333333,0.3502337119438335,71.76035214053746,4.2247901129437375,32.07580448140918,0.020688589235281257,16.405059046350843,-0.0002306902647397635,0.0009617826804930729,0.0019990215610529425,-0.2588190451025208,-0.9659258262890683,0.0,1.0
2026-08-03 14:00:00,1.0,0.4557002704900327,0.9759875856094192,1.0,0.0,0.3,0.5333333333333333,0.08962896677481651,72.78501352450164,4.201149038836851,33.25238509167309,0.02150275802928628,14.722084884603532,0.0006150558164819131,0.0002306016021655921,0.0018678005438935638,-0.4999999999999997,-0.8660254037844388,0.0,1.0
2026-08-03 15:00:00,1.0,0.417616730689962,0.9357004697283304,1.0,0.0,-0.3,0.5333333333333333,-0.014799340951750499,70.8808365344981,4.213099615729903,32.99343780481794,0.021233519661662852,11.501943384214883,-0.00042281023369383774,-3.844468195168815e-05,0.001692288372996655,-0.7071067811865471,-0.7071067811865479,0.0,1.0
2026-08-03 16:00:00,1.0,0.4801914127624272,0.9200240485122889,1.0,0.0,0.3,0.5333333333333333,0.6293408174532891,74.00957063812136,4.2519111972887025,33.23756689200482,0.02022034748892744,11.162349560179791,0.00180530424226788,0.0019975498250559554,0.0015708909938363586,-0.8660254037844384,-0.5000000000000004,0.0,1.0
2026-08-03 17:00:00,1.0,0.5057447246211854,0.91634264919639,1.0,0.0,0.15,0.5333333333333333,0.6718958134598694,75.28723623105927,4.248611393058398,33.93701811647241,0.02030511416802145,10.961328771790434,0.0008055730745137879,0.00218806708308783,0.0013852452085335834,-0.9659258262890683,-0.25881904510252063,0.0,1.0
2026-08-03 18:00:00,1.0,0.3553996578622673,0.7384695573683765,1.0,0.0,0.15,0.5333333333333333,0.3275172033770352,67.76998289311337,4.2567323498156275,33.758089518513124,0.019281202407228727,6.684569485770183,-0.0016886126306339122,0.0009222646861477557,0.001451307748817474,-1.0,-1.8369701987210297e-16,0.0,1.0
2026-08-03 19:00:00,1.0,0.3199175567120454,0.3098252676490854,1.0,0.0,-0.15,0.5333333333333333,-0.4639715415397797,65.99587783560227,4.214797812464822,33.59194153469379,0.017860990067647513,2.1681584783632957,-0.0004225990673507596,-0.0013056386234708839,0.0014716721849564705,-0.9659258262890684,0.2588190451025203,0.0,1.0
2026-08-03 20:00:00,1.0,0.3744292078153859,0.09154688551604567,1.0,0.0,-0.15,0.5333333333333333,-0.3082220361179222,68.7214603907693,4.188405308555555,33.53526359561876,0.016174250863327994,0.6051493428979029,0.0013056386234708839,-0.0008055730745137879,0.001471740799688727,-0.8660254037844386,0.5000000000000001,0.0,1.0
2026-08-03 21:00:00,1.0,0.4032166980377937,0.0025945218851625208,1.0,0.0,0.15,0.5333333333333333,0.5768778526436101,70.16083490188969,4.156568638691667,33.883854985152325,0.014174773362961367,0.016566590462190334,0.0007288797824553939,0.0016119193385755182,0.00147087166384412,-0.7071067811865477,0.7071067811865474,0.0,1.0
2026-08-03 22:00:00,1.0,0.41541490912677603,-0.10451488135272322,1.0,0.0,0.15,0.5333333333333333,0.7664875472891417,70.7707454563388,4.099185929447005,34.207546989719205,0.012165630231373577,-0.6324421630024375,0.00030673788338297925,0.002341256289309257,0.0014650464220127065,-0.5000000000000004,0.8660254037844384,0.0,1.0
2026-08-04 03:00:00,1.0,0.4198842845850493,-0.2683516881783602,1.0,0.0,0.1,0.5333333333333333,0.46789069271891237,70.99421422925246,4.0730302343088605,34.85792034639941,0.011774210517714554,-1.615713040202536,0.00010733603472701247,0.0011429537005653856,0.0011325454203902094,0.7071067811865475,0.7071067811865476,0.7818314824680298,0.6234898018587336
2026-08-04 04:00:00,1.0,0.5105555566591906,0.17810252594089493,1.0,0.0,0.1,0.5333333333333333,0.8397963157389287,75.52777783295953,4.102112822111685,35.86848000574511,0.011844615143913382,1.088557642002712,0.0024120199142263488,0.0028260938323363405,0.0012097272665206825,0.8660254037844386,0.5000000000000001,0.7818314824680298,0.6234898018587336
2026-08-04 05:00:00,1.0,0.4357534724798876,0.11822014366403528,1.0,0.0,0.1,0.5333333333333333,0.6591861042192088,71.78767362399438,4.069127895228119,36.80685683228041,0.011361394266897251,0.6949072883161733,-0.0007459560920413111,0.0017733998569120502,0.001243927258709256,0.9659258262890683,0.25881904510252074,0.7818314824680298,0.6234898018587336
2026-08-04 06:00:00,1.0,0.40126376824794474,-0.1656560924647322,1.0,0.0,0.1,0.5333333333333333,0.5415487502501998,70.06318841239724,4.041266369601678,37.127644773418076,0.010958712817216717,-0.9513225161398395,-0.0003444751954511105,0.0013215886267339272,0.0012417192178135286,1.0,6.123233995736766e-17,0.7818314824680298,0.6234898018587336
2026-08-04 07:00:00,1.0,0.404686144509707,-0.4446599276868884,1.0,0.0,-0.3,0.5333333333333333,-0.4531729693478137,70.23430722548535,3.9931796902921346,37.42551929018877,0.010419636857026661,-2.592184208779429,7.656029892899596e-05,-0.0010138709885634256,0.0012441512388111505,0.9659258262890683,-0.25881904510252063,0.7818314824680298,0.6234898018587336
2026-08-04 08:00:00,1.0,0.4400186417377077,-0.5053650843339906,1.0,0.0,0.3,0.5333333333333333,0.24872081190522582,72.00093208688538,3.972918554372457,37.89042425144575,0.009728728285096862,-2.957129698827572,0.000784405298412949,0.0005164904018908345,0.001241042295327863,0.8660254037844387,-0.4999999999999998,0.7818314824680298,0.6234898018587336
2026-08-04 09:00:00,1.0,0.4533137512168605,-0.5610584102742923,1.0,0.5,0.3,0.5333333333333333,0.5235700768046845,72.66568756084303,3.953729821265081,38.616651231158976,0.008173215018662095,-3.3069690197929305,0.0002982951308236892,0.0011592607281656342,0.0012050653108677998,0.7071067811865476,-0.7071067811865475,0.7818314824680298,0.6234898018587336
2026-08-04 10:00:00,1.0,0.6122103641524071,0.5723361916760543,1.0,0.0,0.3,0.5333333333333333,0.988734894873842,80.61051820762036,4.081986004378015,40.291822829289735,0.010182679786744194,3.857966519408123,0.0047682714795929115,0.00585097190882955,0.0013615528291683206,0.49999999999999994,-0.8660254037844387,0.7818314824680298,0.6234898018587336
2026-08-04 11:00:00,1.0,0.2396929776027784,-0.04415586774863352,1.0,0.0,0.15,0.5333333333333333,0.19474608834557933,61.98464888013892,4.172649107963609,41.84733931326829,0.01017231242116303,-0.28670112628917366,-0.0045771034423065515,0.0004894631681100492,0.0017670931356853145,0.258819045102521,-0.9659258262890682,0.7818314824680298,0.6234898018587336
2026-08-04 12:00:00,1.0,0.20471923133628495,-0.6082799615280823,1.0,0.0,-0.3,0.5333333333333333,-0.13916379509509635,60.23596156681425,4.162817886421186,42.73281386745869,0.009918970845641951,-4.537412803602223,-0.0005353626253565835,-0.0003441945880702235,0.0017739721719635174,1.2246467991473532e-16,-1.0,0.7818314824680298,0.6234898018587336
2026-08-04 13:00:00,1.0,0.22653979611061031,-0.7758304319529903,1.0,0.0,-0.3,0.5333333333333333,-0.9483479217786973,61.326989805530516,4.199648153469872,42.70343043568729,0.009555648041545912,-6.8983428907408495,0.0004971319414046604,-0.004615334126258475,0.0017710049307865154,-0.2588190451025208,-0.9659258262890683,0.7818314824680298,0.6234898018587336
2026-08-04 14:00:00,1.0,0.3455428348957287,-0.486662150846168,1.0,0.0,0.3,0.5333333333333333,0.8170101604209484,67.27714174478643,4.231636929322007,43.18416103255003,0.010040463366503388,-3.6595244372696243,0.0030538454439774654,0.0030156147600255423,0.001875531875658911,-0.4999999999999997,-0.8660254037844388,0.7818314824680298,0.6234898018587336
2026-08-04 15:00:00,1.0,0.1501982682100467,-0.7806991892367567,1.0,0.0,0.3,0.5333333333333333,0.15419219425344294,57.509913410502335,4.259442776116587,43.7258551779319,0.009406805530697603,-7.4107970409505555,-0.0031303111969158692,0.0004206661884662566,0.0020301934092687994,-0.7071067811865471,-0.7071067811865479,0.7818314824680298,0.6234898018587336
2026-08-04 16:00:00,1.0,0.23178382497053918,-0.7127092005693983,1.0,0.0,0.3,0.5333333333333333,0.6247366010737258,61.58919124852696,4.294382252127577,44.28780643804623,0.009545643764697694,-6.542092376919101,0.0021273881453414134,0.0020509223924030096,0.0020441980087358143,-0.8660254037844384,-0.5000000000000004,0.7818314824680298,0.6234898018587336
2026-08-04 17:00:00,1.0,0.24865897457031735,-0.640184906530538,1.0,0.0,-0.15,0.5333333333333333,-0.19030028134733906,62.43294872851587,4.3001288418370835,44.912572561536706,0.009832068409672816,-5.5907537898625606,0.0004615458051695498,-0.000541377246404906,0.0020410885999654687,-0.9659258262890683,-0.25881904510252063,0.7818314824680298,0.6234898018587336
2026-08-04 18:00:00,1.0,0.2812594281970286,-0.48936256575504944,1.0,0.0,0.15,0.5333333333333333,0.8464876061955774,64.06297140985143,4.292825298875898,45.56292647609567,0.009763333449188283,-3.916374074334911,0.0008843519839611957,0.003473285934472159,0.001991343757323471,-1.0,-1.8369701987210297e-16,0.7818314824680298,0.6234898018587336
2026-08-04 19:00:00,1.0,0.31308064818046943,-0.2617780168606513,1.0,0.0,0.15,0.5333333333333333,0.6809864053473649,65.65403240902347,4.250786347084945,46.16682653961471,0.00952283589788024,-1.880417262631596,0.0008759569436964654,0.002221854732827211,0.001984170949655865,-0.9659258262890684,0.2588190451025203,0.7818314824680298,0.6234898018587336
2026-08-04 20:00:00,1.0,0.35706351409660214,0.133055097352351,1.0,0.0,0.15,0.5333333333333333,0.8193692010070273,67.85317570483011,4.22796688381274,47.17344371310063,0.009909107579720118,0.9179033372040664,0.001255469063517367,0.003015777991175028,0.0019830873285916115,-0.8660254037844386,0.5000000000000001,0.7818314824680298,0.6234898018587336
2026-08-04 21:00:00,1.0,0.3663319902989127,0.34740927329350874,1.0,0.0,0.15,0.5333333333333333,0.7429917671470803,68.31659951494564,4.186955899737607,48.18165541172549,0.010291697113712825,2.386014853509735,0.00026610910630431306,0.0023975351135181455,0.001982549125717412,-0.7071067811865477,0.7071067811865474,0.7818314824680298,0.6234898018587336
2026-08-04 22:00:00,1.0,0.42499402219646754,0.683742371028003,1.0,0.0,0.15,0.5333333333333333,0.8680190080342393,71.24970110982338,4.172943937843053,49.44873712033093,0.011135222055191293,5.426866933464922,0.0017469575109192448,0.003268535680740925,0.0020034195395394615,-0.5000000000000004,0.8660254037844384,0.7818314824680298,0.6234898018587336
2026-08-05 03:00:00,1.0,0.45421154993180096,0.8435502597685506,1.0,0.0,0.1,0.5333333333333333,0.8365692692940226,72.71057749659005,4.162538519270103,50.956748643600584,0.011971016781327127,7.9223906720710175,0.0009367824296919736,0.0029498490469155314,0.002003140632752954,0.7071067811865475,0.7071067811865476,0.9749279121818236,-0.22252093395631434
2026-08-05 04:00:00,1.0,0.47681370278481156,0.9093679559228961,1.0,0.0,0.1,0.5333333333333333,0.8921741013107087,73.84068513924058,4.142620862114776,52.35704505806525,0.013255936526241833,9.595385110315831,0.000738945690804016,0.0034226856314152343,0.0019559116547428067,0.8660254037844386,0.5000000000000001,0.9749279121818236,-0.22252093395631434
2026-08-05 05:00:00,1.0,0.5002444957106829,0.9423691676421855,1.0,0.0,0.1,0.5333333333333333,0.7867320856450358,75.01222478553414,4.108856905565744,53.848441600525454,0.014305652171874197,10.707080825398549,0.0007762520293077557,0.0024519801498037452,0.001935536040110092,0.9659258262890683,0.25881904510252074,0.9749279121818236,-0.22252093395631434
2026-08-05 06:00:00,1.0,0.5172797349732897,0.9550453658902646,1.0,0.0,0.1,0.5333333333333333,0.7353523712803751,75.86398674866449,4.068907288922224,55.297962340266025,0.015074222807890279,11.033287694572323,0.0005676077755722986,0.0020828054956840703,0.0019241112857436974,1.0,6.123233995736766e-17,0.9749279121818236,-0.22252093395631434
2026-08-05 07:00:00,1.0,0.43709277851242234,0.9029907421360263,1.0,0.0,0.3,0.5333333333333333,0.22095751907179897,71.85463892562112,4.034757763654078,56.25781360920756,0.015200962102999751,8.41261028269372,-0.0008628911930124161,0.0004809686118676382,0.0019487093147474966,0.9659258262890683,-0.25881904510252063,0.9749279121818236,-0.22252093395631434
2026-08-05 08:00:00,1.0,0.4505344855299836,0.7885830754229318,1.0,0.0,0.3,0.5333333333333333,0.03474357915022765,72.52672427649918,4.052505094531623,55.37650672228651,0.01534381187161205,6.143544934411835,0.0003709830715283857,7.569965408826818e-05,0.0019482475800051918,0.8660254037844387,-0.4999999999999998,0.9749279121818236,-0.22252093395631434
2026-08-05 09:00:00,1.0,0.4776728697563465,0.6915189236437042,1.0,0.0,0.3,0.5333333333333333,0.11902530042690944,73.88364348781732,4.04059022636195,54.7563013123405,0.015484133520058063,4.837985627302373,0.0007491175518961057,0.00025720943041207533,0.0019480822387662356,0.7071067811865476,-0.7071067811865475,0.9749279121818236,-0.22252093395631434
2026-08-05 10:00:00,1.0,0.0952005270147734,-0.6903947407035608,1.0,0.0,-0.3,0.5333333333333333,-0.9198310531699995,54.76002635073867,4.146732114742495,51.776078959655614,0.015473928467303569,-5.366139970958372,-0.004928733059131218,-0.003808632435706727,0.00204680103858689,0.49999999999999994,-0.8660254037844387,0.9749279121818236,-0.22252093395631434
2026-08-05 11:00:00,0.3333333333333333,-0.024075739641395442,-0.9862988904703605,1.0,0.0,-0.15,0.5333333333333333,-0.9892376931266892,48.79621301793023,4.15994453638428,48.4484479921344,0.014766782782584663,-15.94187742411036,-0.0021687443105253834,-0.006348359817760496,0.0018173900649222656,0.258819045102521,-0.9659258262890682,0.9749279121818236,-0.22252093395631434
2026-08-05 12:00:00,0.3333333333333333,-0.07363509648887956,-0.9990250484944557,1.0,0.0,-0.3,0.5333333333333333,-0.9975828324336845,46.31824517555602,4.149783321206197,45.81291702707852,0.013948279106756459,-24.181454014013468,-0.0009908159798435179,-0.00808829334950012,0.0018296918611747975,1.2246467991473532e-16,-1.0,0.9749279121818236,-0.22252093395631434
2026-08-05 13:00:00,0.3333333333333333,-0.13205528125082708,-0.999903175645924,1.0,0.0,-0.3,0.5333333333333333,-0.9519073943212882,43.397235937458646,4.128818842045684,43.67979065962399,0.013506386088978537,-30.852629571494205,-0.00122081504556526,-0.004380375335934161,0.0018532720514182859,-0.2588190451025208,-0.9659258262890683,0.9749279121818236,-0.22252093395631434
2026-08-05 14:00:00,0.3333333333333333,0.01980702289621618,-0.9998021186892941,1.0,0.0,0.3,0.5333333333333333,0.23083181606088432,50.99035114481081,4.155930980697288,40.880635738692966,0.01334369086705376,-29.41987361601754,0.0027828093818538235,0.0005711783564450457,0.0018312062613010623,-0.4999999999999997,-0.8660254037844388,0.9749279121818236,-0.22252093395631434
2026-08-05 15:00:00,0.3333333333333333,-0.009593096297462864,-0.9997798057990789,1.0,0.0,0.3,0.5333333333333333,0.3929344634693971,49.52034518512686,4.1369335346286125,38.10117019859898,0.01236039397516855,-28.5317383951243,-0.0005711783564450457,0.0009908159798435179,0.0016795384339112719,-0.7071067811865471,-0.7071067811865479,0.9749279121818236,-0.22252093395631434
2026-08-05 16:00:00,0.3333333333333333,0.035713004221208704,-0.9994754957624061,1.0,0.0,0.3,0.5333333333333333,0.8621620735604009,51.785650211060435,4.127061731113403,35.423704127897565,0.011886183063518817,-25.56056288635454,0.0008642565742675856,0.0030758875996763635,0.001625732955521792,-0.8660254037844384,-0.5000000000000004,0.9749279121818236,-0.22252093395631434
2026-08-05 17:00:00,0.3333333333333333,-0.11774372899969776,-0.9996730006045956,1.0,0.0,-0.15,0.5333333333333333,-0.8178505503265342,44.11281355001511,4.1640498943578805,33.83176949342118,0.012176092077426327,-28.043838419519666,-0.0031140620953014064,-0.0028209838774788665,0.0017765771651973982,-0.9659258262890683,-0.25881904510252063,0.9749279121818236,-0.22252093395631434
2026-08-05 18:00:00,0.3333333333333333,-0.20050044394751323,-0.9998801233949913,0.5,0.0,-0.15,0.5333333333333333,-0.9361088367131448,39.97497780262434,4.184565962672738,33.01478280451857,0.013322872521885142,-31.92019625661574,-0.002025336496823016,-0.004275142017856837,0.0018145872683497963,-1.0,-1.8369701987210297e-16,0.9749279121818236,-0.22252093395631434
2026-08-05 19:00:00,0.3333333333333333,-0.10566847985240116,-0.9998186336142921,0.5,0.0,-0.15,0.5333333333333333,-0.8820896661514492,44.71657600737994,4.170693552931127,32.25615230768043,0.01390196064467409,-30.139622371941336,0.0017198880579627485,-0.003419510534161674,0.001850325440736111,-0.9659258262890684,0.2588190451025203,0.9749279121818236,-0.22252093395631434
2026-08-05 20:00:00,0.3333333333333333,-0.0732070177836438,-0.9996172553278608,-1.0,0.0,0.15,0.5333333333333333,0.12761066862438566,46.33964911081781,4.13274599121817,31.219936159199804,0.014343157142528084,-26.688751857037396,0.0006108036074614631,0.0003053551686011957,0.0018299576650585713,-0.8660254037844386,0.5000000000000001,0.9749279121818236,-0.22252093395631434
2026-08-05 21:00:00,0.3333333333333333,-0.08406684408814627,-0.9993578504519374,-1.0,0.0,0.15,0.5333333333333333,0.7318631142150138,45.79665779559269,4.076975141614377,30.2121524652537,0.014777027632291368,-23.715031647941892,-0.00022900763458899576,0.002101684030835216,0.0018268430998166344,-0.7071067811865477,0.7071067811865474,0.9749279121818236,-0.22252093395631434
2026-08-05 22:00:00,0.3333333333333333,-0.07726981200162371,-0.9986787629942732,-1.0,0.0,0.15,0.5333333333333333,0.22734190487055458,46.136509399918815,4.028622910192965,29.327737858776146,0.014991490580794405,-20.567857005246296,0.00011451037285681309,0.0004963063457292805,0.0017702874677301013,-0.5000000000000004,0.8660254037844384,0.9749279121818236,-0.22252093395631434
2026-08-06 03:00:00,0.3333333333333333,-0.054020933969794245,-0.9958399956253629,-1.0,0.0,0.1,0.5333333333333333,0.12287037749856884,47.29895330151029,4.008482326191252,27.971223578975092,0.014893204894349938,-16.996106158646842,0.00037397586383569603,0.00025947860210351337,0.0017540927541171824,0.7071067811865475,0.7071067811865476,0.43388373911755823,-0.900968867902419
2026-08-06 04:00:00,0.3333333333333333,-0.10092953989817062,-0.9925769691952063,-1.0,0.0,-0.1,0.5333333333333333,-0.1661912796730597,44.95352300509147,4.0045007465640925,27.16934684633775,0.014632441373014443,-15.336140399769274,-0.0008397331668934527,-0.00035124693020094355,0.0017392895200463413,0.8660254037844386,0.5000000000000001,0.43388373911755823,-0.900968867902419
2026-08-06 05:00:00,0.3333333333333333,0.006396727860694256,-0.960513119478796,-1.0,0.0,0.1,0.5333333333333333,0.5301520540022174,50.31983639303471,4.002095690567985,26.061430376213785,0.013743075514083611,-10.682633834468717,0.0016978224264985187,0.001232065123440762,0.001783760130638763,0.9659258262890683,0.25881904510252074,0.43388373911755823,-0.900968867902419
2026-08-06 06:00:00,1.0,0.02718140140833931,-0.8021146622508919,0.5,0.0,0.1,0.5333333333333333,0.6816204454510869,52.71814014083393,3.9679508748167542,24.58216880375903,0.012368967442570407,-5.840236774348648,0.0008192645749094396,0.0016773538345145056,0.001791481568381571,1.0,6.123233995736766e-17,0.43388373911755823,-0.900968867902419
2026-08-06 07:00:00,1.0,0.004024897936419691,-0.615641783648002,0.5,0.0,0.3,0.5333333333333333,0.7215479804184927,50.40248979364197,3.9435063219518796,23.110884235477524,0.011078405794890596,-3.7045975707131857,-0.0007239667596348198,0.0017931202417731384,0.0017896255637711383,0.9659258262890683,-0.25881904510252063,0.43388373911755823,-0.900968867902419
2026-08-06 08:00:00,0.3333333333333333,-0.04957835376284734,-0.7451563764918266,0.5,-0.5,-0.3,0.5333333333333333,-0.684167674392742,45.042164623715266,3.9913485807794395,22.816517929727862,0.009343008575599639,-5.206960679664823,-0.0018236692844446623,-0.0017283714691700425,0.001811184055630386,0.8660254037844387,-0.4999999999999998,0.43388373911755823,-0.900968867902419
2026-08-06 09:00:00,0.3333333333333333,-0.021347027993336168,-0.6683582674752627,0.5,-0.5,-0.3,0.5333333333333333,-0.669759179196411,47.86529720066638,3.9990677791422504,22.65490390131584,0.005876242450739334,-4.406165552209055,0.0008626514469085578,-0.0016849845971709243,0.0018152975411360917,0.7071067811865476,-0.7071067811865475,0.43388373911755823,-0.900968867902419
2026-08-06 10:00:00,0.3333333333333333,-0.09890886004075859,-0.9013801786357089,0.5,-0.5,-0.3,0.5333333333333333,-0.944329335444227,40.10911399592414,4.071605344762661,23.388570815473894,0.005736482819743307,-8.677606566896369,-0.003018714486820784,-0.003979732324356888,0.0016047222864256818,0.49999999999999994,-0.8660254037844387,0.43388373911755823,-0.900968867902419
2026-08-06 11:00:00,0.3333333333333333,-0.02270369672910519,-0.7885973814955882,0.5,-0.5,0.15,0.5333333333333333,0.15335854530863224,47.72963032708948,4.128819081046224,24.25251052317324,0.005567218072525423,-6.630971659501616,0.00252258997229049,0.00036652693237826384,0.001665671713406141,0.258819045102521,-0.9659258262890682,0.43388373911755823,-0.900968867902419
2026-08-06 12:00:00,0.3333333333333333,-0.0038733506161694464,-0.5496767481113827,0.5,0.5,0.3,0.5333333333333333,0.08155984745120425,49.612664938383055,4.113632362122843,24.61696811477981,0.00553323930580763,-3.779711686891929,0.0006868761145604196,0.0001907516000301257,0.001661187492756658,1.2246467991473532e-16,-1.0,0.43388373911755823,-0.900968867902419
2026-08-06 13:00:00,0.3333333333333333,-0.004940370277641577,-0.2917492646762497,-1.0,0.5,0.3,0.5333333333333333,0.8860110324499962,49.50596297223584,4.080185881326573,24.750006191835503,0.005516470178551407,-1.7775169558783208,-3.814740922436499e-05,0.0031713186776265445,0.0016372779559510962,-0.2588190451025208,-0.9659258262890683,0.43388373911755823,-0.900968867902419
2026-08-06 14:00:00,0.3333333333333333,-0.05788619635057429,-0.2863391297921086,-1.0,-0.5,-0.3,0.5333333333333333,-0.08403376096417477,47.105690182471285,4.0836134317076205,25.30235054697382,0.005136003184586587,-1.7485778449112068,-0.0008396113856026233,-0.00019088268026656863,0.0015127705366283811,-0.4999999999999997,-0.8660254037844388,0.43388373911755823,-0.900968867902419
2026-08-06 15:00:00,0.3333333333333333,-0.11855406906184669,-0.5082212321611262,-1.0,-0.5,-0.3,0.5333333333333333,-0.6946046149127839,44.072296546907666,4.105795969187907,26.135057982778022,0.005037553856644791,-3.4006924484066055,-0.0011078386439287158,-0.001985597438755704,0.001525387331124455,-0.7071067811865471,-0.7071067811865479,0.43388373911755823,-0.900968867902419
2026-08-06 16:00:00,0.3333333333333333,-0.04835846389835339,-0.36339919861731795,-1.0,-0.5,-0.3,0.5333333333333333,-0.35298546980480866,47.58207680508233,4.132859252107216,27.312504151469433,0.004295746666088045,-2.3744946716128457,0.0010696577351421155,-0.0008777922943892236,0.0015334185243483386,-0.8660254037844384,-0.5000000000000004,0.43388373911755823,-0.900968867902419
2026-08-06 17:00:00,0.3333333333333333,-0.009377446340340044,-0.07781464345516041,-1.0,0.5,0.15,0.5333333333333333,0.23715812770926203,49.531127682983,4.127857022562021,27.180914106291304,0.004306795814362596,-0.48377757770247953,0.0006107196757572098,0.0005725387669706095,0.001374207174819066,-0.9659258262890683,-0.25881904510252063,0.43388373911755823,-0.900968867902419
2026-08-06 18:00:00,0.3333333333333333,-0.07207961290555161,-0.13998720533820241,0.5,-0.5,0.15,0.5333333333333333,0.26189701841234503,46.39601935472242,4.14944432129954,27.547376198298746,0.003904221825021331,-0.8933679558723693,-0.0010308059141816983,0.0006495714967176269,0.001312842413931166,-1.0,-1.8369701987210297e-16,0.43388373911755823,-0.900968867902419
2026-08-06 19:00:00,0.3333333333333333,-0.030455547116978607,0.0036918222675430263,1.0,-0.5,0.15,0.5333333333333333,0.08036165126225106,48.47722264415107,4.128497390260065,27.887662426591373,0.003882688089452607,0.022920621695705634,0.0006109762062092017,0.00019088996778471312,0.0012620101264861822,-0.9659258262890684,0.2588190451025203,0.43388373911755823,-0.900968867902419
2026-08-06 20:00:00,0.3333333333333333,-0.042960499150542404,0.06418079468723521,1.0,-0.5,-0.15,0.5333333333333333,-0.2628790017316662,47.85197504247288,4.084894492577517,28.049012820048343,0.003892983814810901,0.38198789994515003,-0.00019088996778471312,-0.0006107196757572098,0.0012548488649864076,-0.8660254037844386,0.5000000000000001,0.43388373911755823,-0.900968867902419
2026-08-06 21:00:00,0.3333333333333333,-0.053478170811881116,0.0762659238672106,1.0,-0.5,0.15,0.5333333333333333,0.12209281902567867,47.326091459405944,4.043882582239232,28.166193291485392,0.003915337906701316,0.4359237990221505,-0.00015273821463424042,0.00026734802379024813,0.0012543077679535374,-0.7071067811865477,0.7071067811865474,0.43388373911755823,-0.900968867902419
2026-08-06 22:00:00,0.3333333333333333,-0.08593259487111311,-0.03852711202557833,1.0,-0.5,-0.15,0.5333333333333333,-0.3585174438464957,45.703370256444344,4.024862106739231,28.692899721966683,0.003996210829806277,-0.2157530170013029,-0.00045835466758248344,-0.000801982850001437,0.0012576145425655992,-0.5000000000000004,0.8660254037844384,0.43388373911755823,-0.900968867902419
2026-08-07 03:00:00,0.3333333333333333,-0.11533280196754987,-0.2136450341506922,0.5,-0.5,-0.1,0.5333333333333333,-0.45042129438614664,44.23335990162251,4.011536895799121,29.48698374597024,0.004122006240505682,-1.198459295972631,-0.0004126989037978035,-0.0010237917860145274,0.0012560068216809907,0.7071067811865475,0.7071067811865476,-0.433883739117558,-0.9009688679024191
2026-08-07 04:00:00,0.3333333333333333,-0.10893088438257024,-0.276346381695741,0.5,-0.5,-0.1,0.5333333333333333,-0.37079647874131233,44.55345578087149,3.9878087256749044,29.96148607055199,0.004233027219138113,-1.5302992469617642,6.879497952283486e-05,-0.0008022585918574521,0.0012437509565412113,0.8660254037844386,0.5000000000000001,-0.433883739117558,-0.9009688679024191
2026-08-07 05:00:00,0.3333333333333333,-0.09168548916955245,-0.2356457135370845,0.5,-0.5,-0.1,0.5333333333333333,-0.08402627622564446,45.41572554152238,3.9558695542740256,30.402095371949333,0.004080786871467672,-1.2546158741543447,0.00017578789325156663,-0.000168116031023402,0.0011764085006007023,0.9659258262890683,0.25881904510252074,-0.433883739117558,-0.9009688679024191
2026-08-07 06:00:00,0.3333333333333333,-0.07370350028644268,-0.12274758641850173,0.5,-0.5,0.1,0.5333333333333333,0.21896095722568643,46.314824985677866,3.900433691926553,30.81123258038972,0.003462111290073416,-0.609740906261905,0.0001757569973008799,0.0004203398700752814,0.0011580672282152278,1.0,6.123233995736766e-17,-0.433883739117558,-0.9009688679024191
2026-08-07 07:00:00,0.3333333333333333,-0.06916820301752197,0.0022595114632248457,0.5,-0.5,0.3,0.5333333333333333,0.2130061262511779,46.5415898491239,3.863148482013831,30.877494603180317,0.003043263079246907,0.010758689073817607,4.202427093247252e-05,0.00039356916148491905,0.0011507529890922475,0.9659258262890683,-0.25881904510252063,-0.433883739117558,-0.9009688679024191
2026-08-07 08:00:00,0.3333333333333333,-0.07452623786825796,0.0903135563943915,0.5,-0.5,0.3,0.5333333333333333,0.09160939698332476,46.2736881065871,3.8460287949811427,30.080410002358562,0.0030575494042933316,0.4238839782427313,-5.3485742242287415e-05,0.000164295525991065,0.0010779781848060798,0.8660254037844387,-0.4999999999999998,-0.433883739117558,-0.9009688679024191
2026-08-07 09:00:00,1.0,0.0232192058474827,0.44331962276491854,0.5,0.5,0.3,0.5333333333333333,0.445728822611676,51.160960292374135,3.8398955087702356,28.988930578836584,0.00295942647550161,2.216032173785667,0.0008630632404909022,0.0008516017691810873,0.0010779960126446942,0.7071067811865476,-0.7071067811865475,-0.433883739117558,-0.9009688679024191
2026-08-07 10:00:00,1.0,0.263344545240638,0.9215115706169863,0.5,0.5,0.3,0.5333333333333333,0.9558813824664583,63.1672272620319,3.9288351312683076,28.301509985222037,0.0037083754076236786,8.130336172365835,0.0028664345881512787,0.0036760120863998935,0.0010190872566723577,0.49999999999999994,-0.8660254037844387,-0.433883739117558,-0.9009688679024191
2026-08-07 11:00:00,1.0,0.3815670537818721,0.9931824655324655,0.5,0.5,0.15,0.5333333333333333,0.9937834440692423,69.0783526890936,3.964913946124583,28.17136048147991,0.005873779153578473,14.965970125806091,0.002064682694491893,0.005794180523134074,0.0009697761471212812,0.258819045102521,-0.9659258262890682,-0.433883739117558,-0.9009688679024191
2026-08-07 12:00:00,1.0,0.40267069597496685,0.9987770737200415,0.5,0.5,0.3,0.5333333333333333,0.9910955400581505,70.13353479874834,3.9508377658882488,28.26980395429766,0.007515920167246368,19.22970706849304,0.0004215379361109939,0.005352655218754165,0.000965253518691211,1.2246467991473532e-16,-1.0,-0.433883739117558,-0.9009688679024191
2026-08-07 13:00:00,1.0,0.46832747203375275,0.9997697191133209,0.5,0.0,0.3,0.5333333333333333,0.9640225419375736,73.41637360168764,3.938700589756867,28.936257457708933,0.009457036906143223,23.286111054582896,0.0014152189595879605,0.003901439590190847,0.0009978256878500325,-0.2588190451025208,-0.9659258262890683,-0.433883739117558,-0.9009688679024191
2026-08-07 14:00:00,1.0,0.39610896523534367,0.9997951792731895,0.5,0.0,0.3,0.5333333333333333,0.5557852173840723,69.80544826176718,3.93612143572877,29.789687891629526,0.010623599897164751,23.526218822328623,-0.0006182005252473033,0.001218556370451651,0.0009855891190034911,-0.4999999999999997,-0.8660254037844388,-0.433883739117558,-0.9009688679024191
2026-08-07 15:00:00,1.0,0.5095769892698356,0.9999002196209595,0.5,0.0,0.3,0.5333333333333333,0.9351681715018205,75.47884946349178,3.9944640352268177,31.320779663707658,0.012515396124708856,26.89218378090075,0.0026975537587912157,0.003494572193131873,0.0010603295915010587,-0.7071067811865471,-0.7071067811865479,-0.433883739117558,-0.9009688679024191
2026-08-07 16:00:00,1.0,0.2268157922233685,0.999184270785601,0.5,0.0,-0.3,0.5333333333333333,-0.4294896309435906,61.340789611168425,4.04387487838436,32.22771575569111,0.012993461315079415,22.260203097642464,-0.003073211876381876,-0.0009938586428379637,0.001318196826725486,-0.8660254037844384,-0.5000000000000004,-0.433883739117558,-0.9009688679024191
2026-08-07 17:00:00,1.0,0.29502624381366505,0.9976428609525302,1.0,0.0,0.15,0.5333333333333333,0.44439758603015167,64.75131219068325,4.106073775283199,32.08740354794653,0.013811177926561053,20.46546526592954,0.0014752593386049284,0.001099601221014268,0.0013428291946614242,-0.9659258262890683,-0.25881904510252063,-0.433883739117558,-0.9009688679024191
2026-08-07 18:00:00,1.0,0.12734746006948428,0.9801839509875495,1.0,0.0,-0.15,0.5333333333333333,-0.9328777967446928,56.36737300347421,4.11683108535589,31.957113640755136,0.01381027527459853,14.127491625755923,-0.0023105607411189055,-0.003908513278895853,0.0014388625910519786,-1.0,-1.8369701987210297e-16,-0.433883739117558,-0.9009688679024191
2026-08-07 19:00:00,1.0,0.08991479541895543,0.8780463028894385,1.0,0.0,-0.15,0.5333333333333333,-0.5504805913517835,54.49573977094777,4.09045387899319,31.074450487958817,0.013750045331487456,8.17118420728562,-0.0005699239875696094,-0.0014052253900835865,0.0014487763545942753,-0.9659258262890684,0.2588190451025203,-0.433883739117558,-0.9009688679024191
2026-08-07 20:00:00,1.0,0.10485233605685294,0.6215233308396346,1.0,0.0,-0.15,0.5333333333333333,-0.8358685428311101,55.24261680284265,4.04426752416653,30.25483470321938,0.013627732298437695,4.151702082001542,0.0002660049492604344,-0.0026144797794280805,0.0014455332947028968,-0.8660254037844386,0.5000000000000001,-0.433883739117558,-0.9009688679024191
2026-08-07 21:00:00,1.0,0.08566226980335685,0.11790849020981573,1.0,0.0,-0.15,0.5333333333333333,-0.2652090849491308,54.28311349016784,4.011094665930123,29.135144097784973,0.013379607598092563,0.6539825605392409,-0.0002660049492604344,-0.0005699239875696094,0.001447390743843654,-0.7071067811865477,0.7071067811865474,-0.433883739117558,-0.9009688679024191
2026-08-07 22:00:00,1.0,0.19152035832133463,0.21657853079669512,1.0,0.0,0.15,0.5333333333333333,0.7015486252995684,59.57601791606673,4.0306875866570975,29.212680042050064,0.01317877394278112,1.2389485831951745,0.0018605504241318016,0.0018605504241318016,0.001481118159945378,-0.5000000000000004,0.8660254037844384,-0.433883739117558,-0.9009688679024191
2026-08-10 03:00:00,1.0,0.03553229561605775,-0.41557300037711575,1.0,0.0,-0.1,0.5333333333333333,-0.28919730893680695,51.77661478080289,4.056611683355755,28.886333679864116,0.012489600233200353,-2.555697114876459,-0.0022482843522855234,-0.0006537388774141561,0.0015844253906765098,0.7071067811865475,0.7071067811865476,0.0,1.0
2026-08-10 04:00:00,1.0,0.12963657224803982,-0.36648671074886413,0.5,0.0,0.1,0.5333333333333333,0.5446335778710143,56.48182861240199,4.05416311925851,28.58329777212002,0.011801922025686152,-2.2153244084563966,0.001724642678174959,0.0013369087500212373,0.0016166961787079897,0.8660254037844386,0.5000000000000001,0.0,1.0
2026-08-10 05:00:00,1.0,0.09344693333666981,-0.5123974730268105,0.5,0.0,-0.1,0.5333333333333333,-0.4715432774933779,54.67234666683349,4.005096658351687,28.301907286357647,0.010921954020407297,-3.105910531910048,-0.0005429036365516282,-0.0010665453106621925,0.001628608933839749,0.9659258262890683,0.25881904510252074,0.0,1.0
2026-08-10 06:00:00,1.0,0.1371631079544693,-0.4369146214825459,0.5,0.0,0.1,0.5333333333333333,0.7579727505785399,56.858155397723465,3.9617687267599027,28.13078345267082,0.009953183541436345,-2.4615092749467635,0.0007971697102888697,0.0019789087519122006,0.0016318473778045945,1.0,6.123233995736766e-17,0.0,1.0
2026-08-10 07:00:00,1.0,0.15266908304716026,-0.334562186180404,0.5,0.0,0.3,0.5333333333333333,0.27306967824288675,57.63345415235801,3.918505490722485,28.259541925870682,0.008722660550890578,-1.7510981946735704,0.0002807560703494971,0.0005350221440867386,0.0016304210943667468,0.9659258262890683,-0.25881904510252063,0.0,1.0
2026-08-10 08:00:00,1.0,0.16683253132426998,-0.22260964534560682,0.5,0.5,0.3,0.5333333333333333,0.6199331193031756,58.3416265662135,3.8742132884150005,28.60960420939787,0.007005780471421116,-1.0899991491323107,0.00024654505166665786,0.0013244708323050247,0.0016278671564418615,0.8660254037844387,-0.4999999999999998,0.0,1.0
2026-08-10 09:00:00,1.0,0.13051457275984815,-0.33115364333428765,0.5,0.5,0.3,0.5333333333333333,0.048016830851463896,56.52572863799241,3.868343502115209,27.887023923922076,0.005067599217247537,-1.6470792225656083,-0.00044003065751141435,8.727046450474063e-05,0.0016330588213948568,0.7071067811865476,-0.7071067811865475,0.0,1.0
2026-08-10 10:00:00,1.0,0.19170857485888448,-0.10613554887011258,0.5,0.5,0.3,0.5333333333333333,0.40556064559523713,59.585428742944224,3.8925772414105957,27.524499536093224,0.004544328227745076,-0.5224255907168427,0.0009935872728092932,0.0008001016669645367,0.0015286507053522832,0.49999999999999994,-0.8660254037844387,0.0,1.0
2026-08-10 11:00:00,1.0,0.23779249830461666,0.24554943114477992,0.5,0.5,0.15,0.5333333333333333,0.6082152761282967,61.88962491523083,3.9175539037957448,27.519111382206113,0.004791410174610914,1.260307040588728,0.000791887176625039,0.0013454437919229179,0.001472791318680756,0.258819045102521,-0.9659258262890682,0.0,1.0
2026-08-10 12:00:00,1.0,0.25315106466219517,0.46182662447744166,0.5,0.5,0.3,0.5333333333333333,0.7981137994743078,62.65755323310976,3.901546957494037,27.967872506300306,0.005101743611025277,2.472119027541531,0.00026508524539359257,0.0020505596948279248,0.001471660704956365,1.2246467991473532e-16,-1.0,0.0,1.0
2026-08-10 13:00:00,1.0,0.2810120040576621,0.620238410007775,0.5,0.5,0.3,0.5333333333333333,0.6708367997460511,64.0506002028831,3.9067607735385166,28.833751553978473,0.0055177739342905695,3.607926520076731,0.00047319180103322367,0.0015301642230518553,0.0014434099617017693,-0.2588190451025208,-0.9659258262890683,0.0,1.0
2026-08-10 14:00:00,1.0,0.23727037442386945,0.5691900769753946,0.5,0.0,0.3,0.5333333333333333,0.17381407669850502,61.86351872119347,3.87963046207812,29.56343610670865,0.005778018830358421,3.128616668311416,-0.0004163969610182505,0.0003218800854085657,0.001438895864727546,-0.4999999999999997,-0.8660254037844388,0.0,1.0
2026-08-10 15:00:00,1.0,0.14148937736869968,0.15466040205941825,1.0,0.5,-0.3,0.5333333333333333,-0.4520362820652899,57.074468868434984,3.8802112036522654,29.062046830687336,0.005356685599280856,0.7551489595427157,-0.0009507918614826139,-0.0008939970214676407,0.0013185150187947116,-0.7071067811865471,-0.7071067811865479,0.0,1.0
2026-08-10 16:00:00,0.3333333333333333,-0.06400528950692888,-0.7775013959801901,1.0,-0.5,-0.3,0.5333333333333333,-0.964294196547891,46.799735524653556,3.931892529356313,27.024444067136837,0.005506311560272925,-5.299364452552865,-0.0025082118149093446,-0.003875400637410209,0.001255609372389743,-0.8660254037844384,-0.5000000000000004,0.0,1.0
2026-08-10 17:00:00,1.0,0.04445573000716891,-0.8542267939287511,1.0,0.5,-0.15,0.5333333333333333,-0.7636281594764367,52.222786500358445,3.955963816796965,25.13238435812566,0.005413598348668187,-6.643528908485806,0.0014692625010450655,-0.001989741175346893,0.0012552256389916979,-0.9659258262890683,-0.25881904510252063,0.0,1.0
2026-08-10 18:00:00,0.3333333333333333,0.0010505252612185245,-0.9231139388116364,0.5,-0.5,-0.15,0.5333333333333333,-0.6714964155564932,50.10505252612185,3.9512414227935917,23.375471771186707,0.0053306206380355214,-8.370359405812739,-0.0005654295042987201,-0.0016043788181629992,0.0011460281228268512,-1.0,-1.8369701987210297e-16,0.0,1.0
2026-08-10 19:00:00,0.3333333333333333,-0.010428781012157629,-0.9562951590313762,0.5,-0.5,0.15,0.5333333333333333,0.297558997599551,48.95712189878424,3.941440948996738,22.301298266575035,0.005143991542818953,-9.78709463370856,-0.00030371827326725054,0.0006001147234790949,0.0011401876235927325,-0.9659258262890684,0.2588190451025203,0.0,1.0
2026-08-10 20:00:00,0.3333333333333333,-0.026492581105941822,-0.9766931627490756,0.5,-0.5,-0.15,0.5333333333333333,-0.5900878390995096,47.35074188940582,3.9123168219169626,21.303851440864197,0.00508990513457101,-11.10434677564092,-0.00041776330139242646,-0.001286911078958397,0.001143501049115537,-0.8660254037844386,0.5000000000000001,0.0,1.0
2026-08-10 21:00:00,0.3333333333333333,-0.019813268606061172,-0.9828648188857382,0.5,-0.5,-0.15,0.5333333333333333,-0.30509710222964537,48.01867313939388,3.862819268915143,20.377650816989846,0.0049313757420599855,-11.30761830291167,0.00015193412165714903,-0.000569547453002528,0.0011419680184509254,-0.7071067811865477,0.7071067811865474,0.0,1.0
2026-08-10 22:00:00,0.3333333333333333,-0.001306834837325681,-0.9774033406410709,0.5,-0.5,0.15,0.5333333333333333,0.10847152643090079,50.065341741866284,3.8267633156872813,18.956480288672815,0.004972822070654052,-10.265698873010187,0.0004556639101895854,0.000189834730454308,0.0010641997001884658,-0.5000000000000004,0.8660254037844384,0.0,1.0
2026-08-11 03:00:00,1.0,-0.03637779275642629,-0.956764789355444,0.5,-0.5,0.1,,0.5256346811757396,51.818889637821314,3.807262249005234,17.83863091224143,0.004559390844441311,-8.58302943693247,0.0003909459993955977,0.0009985440312423322,0.0009308735474522268,0.7071067811865475,0.7071067811865476,0.7818314824680298,0.6234898018587336
2026-08-11 04:00:00,1.0,-0.07801595254330294,-0.8918595238095489,0.5,0.5,0.1,,0.6462466758398755,53.90079762716515,3.806743382353937,17.654914258633596,0.004529116163905096,-6.439760834801525,0.0004666576960854485,0.0013132676056706316,0.0008542980521940619,0.8660254037844386,0.5000000000000001,0.7818314824680298,0.6234898018587336
2026-08-11 05:00:00,1.0,-0.09647453960293888,-0.78285847152559,0.5,0.5,0.1,,0.5706047173003144,54.823726980146944,3.7654226236871597,17.484320223140603,0.00440787781490786,-4.5458156431565,0.0002048053408252315,0.0010624090363062777,0.0008441209538264612,0.9659258262890683,0.25881904510252074,0.7818314824680298,0.6234898018587336
2026-08-11 06:00:00,1.0,-0.07712176290461699,-0.6931811193041749,-1.0,-0.5,0.1,,0.30902396656967823,53.85608814523085,3.7213213575878585,17.329044227575626,0.0043910961622005,-3.5288593099718923,-0.000170668204358293,0.000500794832552387,0.0008277787687299944,1.0,6.123233995736766e-17,0.7818314824680298,0.6234898018587336
2026-08-11 07:00:00,1.0,-0.1355442011292773,-0.4200649086170626,-1.0,0.5,0.3,,0.39755121624043277,56.777210056463865,3.6930607310711054,17.47689643378289,0.00441723164491856,-1.7985880421501417,0.0006066879951909243,0.0006408251316578628,0.0008363287367744193,0.9659258262890683,-0.25881904510252063,0.7818314824680298,0.6234898018587336
2026-08-11 08:00:00,1.0,-0.0622228233575575,-0.42057730023405365,-1.0,-0.5,-0.3,,-0.11898765615852692,53.111141167877875,3.6715494678181284,17.241424926677777,0.0044173605831407635,-1.7627579004670775,-0.0006142739248087281,-0.0001782541339760968,0.0008470675951284782,0.8660254037844387,-0.4999999999999998,0.7818314824680298,0.6234898018587336
2026-08-11 09:00:00,1.0,-0.08154038850201857,-0.3427636642922624,0.5,0.5,0.3,,0.11604518577817592,54.07701942510093,3.6968228987396357,16.024675620166636,0.004404190772947138,-1.4402785167225822,0.00018583871149679965,0.00017825278187899585,0.0008417284477169978,0.7071067811865476,-0.7071067811865475,0.7818314824680298,0.6234898018587336
2026-08-11 10:00:00,0.3333333333333333,0.21178903058605938,-0.8845983389191653,0.5,0.0,-0.3,,-0.9644265676181745,39.41054847069703,3.841979133300668,16.79971981326378,0.005089080791467649,-6.51027367598177,-0.0031221182822740445,-0.003550553495585973,0.0010658399928500084,0.49999999999999994,-0.8660254037844387,0.7818314824680298,0.6234898018587336
2026-08-11 11:00:00,0.3333333333333333,0.2531854803798849,-0.9788619598626884,0.5,0.0,-0.15,,-0.9655270523272715,37.340725981005754,3.827599541146213,17.519403706853986,0.005691090591685682,-10.429295244328358,-0.0005936208763568374,-0.0035299004471340822,0.0010441262261534875,0.258819045102521,-0.9659258262890682,0.7818314824680298,0.6234898018587336
2026-08-11 12:00:00,0.3333333333333333,0.1440923192868965,-0.9814679242820807,0.5,0.0,-0.3,,-0.9150221400451103,42.795384035655175,3.826585394528768,18.53209812467493,0.005661330832584945,-10.72373669001388,0.0010005802678065834,-0.0027151588908242985,0.001075684891803183,1.2246467991473532e-16,-1.0,0.7818314824680298,0.6234898018587336
2026-08-11 13:00:00,0.3333333333333333,0.06724534952089357,-0.9624656468587028,0.5,0.0,0.3,,0.5863475342132206,46.63773252395532,3.8281315986730204,18.278759952978877,0.005147014901403043,-9.095772611660049,0.0007678273145970138,0.0011747867060467598,0.001087527577216025,-0.2588190451025208,-0.9659258262890683,0.7818314824680298,0.6234898018587336
2026-08-11 14:00:00,1.0,-0.13199572848286267,-0.6251205817196082,0.5,0.5,0.3,,0.9801128424779885,56.59978642414313,3.872829473826976,17.546272480526973,0.004785439452606636,-3.525896013832753,0.002432624922825255,0.004201032505228852,0.0012341425106215567,-0.4999999999999997,-0.8660254037844388,0.7818314824680298,0.6234898018587336
2026-08-11 15:00:00,1.0,-0.215417529988286,0.44557178304944023,0.5,0.0,0.3,,0.9854723426642292,60.7708764994143,3.8727132429515154,17.582133038252614,0.005178426164556405,2.303455631564313,0.0012841324307188984,0.004484584668141167,0.0012499097262368673,-0.7071067811865471,-0.7071067811865479,0.7818314824680298,0.6234898018587336
2026-08-11 16:00:00,1.0,-0.300235016822283,0.9331384036335897,0.5,0.0,0.3,,0.992215582041179,65.01175084111415,3.905349856055397,18.631736621812507,0.00626987224160882,8.354749372923886,0.0015017431740140808,0.005218500527558234,0.0011330850372237714,-0.8660254037844384,-0.5000000000000004,0.7818314824680298,0.6234898018587336
2026-08-11 17:00:00,1.0,0.17059634368196044,0.987012216159567,0.5,0.0,0.15,,0.9498431094600189,67.05963436819604,3.9473582862628938,20.169063994911443,0.007522908546755224,13.028264358657221,0.000801015670189642,0.003586891274922621,0.0011049458996078652,-0.9659258262890683,-0.25881904510252063,0.7818314824680298,0.6234898018587336
