dt,ema_stack,rsi_momentum,macd_hist,market_structure,bb_squeeze,session_filter,mtf_daily_trend,candle_momentum,rsi14,log_atr14,adx14,bb_bandwidth,macd_hist_raw,ret1,ret3,rv20,hour_sin,hour_cos,dow_sin,dow_cos
2026-07-13 01:00:00,,,,,,,0.53333333333333333,,,,,,0,,,,0.25881904510252074,0.96592582628906831,0,1
2026-07-13 02:00:00,,,,,,,0.53333333333333333,,,,,,-0.0088068376068576974,-0.00085207807226250765,,,0.49999999999999994,0.86602540378443871,0,1
2026-07-13 03:00:00,,,,,,,0.53333333333333333,,,,,,-0.00082624783891787918,0.0012593371625451155,,,0.70710678118654746,0.70710678118654757,0,1
2026-07-13 04:00:00,,,,,,-0.10000000000000001,0.53333333333333333,,,,,,-0.0028426604385249441,-0.000685030868604386,-0.00027777177832177813,,0.8660254037844386,0.50000000000000011,0,1
2026-07-13 05:00:00,,,,,,0.10000000000000001,0.53333333333333333,,,,,,0.0021336209770592184,0.00058631662159047693,0.0011606229155312064,,0.96592582628906831,0.25881904510252074,0,1
2026-07-13 06:00:00,,,,,,-0.10000000000000001,0.53333333333333333,,,,,,0.0047814756362501796,-3.7020355029504515e-05,-0.00013573460204341359,,1,6.123233995736766e-17,0,1
2026-07-13 07:00:00,,,,,,0.29999999999999999,0.53333333333333333,,,,,,0.0015444311710896515,-0.00045052412763180172,9.8772138929170694e-05,,0.96592582628906831,-0.25881904510252063,0,1
2026-07-13 08:00:00,,,,,,0.29999999999999999,0.53333333333333333,,,,,,0.016738293446296865,0.0016714727959774578,0.0011839283133161516,,0.86602540378443871,-0.49999999999999978,0,1
2026-07-13 09:00:00,,,,,,0.29999999999999999,0.53333333333333333,,,,,,0.0234405368675554,-0.00018489642771157833,0.0010360522406340777,,0.70710678118654757,-0.70710678118654746,0,1
2026-07-13 10:00:00,,,,,,0.29999999999999999,0.53333333333333333,,,,,,0.018033863319216234,-0.00080161313511695198,0.00068496323314892749,,0.49999999999999994,-0.86602540378443871,0,1
2026-07-13 11:00:00,,,,0,,-0.14999999999999999,0.53333333333333333,,,,,,0.011853098515426673,-0.000166569501510061,-0.0011530790643385913,,0.25881904510252102,-0.9659258262890682,0,1
2026-07-13 12:00:00,,,,0,,-0.29999999999999999,0.53333333333333333,,,,,,0.0018465317668495615,-0.00051839373163886648,-0.0014865763682658795,,1.2246467991473532e-16,-1,0,1
2026-07-13 13:00:00,,,,0,,-0.29999999999999999,0.53333333333333333,,,,,,4.5569505156967116e-05,0.00045669428197836481,-0.00022826895117056267,,-0.25881904510252079,-0.96592582628906831,0,1
2026-07-13 14:00:00,,,,0,,0.29999999999999999,0.53333333333333333,,,,,,0.0018227674631895452,0.00029612264629275131,0.00023442319663224964,,-0.49999999999999972,-0.86602540378443882,0,1
2026-07-13 15:00:00,,,0.10554486286130159,0,,0.29999999999999999,0.53333333333333333,0.4739139783197362,27.909802523649518,-1.4736880540678077,,,0.0024268502985768763,-2.4673538248087823e-05,0.0007281433900230283,,-0.70710678118654713,-0.70710678118654791,0,1
2026-07-13 16:00:00,,,0.39936400822046192,0,,0.29999999999999999,0.53333333333333333,0.593626560553288,33.382459409442504,-1.4964192556001066,,,0.0094698450103356188,0.00067213627780482454,0.00094358538584948803,,-0.86602540378443837,-0.50000000000000044,0,1
2026-07-13 17:00:00,,,0.73366207812768447,0,,0.14999999999999999,0.53333333333333333,0.76701579659193986,38.967203661619862,-1.4957593721920701,,,0.020987465460239434,0.00075176390760489653,0.0013992266471616333,,-0.96592582628906831,-0.25881904510252063,0,1
2026-07-13 18:00:00,,,0.83141004865672852,0,,0.14999999999999999,0.53333333333333333,0.75348756785497895,38.370908988627967,-1.5414392163745527,,,0.025532161333957762,-0.00012936172327826512,0.001294538462131456,,-1,-1.8369701987210297e-16,0,1
2026-07-13 19:00:00,,,0.93044556134625145,0,,0.14999999999999999,0.53333333333333333,0.79678863685272983,43.996312384133063,-1.5599860035767459,,,0.034918761652353601,0.00078823077072520675,0.0014106329550518382,,-0.96592582628906842,0.2588190451025203,0,1
2026-07-13 20:00:00,,,0.96254051854127343,0,,0.14999999999999999,0.53333333333333333,0.53297101736310304,44.465448187884185,-1.6166757709116226,,0.0038057248155705203,0.039301859186313029,6.7709599708365431e-05,0.00072657864715530707,,-0.8660254037844386,0.50000000000000011,0,1
2026-07-13 21:00:00,,,0.9346091974733427,0,,0.14999999999999999,0.53333333333333333,0.1689541594475398,40.90913413854495,-1.6427548419839964,,0.0039016569102552161,0.03276284533976917,-0.00065266517515905065,0.00020327519527452154,0.00069846799597838888,-0.70710678118654768,0.70710678118654735,0,1
2026-07-13 22:00:00,,,0.93769013285126201,0,,-0.14999999999999999,0.53333333333333333,-0.01596941962441108,45.019255918141873,-1.6721483481288251,,0.0038631186694223201,0.032282073871540293,0.00056648852528429217,-1.8467050166393051e-05,0.00066779978068656775,-0.50000000000000044,0.86602540378443837,0,1
2026-07-13 23:00:00,,,0.93226817208720503,0,,-0.14999999999999999,0.53333333333333333,-0.061621531013263238,45.1532246805589,-1.7243838913812299,,0.0040616579310112401,0.029870344737092519,1.8467050166393051e-05,-6.7709599708365431e-05,0.00061732120454455121,-0.25881904510252157,0.96592582628906809,0,1
2026-07-14 00:00:00,,,0.88389064331298484,0,,0.10000000000000001,0.53333333333333333,0.33641730117073232,43.811952210598477,-1.7637231120849126,,0.0039914169100642351,0.023881603789858402,-0.00021547014128930897,0.00036948543416137625,0.00059392976011385639,0,1,0.7818314824680298,0.62348980185873359
2026-07-14 01:00:00,,,0.84026446871248883,0,,-0.10000000000000001,0.53333333333333333,-0.02452129327726468,45.214030488682532,-1.8134479758489608,,0.0040474726632898448,0.019930882647700821,0.00017237982706141963,-2.4623264061496286e-05,0.00058450170122392026,0.25881904510252074,0.96592582628906831,0.7818314824680298,0.62348980185873359
2026-07-14 02:00:00,,,0.72384222512359697,0,,-0.10000000000000001,0.53333333333333333,-0.17749033104654297,44.320763070074904,-1.8573587453522962,,0.0040164654776862728,0.014292164126653698,-0.00012928208445295297,-0.00017237239868084231,0.00058611829742076201,0.49999999999999994,0.86602540378443871,0.7818314824680298,0.62348980185873359
2026-07-14 03:00:00,,,0.38912456650770405,0,,-0.10000000000000001,0.53333333333333333,-0.20118268467237996,42.594575652163108,-1.8214399738781304,,0.0037535613138660363,0.006645922147318753,-0.00024629783690333085,-0.00020320009429486419,0.00057756652329110257,0.70710678118654746,0.70710678118654757,0.7818314824680298,0.62348980185873359
2026-07-14 04:00:00,,,0.087535502738222026,0,,-0.10000000000000001,0.53333333333333333,-0.3072995146999617,43.249167111497371,-1.8486455722272839,,0.0037962575367578317,0.0013817854496817744,6.7737952677227042e-05,-0.00030784196867905678,0.00044744301518251931,0.8660254037844386,0.50000000000000011,0.7818314824680298,0.62348980185873359
2026-07-14 05:00:00,,-0.099271101973929354,-0.44441436892938818,1,,-0.10000000000000001,0.53333333333333333,-0.57166845315646586,40.072889802607065,-1.871798719375783,20.692004512268824,0.0037862066656588361,-0.0073495368637728209,-0.00043729848781826064,-0.00061585837204436444,0.00045754837628608346,0.96592582628906831,0.25881904510252074,0.7818314824680298,0.62348980185873359
2026-07-14 06:00:00,,-0.11513385042869004,-0.76957754565040282,1,,-0.10000000000000001,0.53333333333333333,-0.5603844643287923,38.486614957130996,-1.8763808611024135,21.215190688176481,0.0036320620544383138,-0.015609761956206294,-0.00022796376091083204,-0.00059752429605186563,0.00041926228044875433,1,6.123233995736766e-17,0.7818314824680298,0.62348980185873359
2026-07-14 07:00:00,,-0.093920901902696557,-0.85394515494830769,1,,-0.29999999999999999,0.53333333333333333,-0.47871120329594169,40.607909809730344,-1.9125413500064514,21.701006422947877,0.00339973425975099,-0.018766518843819011,0.00019100019466211648,-0.00047426205406697619,0.00041691206549418209,0.96592582628906831,-0.25881904510252063,0.7818314824680298,0.62348980185873359
2026-07-14 08:00:00,,-0.10846176784279826,-0.91749882368557956,0.5,,-0.29999999999999999,0.53333333333333333,-0.25334069103393719,39.153823215720173,-1.9458306403648449,22.345220162435801,0.002883012557354053,-0.022472960783102416,-0.00019100019466211648,-0.00022796376091083204,0.00039847394196796152,0.86602540378443871,-0.49999999999999978,0.7818314824680298,0.62348980185873359
2026-07-14 09:00:00,,-0.066202165997943679,-0.89876107698187846,0.5,,0.29999999999999999,0.53333333333333333,0.4049900434764182,43.379783400205632,-1.9685185426099598,22.128705307694464,0.0024719334613473288,-0.020471009021671427,0.00036964477558409925,0.00036964477558409925,0.00039471240767070641,0.70710678118654757,-0.70710678118654746,0.7818314824680298,0.62348980185873359
2026-07-14 10:00:00,,-0.068354515195512847,-0.8870583593539022,0.5,,0.29999999999999999,0.53333333333333333,0.18284851318998679,43.164548480448715,-2.0010915643481804,21.912283052427266,0.0021099765028510394,-0.019033765211937045,-2.4638734555715303e-05,0.00015400584636626746,0.00039220760321454032,0.49999999999999994,-0.86602540378443871,0.7818314824680298,0.62348980185873359
2026-07-14 11:00:00,,-0.10429853284182258,-0.90106356645466401,0.5,,-0.14999999999999999,0.53333333333333333,-0.080193310576657378,39.570146715817742,-1.9016831055171761,23.564365986186701,0.0016791386387125014,-0.022066760784815856,-0.00041895139544489979,-7.3945354416515841e-05,0.00040681889758678309,0.25881904510252102,-0.9659258262890682,0.7818314824680298,0.62348980185873359
2026-07-14 12:00:00,,-0.29422742966691062,-0.96224980454186682,0.5,,-0.29999999999999999,0.53333333333333333,-0.80355907874720545,35.28862851665447,-1.9109667506597237,25.098442996106176,0.0017921420838375359,-0.029223950480222985,-0.00056709611332994569,-0.0010106862433305608,0.00040135209093018325,1.2246467991473532e-16,-1,0.7818314824680298,0.62348980185873359
2026-07-14 13:00:00,,-0.18744521579229001,-0.95902010726380893,-1,,-0.29999999999999999,0.53333333333333333,-0.54548334551833333,40.627739210385499,-1.9279794263648309,26.528941892907376,0.0018849824354143624,-0.028122026945374412,0.00043767858446930319,-0.00054836892430554229,0.00037517169180574408,-0.25881904510252079,-0.96592582628906831,0.7818314824680298,0.62348980185873359
2026-07-14 14:00:00,,-0.24066076204317738,-0.97120582271919509,-1,,-0.29999999999999999,0.53333333333333333,-0.49557025200690913,37.966961897841131,-1.9540718105489405,27.672947726367394,0.0020685448641699958,-0.029941963412880183,-0.00034519531616794552,-0.00047461284502858803,0.00038129397235251941,-0.49999999999999972,-0.86602540378443882,0.7818314824680298,0.62348980185873359
2026-07-14 15:00:00,,-0.4427779716141248,-0.99142722900103175,-1,,-0.29999999999999999,0.53333333333333333,-0.9124091681418145,27.86110141929376,-1.7311830478895103,30.807598223288519,0.003079799832984541,-0.04823531526153535,-0.0017771748838386614,-0.0016846916155373037,0.00050110850291084361,-0.70710678118654713,-0.70710678118654791,0.7818314824680298,0.62348980185873359
2026-07-14 16:00:00,,-0.42295004347816617,-0.99690372763335389,-1,,-0.29999999999999999,0.53333333333333333,-0.95526998196660595,28.852497826091692,-1.7446145865715859,33.718345113286709,0.0036567819543243678,-0.056512044482360045,8.6463518624846358e-05,-0.0020359066813817606,0.00050158832410755424,-0.86602540378443837,-0.50000000000000044,0.7818314824680298,0.62348980185873359
2026-07-14 17:00:00,,-0.35833212461362907,-0.99658099169222636,-1,,-0.14999999999999999,0.53333333333333333,-0.8625227280055755,32.083393769318548,-1.7387902689873966,35.950142325219772,0.0040428095021121189,-0.055969518912933863,0.00027786782932448517,-0.0014128435358893299,0.00049722400369727382,-0.96592582628906831,-0.25881904510252063,0.7818314824680298,0.62348980185873359
2026-07-14 18:00:00,,-0.14232234935144789,-0.97839888929432661,-1,,0.14999999999999999,0.53333333333333333,0.85272217065890665,42.883882532427606,-1.6926148837516395,36.393683743875421,0.0039866875267090861,-0.041567650897663608,0.001073696395193835,0.0014380277431431665,0.00054472643132373794,-1,-1.8369701987210297e-16,0.7818314824680298,0.62348980185873359
2026-07-14 19:00:00,,-0.16930342309792693,-0.94905216640283574,-1,,0.14999999999999999,0.53333333333333333,0.78090311689312364,41.534828845103654,-1.728587690161258,36.548879166177684,0.0039198067636520856,-0.032349500582292148,-0.00020354350812734623,0.0011480207163909739,0.00054457016892105138,-0.96592582628906842,0.2588190451025203,0.7818314824680298,0.62348980185873359
2026-07-14 20:00:00,,-0.078512021277424821,-0.80683271711253268,-1,,0.14999999999999999,0.53333333333333333,0.85691941843941799,46.074398936128759,-1.7487186269441608,36.309318945227766,0.0038080934864980999,-0.019450872373210006,0.00050569836787417444,0.0013758512549406632,0.00056053818806437881,-0.8660254037844386,0.50000000000000011,0.7818314824680298,0.62348980185873359
2026-07-14 21:00:00,,-0.076316900164841994,-0.52683050732126446,-1,,0.14999999999999999,0.53333333333333333,0.29062692420440095,46.1841549917579,-1.7694566840170403,35.642019763585893,0.0036232198105512455,-0.0099826399605354582,1.2330912364078017e-05,0.00031448577211090623,0.00055804298222992209,-0.70710678118654768,0.70710678118654735,0.7818314824680298,0.62348980185873359
2026-07-14 22:00:00,,-0.053231260079378021,-0.12063263073378717,-1,,0.14999999999999999,0.53333333333333333,0.56061075075842404,47.338436996031099,-1.8072217123011014,35.17958065396089,0.0034405194888322151,-0.0019893831593508979,0.00012330076153865832,0.00064133004177691078,0.00055966081044877105,-0.50000000000000044,0.86602540378443837,0.7818314824680298,0.62348980185873359
2026-07-14 23:00:00,,-0.0022974962001273982,0.37578847451525527,-1,,0.14999999999999999,0.53333333333333333,0.39766786196968906,49.88512518999363,-1.852682675397884,34.242827195209706,0.0033140608313185368,0.0061965259120629959,0.00027120817242476392,0.00040683984632750025,0.00056277679637393291,-0.25881904510252157,0.96592582628906809,0.7818314824680298,0.62348980185873359
2026-07-15 00:00:00,,-0.07458982926887657,0.42868890398196108,-1,,-0.10000000000000001,0.53333333333333333,-0.013018845065562749,46.270508536556171,-1.8733072485790427,33.717900220213849,0.0031375978053672367,0.0070400006581647565,-0.00040683984632750025,-1.2330912364078017e-05,0.00056802832433538791,0,1,0.97492791218182362,-0.22252093395631434
2026-07-15 01:00:00,,-0.022601392158099289,0.5956186504819061,-1,,0.10000000000000001,0.53333333333333333,0.14067980064585642,48.869930392095036,-1.9086181597187046,32.608878565454376,0.0030629335283723341,0.010177243246346078,0.00026508111329004436,0.00012944943938730802,0.00056534540332924617,0.25881904510252074,0.96592582628906831,0.97492791218182362,-0.22252093395631434
2026-07-15 02:00:00,,-0.069932225510919044,0.56461023883431372,-1,,-0.10000000000000001,0.53333333333333333,-0.42586871533138171,46.503388724454048,-1.945556726882431,31.742925564023661,0.0030153317046246902,0.0091400182192727004,-0.00025891563810187535,-0.00040067437113933124,0.00056596529106856018,0.49999999999999994,0.86602540378443871,0.97492791218182362,-0.22252093395631434
2026-07-15 03:00:00,,-0.16714134009297496,0.15089515391947933,-1,,-0.10000000000000001,0.53333333333333333,-0.56652614637463972,41.642932995351252,-1.9325994662539625,31.528987038226685,0.0029552347944157187,0.0022013403448134898,-0.00057972088680369183,-0.00057355541161552281,0.00057634318003923709,0.70710678118654746,0.70710678118654757,0.97492791218182362,-0.22252093395631434
2026-07-15 04:00:00,,-0.17111147567691518,-0.15850912230788308,-1,,-0.10000000000000001,0.53333333333333333,-0.74378178664490069,41.444426216154241,-1.92413498418183,31.885313867319198,0.0029160170481418242,-0.002333944440827608,-2.4676430308900876e-05,-0.00086331295521446805,0.00057566702305195941,0.8660254037844386,0.50000000000000011,0.97492791218182362,-0.22252093395631434
2026-07-15 05:00:00,,-0.15773899753557771,-0.29380636776166186,-1,,-0.10000000000000001,0.53333333333333333,-0.55668455027991404,42.113050123221115,-1.9539292403411685,32.216188780047958,0.0027460375380952231,-0.0042901327160675337,5.5521111916867483e-05,-0.00054887620519572522,0.00056757954012963397,0.96592582628906831,0.25881904510252074,0.97492791218182362,-0.22252093395631434
2026-07-15 06:00:00,,-0.10490089611778189,-0.20345673905643488,0.5,,0.10000000000000001,0.53333333333333333,0.28099544440828084,44.754955194110906,-1.9767251866965565,31.886703984318675,0.00253009161314979,-0.0028582093025895927,0.00021588613632239628,0.00024673081793036289,0.00057123686963734546,1,6.123233995736766e-17,0.97492791218182362,-0.22252093395631434
2026-07-15 07:00:00,,-0.0047259434378339902,0.21279211107863316,0.5,,0.29999999999999999,0.53333333333333333,0.69067808680176934,49.7637028281083,-1.9994229136728188,31.069642263501237,0.0024506601711584311,0.0029262034218146896,0.00043779733149662547,0.00070920457973588924,0.00057523866639754928,0.96592582628906831,-0.25881904510252063,0.97492791218182362,-0.22252093395631434
2026-07-15 08:00:00,,-0.016893551418805827,0.43210172679667502,0.5,,0.29999999999999999,0.53333333333333333,0.63202026271358935,49.155322429059709,-2.0383685467465051,30.268736955859445,0.0024619633114271854,0.0060233611364024359,-5.5484829537100211e-05,0.00059819863828192155,0.00056082556662248801,0.86602540378443871,-0.49999999999999978,0.97492791218182362,-0.22252093395631434
2026-07-15 09:00:00,,-0.0051305765010141611,0.56882215041048867,0.5,,0.29999999999999999,0.53333333333333333,0.49427059800546702,49.743471174949292,-2.0462094624822678,30.015820416875446,0.0024108944899767703,0.0083450131728476061,4.9320000503172423e-05,0.00043163250246269769,0.00055172551183138238,0.70710678118654757,-0.70710678118654746,0.97492791218182362,-0.22252093395631434
2026-07-15 10:00:00,,0.076810572936949484,0.77293263853032357,0.5,,0.29999999999999999,0.53333333333333333,0.4111831839910029,53.840528646847474,-2.0546600393438923,28.785663245374693,0.0024875968724585762,0.013166933992185357,0.00035133461284608813,0.00034516978381216035,0.00055169397504643066,0.49999999999999994,-0.86602540378443871,0.97492791218182362,-0.22252093395631434
2026-07-15 11:00:00,,0.12275061457985814,0.88734804665265776,0.5,,0.14999999999999999,0.53333333333333333,0.65476474465359868,56.137530728992907,-2.0687712078206038,27.279027121998883,0.0022488108710103654,0.01780538541545729,0.00020950925614648952,0.00061016386949575008,0.00035451112026703538,0.25881904510252102,-0.9659258262890682,0.97492791218182362,-0.22252093395631434
2026-07-15 12:00:00,,0.20313489226394993,0.95559178673256506,0.5,,0.29999999999999999,0.53333333333333333,0.84091989657946131,60.156744613197496,-2.0667046412196246,25.65046026269712,0.002066460247773527,0.023959634326877491,0.00039425132800463558,0.00095509519699721324,0.00035960924750211228,1.2246467991473532e-16,-1,0.97492791218182362,-0.22252093395631434
2026-07-15 13:00:00,,0.067444927798721188,0.95840611666825304,0.5,,0.29999999999999999,0.53333333333333333,0.43919904093343864,56.744492779872118,-2.0778257988845965,23.940205326306113,0.0018077674736454922,0.024113511614250672,-0.00024022840292836634,0.00036353218122275877,0.00036740391653641879,-0.25881904510252079,-0.96592582628906831,0.97492791218182362,-0.22252093395631434
2026-07-15 14:00:00,,0.079305779519502836,0.96034293392500358,0.5,,0.29999999999999999,0.53333333333333333,0.33482541635148044,57.930577951950283,-2.0917294703809324,22.290823048572445,0.0019244741564738361,0.024081052979480946,0.00011088181857576984,0.00026490474365203909,0.0002892127056047148,-0.49999999999999972,-0.86602540378443882,0.97492791218182362,-0.22252093395631434
2026-07-15 15:00:00,,-0.053327953973272099,0.68724292279086119,1,,-0.29999999999999999,0.53333333333333333,-0.90917740929950519,44.66720460267279,-2.0200119613768139,22.026444178099947,0.0018597308986675644,0.011178903443349875,-0.0011155384553811487,-0.0012448850397337452,0.00038818523753948725,-0.70710678118654713,-0.70710678118654791,0.97492791218182362,-0.22252093395631434
2026-07-15 16:00:00,,-0.022709644337031421,0.36677930855163543,1,,-0.29999999999999999,0.53333333333333333,-0.7139935925504568,47.729035566296858,-2.0096487669907002,21.853273495081929,0.0018561976207576406,0.005156310689038655,0.0002651301465421696,-0.00073952649026320927,0.00037574156252131264,-0.86602540378443837,-0.50000000000000044,0.97492791218182362,-0.22252093395631434
2026-07-15 17:00:00,,-0.063261532098986134,-0.24074183472409952,1,,-0.14999999999999999,0.53333333333333333,-0.91200533306266229,43.673846790101386,-2.0160833556107032,21.820322687813515,0.0018997459604198131,-0.0032702901845878454,-0.00041314033484685098,-0.0012635486436858301,0.00038711785136595086,-0.96592582628906831,-0.25881904510252063,0.97492791218182362,-0.22252093395631434
2026-07-15 18:00:00,,-0.067397011418281985,-0.58302989548307804,1,,-0.14999999999999999,0.53333333333333333,-0.22762014036838643,43.260298858171801,-2.0113618196953498,22.10371689707376,0.0019496504992324887,-0.0089254269500087004,-4.3173765159387756e-05,-0.00019118395346406913,0.00038572357466556945,-1,-1.8369701987210297e-16,0.97492791218182362,-0.22252093395631434
2026-07-15 19:00:00,,-0.040620001649783077,-0.64232215987794772,1,,-0.14999999999999999,0.53333333333333333,-0.29826198733801007,45.937999835021692,-2.0399558659778272,22.366868662815413,0.0019418950489790215,-0.0099101450207125501,0.00020968368676044236,-0.00024663041324579638,0.00038347072552900532,-0.96592582628906842,0.2588190451025203,0.97492791218182362,-0.22252093395631434
2026-07-15 20:00:00,,-0.13758940370673273,-0.91981980621002157,1,,-0.14999999999999999,0.53333333333333333,-0.80870763330598405,36.241059629326728,-2.0001299076620653,23.634950962247107,0.0022683111763614587,-0.021486489754216475,-0.0011044168537353016,-0.00093790693213424703,0.00044626165111292588,-0.8660254037844386,0.50000000000000011,0.97492791218182362,-0.22252093395631434
2026-07-15 21:00:00,,-0.18629188695268881,-0.93910853965824193,1,,-0.14999999999999999,0.53333333333333333,-0.55376281234822533,40.68540565236556,-1.9814698974963922,25.189267327751107,0.002389403970975936,-0.023857033721088303,0.00036416044447307172,-0.00053057272250178755,0.00045063030381783335,-0.70710678118654768,0.70710678118654735,0.97492791218182362,-0.22252093395631434
2026-07-15 22:00:00,,0.017881806931562067,-0.6887940356718828,1,,0.14999999999999999,0.53333333333333333,0.39093796077271625,51.788180693156207,-1.9123478646672931,24.29849872464672,0.0023997217175381912,-0.012493162290174565,0.0011163434439334097,0.00037608703467117977,0.00051829984287544029,-0.50000000000000044,0.86602540378443837,0.97492791218182362,-0.22252093395631434
2026-07-15 23:00:00,,-0.0036760660999564012,-0.4679548073239615,0.5,,0.14999999999999999,0.53333333333333333,0.89186039670099515,49.63239339000436,-1.9627864652232219,23.471356450335502,0.00234910548081602,-0.0071279498820255513,-0.00024043278016083747,0.0012400711082456439,0.0005033118293702373,-0.25881904510252157,0.96592582628906809,0.97492791218182362,-0.22252093395631434
2026-07-16 00:00:00,,-0.039658026356892723,-0.5031250874220291,-1,,0.10000000000000001,0.53333333333333333,0.4901168285183109,46.034197364310728,-1.9804684100560837,23.387208128277788,0.0023229526283802767,-0.0076383002471114448,-0.00041935444698548707,0.00045655621678708513,0.0005130924869545092,0,1,0.43388373911755823,-0.90096886790241903
2026-07-16 01:00:00,,-0.037805595770699509,-0.49586162180306687,-1,,-0.10000000000000001,0.53333333333333333,-0.65237276456672455,46.219440422930049,-2.0141571205792568,23.321651907350251,0.0023043197955790683,-0.0072561227580669428,1.8504640038941034e-05,-0.00064128258710738351,0.00051297652798025289,0.25881904510252074,0.96592582628906831,0.43388373911755823,-0.90096886790241903
2026-07-16 02:00:00,,-0.064123212194625481,-0.62731060195295607,-1,,-0.10000000000000001,0.53333333333333333,-0.70230401970014023,43.587678780537452,-2.034398957505704,23.591285065819299,0.0023768296992198869,-0.009636540823682236,-0.00030228534115472883,-0.00070313514810127486,0.00051487614140129567,0.49999999999999994,0.86602540378443871,0.43388373911755823,-0.90096886790241903
2026-07-16 03:00:00,,-0.048340252879277797,-0.60449315244681079,-1,,-0.10000000000000001,0.53333333333333333,-0.17692129135378062,45.16597471207222,-2.0507887484807745,23.527516679302781,0.0024245723868363488,-0.0090068793934655195,0.00014190041699357892,-0.00014188028412220888,0.00050517822554696674,0.70710678118654746,0.70710678118654757,0.43388373911755823,-0.90096886790241903
2026-07-16 04:00:00,,-0.039853751542829559,-0.5168824790557438,0.5,,-0.10000000000000001,0.53333333333333333,-0.11070377328248057,46.014624845717044,-2.0719075625880685,23.626808928948449,0.0024551613806466414,-0.007205032144723289,7.4027007554100521e-05,-8.635791660704939e-05,0.0005057336337765992,0.8660254037844386,0.50000000000000011,0.43388373911755823,-0.90096886790241903
2026-07-16 05:00:00,,-0.0094285324385216286,-0.22191718852879871,0.5,,0.10000000000000001,0.53333333333333333,0.56209186780371367,49.057146756147837,-2.0983104740056797,23.17822237150909,0.0024530846605360867,-0.0027681680401415026,0.00026521845212368333,0.00048114587667136277,0.00050977413478379681,0.96592582628906831,0.25881904510252074,0.43388373911755823,-0.90096886790241903
2026-07-16 06:00:00,,-0.051234406381097844,-0.31071986824136566,0.5,,-0.10000000000000001,0.53333333333333333,-0.091268938063493898,44.876559361890216,-2.1187019859368923,22.895069835630089,0.0024432698207025559,-0.0038621303082152607,-0.00040710836429802555,-6.7862904620241693e-05,0.00050907239157747374,1,6.123233995736766e-17,0.43388373911755823,-0.90096886790241903
2026-07-16 07:00:00,,-0.042929930307129355,-0.28862106934489218,0.5,,-0.29999999999999999,0.53333333333333333,-0.10317937023949626,45.707006969287065,-2.1551274218398224,22.632142480885307,0.0023487492759254216,-0.0034425973968564248,6.7862904620241693e-05,-7.4027007554100521e-05,0.00050616403940440815,0.96592582628906831,-0.25881904510252063,0.43388373911755823,-0.90096886790241903
2026-07-16 08:00:00,,0.0012104915658131433,0.090418613631882652,0.5,,0.29999999999999999,0.53333333333333333,0.043625450899031838,50.121049156581314,-2.166837720949276,21.905126880708067,0.0020345774648422785,0.0010384842661996865,0.00037008024995710542,3.0834790279321567e-05,0.00050504271310956568,0.86602540378443871,-0.49999999999999978,0.43388373911755823,-0.90096886790241903
2026-07-16 09:00:00,,-0.024464527314390735,0.14656946172192778,0.5,,0.29999999999999999,0.53333333333333333,0.29725106173534005,47.553547268560926,-2.1988621862818603,21.230040966257775,0.0017669051788565453,0.0016376799900710351,-0.00022819996583489655,0.00020974318874245057,0.00050482904411475378,0.70710678118654757,-0.70710678118654746,0.43388373911755823,-0.90096886790241903
2026-07-16 10:00:00,,-0.049326594329752567,-0.020341766630919769,1,,-0.29999999999999999,0.53333333333333333,-0.1224911215234462,45.067340567024743,-2.1740153985906687,21.734617728767965,0.0013408199904261619,-0.00023135862206586158,-0.00022825205294640938,-8.6371768824200501e-05,0.00050435907161952651,0.49999999999999994,-0.86602540378443871,0.43388373911755823,-0.90096886790241903
2026-07-16 11:00:00,,-0.0012703487177523698,0.24257442385316225,1,,-0.14999999999999999,0.53333333333333333,-0.095813366759002455,49.872965128224763,-2.1675792394417406,21.545247385671004,0.0013286836173734612,0.002832833089048005,0.0003886142250868474,-6.7837793694458526e-05,0.00045123639523059802,0.25881904510252102,-0.9659258262890682,0.43388373911755823,-0.90096886790241903
2026-07-16 12:00:00,,0.018183639761287153,0.52239417891142725,0.5,,0.29999999999999999,0.53333333333333333,0.43887785628217468,51.818363976128715,-2.1842266488407578,21.159703852081382,0.001276591461848399,0.0065245555042706752,0.00016650273380491853,0.00032686490594535655,0.00044865765918515913,1.2246467991473532e-16,-1,0.43388373911755823,-0.90096886790241903
2026-07-16 13:00:00,,0.0018693734957977882,0.58612069424885138,0.5,,0.29999999999999999,0.53333333333333333,0.55918339760517066,50.186937349579779,-2.2142198978329177,20.801699142319588,0.001284026860069184,0.0073379571732515685,-0.00012949973038978158,0.00042561722850198436,0.0004396418378060717,-0.25881904510252079,-0.96592582628906831,0.43388373911755823,-0.90096886790241903
2026-07-16 14:00:00,,0.0042705011801137263,0.61321984920658534,0.5,,0.29999999999999999,0.53333333333333333,0.08200170866877389,50.427050118011373,-2.2117634921145655,20.045564056445521,0.0012955109830970421,0.0078195425441571625,1.8500988261394014e-05,5.5503991676530973e-05,0.00043950975155345189,-0.49999999999999972,-0.86602540378443882,0.43388373911755823,-0.90096886790241903
2026-07-16 15:00:00,,-0.20077111168009679,0.90354855344402252,0.5,,0.29999999999999999,0.53333333333333333,0.79266881116547083,60.03855558400484,-2.1876023453076598,18.761681217171887,0.0015772528973968655,0.01672928634684644,0.00085683733655628203,0.00074583859442789446,0.00047739922279641791,-0.70710678118654713,-0.70710678118654791,0.43388373911755823,-0.90096886790241903
2026-07-16 16:00:00,,-0.23413427116796939,0.96775610196512951,0.5,,0.29999999999999999,0.53333333333333333,0.90558782337735777,61.706713558398469,-2.1731807626909507,18.071394882648899,0.0016855141297031622,0.023396500633749887,0.00017867209713084975,0.0010540104219485258,0.00039463010439734817,-0.86602540378443837,-0.50000000000000044,0.43388373911755823,-0.90096886790241903
2026-07-16 17:00:00,,-0.3542566379172325,0.9943742436280788,0.5,,0.14999999999999999,0.53333333333333333,0.98612287306739776,67.712831895861626,-2.1537985998081242,18.401749966792782,0.0022309858453806032,0.034062716525032774,0.0007389936474941905,0.0017745030811813223,0.00041597889331699325,-0.96592582628906831,-0.25881904510252063,0.43388373911755823,-0.90096886790241903
2026-07-16 18:00:00,,-0.32260801959774854,0.99756683586244776,0.5,,0.14999999999999999,0.53333333333333333,0.82425659601979639,66.130400979887426,-2.1819155825879633,18.901078707764643,0.0026191748714558664,0.037855632722111288,-0.00010465756976163476,0.00081300817486340549,0.00034615850866254622,-1,-1.8369701987210297e-16,0.43388373911755823,-0.90096886790241903
2026-07-16 19:00:00,,-0.36755046106966632,0.99855189793926524,0.5,,0.14999999999999999,0.53333333333333333,0.86796959207918611,68.377523053483316,-2.1717275420439854,19.870470547145551,0.0030712425661183853,0.041203534398048934,0.00029547553308173491,0.00092981161081429065,0.00034229321239792528,-0.96592582628906842,0.2588190451025203,0.43388373911755823,-0.90096886790241903
2026-07-16 20:00:00,,0.12771275620936592,0.99705661169728199,0.5,,-0.14999999999999999,0.53333333333333333,-0.24937435947445585,62.771275620936592,-2.1729694649692717,20.463393694153375,0.0032668802934061234,0.037110788173684843,-0.00036935805989823933,-0.00017854009657813918,0.00033855435207095287,-0.8660254037844386,0.50000000000000011,0.43388373911755823,-0.90096886790241903
2026-07-16 21:00:00,,0.1062991157526509,0.99271619106380837,0.5,,-0.14999999999999999,0.53333333333333333,-0.31685269137695227,60.629911575265091,-2.2099356225692155,20.691100103927912,0.0033763994575011481,0.030781789419160155,-0.00014778143153204581,-0.00022166395834855024,0.00034243743253984179,-0.70710678118654768,0.70710678118654735,0.43388373911755823,-0.90096886790241903
2026-07-16 22:00:00,,0.11455927888814017,0.98444954616664559,0.5,,-0.14999999999999999,0.53333333333333333,-0.57796377980023161,61.455927888814017,-2.2428346394682248,20.982400862315021,0.0034129918442460435,0.025737840775532338,8.6208489126882171e-05,-0.00043093100230340298,0.0003302778159858605,-0.50000000000000044,0.86602540378443837,0.43388373911755823,-0.90096886790241903
2026-07-16 23:00:00,,0.079929041856923108,0.94706385865789111,0.5,,-0.14999999999999999,0.53333333333333333,-0.42940158238602522,57.992904185692311,-2.2792571165666673,20.922092384887005,0.0033897897475149456,0.018450386168420707,-0.00022785285730630989,-0.00028942579971147353,0.00033816375522488902,-0.25881904510252157,0.96592582628906809,0.43388373911755823,-0.90096886790241903
2026-07-17 00:00:00,,0.057086860912027859,0.79588157813621563,0.5,,-0.10000000000000001,0.53333333333333333,-0.44660554117398599,55.708686091202786,-2.3035263483640587,20.45065015942966,0.0033293260066476747,0.010862525703381684,-0.00015398402908051168,-0.00029562839725993939,0.0003423078728870629,0,1,-0.43388373911755801,-0.90096886790241915
2026-07-17 01:00:00,,-0.13758597319356497,0.55276919465066077,0.5,,-0.10000000000000001,0.53333333333333333,-0.43915344417588731,56.879298659678248,-2.3266019573063801,19.748068687805475,0.0033101670616217014,0.0060759111735315535,9.8552510088723011e-05,-0.00028328437629809855,0.0003393678009864687,0.25881904510252074,0.96592582628906831,-0.43388373911755801,-0.90096886790241915
2026-07-17 02:00:00,,-0.17006666056457262,0.36421130435350862,0.5,,0.10000000000000001,0.53333333333333333,0.1345801113245248,58.503333028228631,-2.3432954723428576,19.334170522261953,0.0031873976427343729,0.0036650433221717751,0.00013549384447575363,8.0062325483964969e-05,0.00032095670710355221,0.49999999999999994,0.86602540378443871,-0.43388373911755801,-0.90096886790241915
2026-07-17 03:00:00,,-0.22971165718742312,0.40585433580396973,1,,0.10000000000000001,0.53333333333333333,0.68188433707936813,61.485582859371156,-2.3425597505431757,19.601849022576207,0.0030815038752063048,0.0041376290408147859,0.00025861909861379928,0.00049266545317827592,0.00032307250370758279,0.70710678118654746,0.70710678118654757,-0.43388373911755801,-0.90096886790241915
2026-07-17 04:00:00,,0.14374160121639845,0.60067659527637907,1,,0.10000000000000001,0.53333333333333333,0.81825385925433203,64.374160121639846,-2.3666986189797754,20.035453128249326,0.0030891936038707083,0.0065109387051867224,0.00027086257583608386,0.00066497551892563678,0.00031945091872845251,0.8660254037844386,0.50000000000000011,-0.43388373911755801,-0.90096886790241915
2026-07-17 05:00:00,,-0.098017806378026651,0.11666273827392419,1,,-0.10000000000000001,0.53333333333333333,-0.082817840681279453,54.900890318901332,-2.3394950523966207,19.314551746970178,0.002892225566007369,0.0011294951481174292,-0.00057875003924312551,-4.926836479324237e-05,0.00034659219889408746,0.96592582628906831,0.25881904510252074,-0.43388373911755801,-0.90096886790241915
2026-07-17 06:00:00,,-0.13027666259157841,-0.15166832356200399,0.5,,-0.10000000000000001,0.53333333333333333,-0.29063651303065557,56.51383312957892,-2.3691128049750514,18.645143321496683,0.0025503235632996055,-0.001430098675021009,0.00013548216274905656,-0.00017240530065798509,0.00033915864022922466,1,6.123233995736766e-17,-0.43388373911755801,-0.90096886790241915
2026-07-17 07:00:00,,-0.1639415733670205,-0.21733211853573922,0.5,,-0.29999999999999999,0.53333333333333333,-0.4898022714122896,58.197078668351025,-2.3919409694600806,18.276247348484095,0.0023132707113932734,-0.0020197564675228236,0.0001416208197282387,-0.00030164705676583026,0.00033236593495478167,0.96592582628906831,-0.25881904510252063,-0.43388373911755801,-0.90096886790241915
2026-07-17 08:00:00,,-0.12716976178898945,-0.409840008648793,0.5,,0.29999999999999999,0.53333333333333333,0.28874701227461419,56.358488089449473,-2.3985642929209177,18.074226309817114,0.0020691387815018497,-0.0039557064671759679,-0.0001108319788336587,0.00016627100364363656,0.00033449909137875492,0.86602540378443871,-0.49999999999999978,-0.43388373911755801,-0.90096886790241915
2026-07-17 09:00:00,,0.10601720401512481,-0.87624111895038248,0.5,,-0.29999999999999999,0.53333333333333333,-0.85265023383557537,44.69913979924376,-2.2530959989166099,18.464214717642069,0.0017844245573447478,-0.014283104445174069,-0.00085012017686825203,-0.00081933133597367203,0.00039110010113063042,0.70710678118654757,-0.70710678118654746,-0.43388373911755801,-0.90096886790241915
2026-07-17 10:00:00,,0.053302086709817759,-0.93851515719992118,0.5,,-0.29999999999999999,0.53333333333333333,-0.8227106915474991,47.334895664509112,-2.2322901543609448,18.826346810622383,0.0013767980400266366,-0.018510980910051669,0.0001910319737872257,-0.00076992018191468503,0.00039264925329385709,0.49999999999999994,-0.86602540378443871,-0.43388373911755801,-0.90096886790241915
2026-07-17 11:00:00,,-0.095038966574717845,-0.85838873512003233,-1,,-0.14999999999999999,0.53333333333333333,-0.071824473450756571,54.751948328735892,-2.1965071734144375,17.557766542238792,0.0012842486174621112,-0.014312371777817232,0.00060982560262168306,-4.9262600459343275e-05,0.00036884043590478021,0.25881904510252102,-0.9659258262890682,-0.43388373911755801,-0.90096886790241915
2026-07-17 12:00:00,,-0.046922503880544329,-0.83450790324875623,-1,,0.29999999999999999,0.53333333333333333,0.71999213131448003,52.346125194027216,-2.2056651275463195,16.549611222236209,0.0012425328928983314,-0.013252160592183357,-0.00018475636846204679,0.00061610120794686196,0.00037007425941440773,1.2246467991473532e-16,-1,-0.43388373911755801,-0.90096886790241915
2026-07-17 13:00:00,,-0.045273743325828522,-0.81881731912702416,-1,,0.29999999999999999,0.53333333333333333,0.56203953127933759,52.263687166291426,-2.2353912739501003,15.59063011083161,0.0012119408348942333,-0.01233369785555477,-6.1591335329680419e-06,0.00041891010062666822,0.00032813267157969726,-0.25881904510252079,-0.96592582628906831,-0.43388373911755801,-0.90096886790241915
2026-07-17 14:00:00,,-0.046890224536074498,-0.79726268244408771,0.5,,-0.29999999999999999,0.53333333333333333,-0.2795632607365936,52.344511226803725,-2.2590101558618421,14.850932113507556,0.0011945509625569807,-0.011396481315047557,6.1591335329680419e-06,-0.00018475636846204679,0.0003276619144391941,-0.49999999999999972,-0.86602540378443882,-0.43388373911755801,-0.90096886790241915
2026-07-17 15:00:00,,-0.12506197699269164,-0.6069508124883547,0.5,,0.29999999999999999,0.53333333333333333,0.43475732470976514,56.253098849634583,-2.2518242556147823,13.945607954131143,0.001088512632699276,-0.0074074179438879326,0.00030175108228203129,0.00030175108228203129,0.00032798278322777739,-0.70710678118654713,-0.70710678118654791,-0.43388373911755801,-0.90096886790241915
2026-07-17 16:00:00,,-0.030340896800341424,-0.64006712458417725,1,,-0.29999999999999999,0.53333333333333333,-0.0093850360031253379,51.517044840017071,-2.2391458670219557,13.392172331787876,0.0010733626262405145,-0.0080795127748670842,-0.00031406938728295586,-6.1591714679565257e-06,0.0003251008813594773,-0.86602540378443837,-0.50000000000000044,-0.43388373911755801,-0.90096886790241915
2026-07-17 17:00:00,,-0.10804167119473249,-0.46115847897485834,1,,0.14999999999999999,0.53333333333333333,0.41990399590627819,55.402083559736624,-2.2536975538000812,12.878267825326271,0.0010851225140399315,-0.0052377177179186024,0.00030175479880512057,0.000289436493804196,0.00033106361697907768,-0.96592582628906831,-0.25881904510252063,-0.43388373911755801,-0.90096886790241915
2026-07-17 18:00:00,,-0.14852983406291131,-0.16468023150271735,0.5,,0.14999999999999999,0.53333333333333333,0.23506135523786295,57.426491703145565,-2.2598452198900203,12.71712663061213,0.0011213675821887196,-0.0017345069331558133,0.00016623415041827627,0.00015391956194044099,0.00033257005164004453,-1,-1.8369701987210297e-16,-0.43388373911755801,-0.90096886790241915
2026-07-17 19:00:00,,-0.14027187304459132,0.0024395632585142695,0.5,,0.14999999999999999,0.53333333333333333,0.60197890326473968,57.013593652229567,-2.2690354533779202,13.402706453123985,0.0011548712523038141,2.5228031749677943e-05,-2.4625537914602091e-05,0.00044336341130879475,0.00032800830361695527,-0.96592582628906842,0.2588190451025203,-0.43388373911755801,-0.90096886790241915
2026-07-17 20:00:00,,-0.16921956903000648,0.19498620636254399,0.5,,0.14999999999999999,0.53333333333333333,0.38347249362566405,58.460978451500324,-2.288150905745205,13.600882802447918,0.0011877444710563904,0.0020038690189983187,0.00011081014539726652,0.0002524187579009407,0.00032596627240495842,-0.8660254037844386,0.50000000000000011,-0.43388373911755801,-0.90096886790241915
2026-07-17 21:00:00,,-0.15987335741883385,0.26124942674740836,1,,0.14999999999999999,0.53333333333333333,0.10221336905117737,57.993667870941692,-2.327975781210136,13.784903698248712,0.0012163119946256521,0.0026074366032325866,-2.4623415638025392e-05,6.156119184463904e-05,0.00032582504059285684,-0.70710678118654768,0.70710678118654735,-0.43388373911755801,-0.90096886790241915
2026-07-17 22:00:00,,-0.029192266242338717,-0.12279760195195312,1,,-0.14999999999999999,0.53333333333333333,-0.43288143936289414,51.459613312116936,-2.3320082926425765,13.47073198988635,0.0012151419258976373,-0.0011984195774817769,-0.00036326582529877527,-0.00027707909553953414,0.00033599511461615566,-0.50000000000000044,0.86602540378443837,-0.43388373911755801,-0.90096886790241915
2026-07-17 23:00:00,,-0.060118562113419073,-0.28183617070041472,1,,-0.14999999999999999,0.53333333333333333,-0.45408615883545833,53.005928105670954,-2.3439227838269776,12.897499812371343,0.0012043411677180628,-0.0027794516525013885,9.8525807683103039e-05,-0.00028936343325369762,0.00033143191465553618,-0.25881904510252157,0.96592582628906809,-0.43388373911755801,-0.90096886790241915
2026-07-20 00:00:00,,-0.074016824789727029,-0.33662389808673532,1,,-0.10000000000000001,0.53333333333333333,-0.34995085777671631,53.700841239486351,-2.3174401877814343,12.576042008449525,0.00113185995642371,-0.0034511508079851372,4.3101988548066572e-05,-0.00022163802906760566,0.00032526814388211887,0,1,0,1
2026-07-20 01:00:00,,-0.24563253302720867,0.22447053746556078,1,,0.10000000000000001,0.53333333333333333,0.82044189960263314,62.281626651360433,-2.2424102481834658,12.890618954318263,0.0013024540733813695,0.0024252224792503004,0.00061553994027629955,0.00075716773650746916,0.00032644153681022199,0.25881904510252074,0.96592582628906831,0,1
2026-07-20 02:00:00,,-0.26327761723070325,0.55551247849962504,0.5,,0.10000000000000001,0.53333333333333333,0.81803462271796068,63.163880861535162,-2.2691303632503503,13.182726118339234,0.0014701765641899631,0.0064762695298700712,7.383933794091746e-05,0.00073248126676528358,0.00032580452404356165,0.49999999999999994,0.86602540378443871,0,1
2026-07-20 03:00:00,,0.085936607643475049,-0.28238098146473567,0.5,,-0.10000000000000001,0.53333333333333333,-0.55814390336490438,45.703169617826248,-2.1974359284003047,12.777226028761891,0.0015026053796506858,-0.0032245126315384905,-0.0011204827866864164,-0.00043110350846919943,0.00041493608724258037,0.70710678118654746,0.70710678118654757,0,1
2026-07-20 04:00:00,,0.049873536908262107,-0.62285268736073762,0.5,,-0.10000000000000001,0.53333333333333333,-0.87323753667387816,47.506323154586894,-2.2013579130614169,12.595265074696352,0.0015151099249843918,-0.0080738088236373441,0.00012935056793672572,-0.00091729288080877325,0.00041576613219592855,0.8660254037844386,0.50000000000000011,0,1
2026-07-20 05:00:00,,0.030567516840074093,-0.74800871480842768,0.5,,-0.10000000000000001,0.53333333333333333,-0.88907524405209148,48.471624157996295,-2.246011426630127,12.426301331635493,0.0013242093283219087,-0.010247854274279038,6.7748382533316942e-05,-0.00092338383621637377,0.00036607265912603511,0.96592582628906831,0.25881904510252074,0,1
2026-07-20 06:00:00,,0.032309661313650935,-0.81196679203184363,1,,0.10000000000000001,0.53333333333333333,0.29929991459586425,48.384516934317453,-2.298546163451384,12.168272640318127,0.0011907833276521181,-0.011373592366461734,-6.1587542070640211e-06,0.00019094019626297865,0.00036426845052953187,1,6.123233995736766e-17,0,1
2026-07-20 07:00:00,,0.087080032381031736,-0.88621988673260788,1,,-0.29999999999999999,0.53333333333333333,-0.212377014677544,45.645998380948413,-2.3291775400082817,12.188196064165696,0.0012395425147520749,-0.013671865861335595,-0.00019094019626297865,-0.00012935056793672572,0.00033966895273635997,0.96592582628906831,-0.25881904510252063,0,1
2026-07-20 08:00:00,,0.017086456242757463,-0.86403633539889646,1,,0.29999999999999999,0.53333333333333333,0.031810207881097598,49.145677187862127,-2.3615123965958307,12.273071510786856,0.0012286497853546787,-0.012341455776705316,0.00021557498551327825,1.8476035043235584e-05,0.00034099472179825285,0.86602540378443871,-0.49999999999999978,0,1
2026-07-20 09:00:00,,-0.055861576295308454,-0.73141370174606235,1,,0.29999999999999999,0.53333333333333333,0.43827142156743421,52.793078814765423,-2.3917224472764191,11.778483375189811,0.0012065479131118898,-0.0085230000893594705,0.00024015739661731317,0.00026479218586761277,0.00034503260821252689,0.70710678118654757,-0.70710678118654746,0,1
2026-07-20 10:00:00,,0.034052401889813379,-0.72854651573272655,1,,0.29999999999999999,0.53333333333333333,0.27618008923931348,48.297379905509331,-2.351523341987011,11.907548210922084,0.001201359411796608,-0.0088141488236299671,-0.00028942758200578567,0.00016630480012480575,0.00035175587689666149,0.49999999999999994,-0.86602540378443871,0,1
2026-07-20 11:00:00,,0.028034625446006201,-0.72782865422434306,1,,-0.14999999999999999,0.53333333333333333,-0.05459422968350857,48.59826872769969,-2.3914850767820046,12.027394129816336,0.0012160617476040774,-0.0084548830763409941,1.8476604000561281e-05,-3.0793581387911217e-05,0.0003446630342187551,0.25881904510252102,-0.9659258262890682,0,1
2026-07-20 12:00:00,,-0.069192370944778508,-0.47857840707560079,0.5,,0.29999999999999999,0.53333333333333333,0.066598737214176959,53.459618547238925,-2.4084074606851646,11.288401821790373,0.0011929986389634258,-0.0046880828485780096,0.00030789315119417182,3.6942173188947436e-05,0.00034409144669831059,1.2246467991473532e-16,-1,0,1
2026-07-20 13:00:00,,-0.041609337701562908,-0.33143106505931069,0.5,,0.29999999999999999,0.53333333333333333,0.430371270355006,52.080466885078145,-2.4431125271621594,10.602194678623405,0.0011929332687597445,-0.0029927956470292005,-8.0043100173732284e-05,0.00024632665502100082,0.00033808662834154999,-0.25881904510252079,-0.96592582628906831,0,1
2026-07-20 14:00:00,,0.075020965214551302,-0.52000966302763318,0.5,,-0.29999999999999999,0.53333333333333333,-0.22211302654301401,46.248951739272435,-2.3289512340380689,11.949811226935456,0.00122050478797543,-0.0056135537838352349,-0.00036335307540902306,-0.00013550302438858353,0.00034499924921761212,-0.49999999999999972,-0.86602540378443882,0,1
2026-07-20 15:00:00,,-0.04932995274048807,-0.2944922315395207,0.5,,-0.29999999999999999,0.53333333333333333,-0.082398155872107526,52.466497637024403,-2.3343913530787561,13.186221798780561,0.001210405090394575,-0.0029397739767575721,0.00039413964138557134,-4.925653419718401e-05,0.00035763326928363326,-0.70710678118654713,-0.70710678118654791,0,1
2026-07-20 16:00:00,,-0.15755378090127009,0.30493304775601632,-1,,0.29999999999999999,0.53333333333333333,0.62548032100210893,57.877689045063505,-2.3357707604104445,13.608706194512704,0.0012531778860523036,0.0030466913527947377,0.00040629386685786528,0.00043708043283441356,0.00036865319094676419,-0.86602540378443837,-0.50000000000000044,0,1
2026-07-20 17:00:00,,-0.2225404317309794,0.74283217191386808,-1,,0.14999999999999999,0.53333333333333333,0.94383547509578403,61.12702158654897,-2.315115690724129,12.673992032891389,0.0013941698224315296,0.0094485484196538197,0.00027692393076694799,0.0010773574390103846,0.00037335853118415315,-0.96592582628906831,-0.25881904510252063,0,1
2026-07-20 18:00:00,,-0.2858252943345832,0.92937655930762109,-1,,0.14999999999999999,0.53333333333333333,0.92873658965941519,64.29126471672916,-2.3390921110900829,11.80604316852874,0.0016435611726570718,0.015945086892348751,0.00029530102462516084,0.00097851882224997411,0.00036641084773919407,-1,-1.8369701987210297e-16,0,1
2026-07-20 19:00:00,,-0.18817814934200952,0.93665080188380079,-1,,0.14999999999999999,0.53333333333333333,0.46761851723087061,59.408907467100477,-2.3573454994640786,11.044797872148353,0.001744190182542574,0.016189025740735732,-0.00027684215559986569,0.00029538279979224313,0.00037369276919696698,-0.96592582628906842,0.2588190451025203,0,1
2026-07-20 20:00:00,,-0.071353666949083419,0.84557877529873893,-1,0,-0.14999999999999999,0.53333333333333333,-0.54725095495009868,53.567683347454171,-2.3776739068682655,10.90621528876075,0.0017584624893994859,0.011507005578476427,-0.0003692421347221142,-0.00035078326569681906,0.00038460357649092321,-0.8660254037844386,0.50000000000000011,0,1
2026-07-20 21:00:00,,-0.13115265342181545,0.79830186257719171,0.5,0,-0.14999999999999999,0.53333333333333333,-0.60606819981908466,56.557632671090772,-2.3652515226043436,11.178627713460886,0.0017512961318108858,0.010274650898154051,0.00024002289564339918,-0.00040606139467858071,0.00036238211469720102,-0.70710678118654768,0.70710678118654735,0,1
2026-07-20 22:00:00,,-0.15225623613242434,0.78360426200161104,0.5,0,-0.14999999999999999,0.53333333333333333,-0.076351828750435266,57.612811806621217,-2.3913899615558534,11.431582107825298,0.0017462946646143089,0.0096502221763672402,8.6148014649012339e-05,-4.3071224429702681e-05,0.00036252728919110343,-0.50000000000000044,0.86602540378443837,0,1
2026-07-20 23:00:00,,-0.11275396102788975,0.68074643681686053,1,0,0.14999999999999999,0.53333333333333333,0.36807713922258573,55.637698051394487,-2.4299872766650075,11.485168954691996,0.0017231354818251332,0.007311585538905159,-0.00011691696139948249,0.00020925394889292903,0.00025202107991213009,-0.25881904510252157,0.96592582628906809,0,1
2026-07-21 00:00:00,,-0.05923944320410271,0.39497462651648924,1,0,-0.10000000000000001,0.53333333333333333,-0.3486826768640886,52.961972160205136,-2.4630109328096581,11.964225657571633,0.0016877684077647411,0.0035577235574501681,-0.00016001378614394213,-0.00019078273289441228,0.00025546341752782665,0,1,0.7818314824680298,0.62348980185873359
2026-07-21 01:00:00,,-0.11228841209677214,0.31525415630035991,0.5,0,-0.10000000000000001,0.53333333333333333,-0.180710896033311,55.614420604838607,-2.4998909677765275,12.148305205831729,0.001680094932979388,0.0026792897980278604,0.00018462901928195663,-9.2301728261467986e-05,0.00025758521277252069,0.25881904510252074,0.96592582628906831,0.7818314824680298,0.62348980185873359
2026-07-21 02:00:00,,-0.07951063778935008,0.098360486165783925,0.5,0,-0.10000000000000001,0.53333333333333333,-0.13981741941266518,53.975531889467504,-2.5490143268080776,12.319236214930388,0.0016424590749155314,0.00077126617588018503,-9.2310248656524152e-05,-6.7695015518509649e-05,0.00025912461028257963,0.49999999999999994,0.86602540378443871,0.7818314824680298,0.62348980185873359
2026-07-21 03:00:00,,-0.1595291784465421,0.26459581141396715,0.5,0,0.10000000000000001,0.53333333333333333,0.6399445703501605,57.976458922327105,-2.5364441812165079,12.944934033540063,0.0015756638858045412,0.0021452392827927477,0.00027690518635736794,0.00036922395698280042,0.00025864550461950997,0.70710678118654746,0.70710678118654757,0.7818314824680298,0.62348980185873359
2026-07-21 04:00:00,,-0.10438789119125033,0.13426124031652617,0.5,0,0.10000000000000001,0.53333333333333333,0.073814670891556133,55.219394559562517,-2.5116185396124187,13.719862941440375,0.0015201530289896614,0.0010959701783203636,-0.00014767322403663741,3.6921713664206379e-05,0.00025987579290999506,0.8660254037844386,0.50000000000000011,0.7818314824680298,0.62348980185873359
2026-07-21 05:00:00,,-0.065727713903663276,-0.12333148246027945,1,0,0.10000000000000001,0.53333333333333333,0.050921602730205899,53.286385695183164,-2.5448581968209592,14.439439784490666,0.0014957836470889539,-0.00097291006895176835,-0.00010461506281789212,2.4616899502838407e-05,0.00025743179093062906,0.96592582628906831,0.25881904510252074,0.7818314824680298,0.62348980185873359
2026-07-21 06:00:00,,-0.054040652321865536,-0.34764279898672362,0.5,0,-0.10000000000000001,0.53333333333333333,-0.5335051730728777,52.702032616093277,-2.5599741469322113,15.462860966273805,0.0013774849785425447,-0.0028043792814962734,-3.0771219066139111e-05,-0.00028305950592066864,0.00024713159120731091,1,6.123233995736766e-17,0.7818314824680298,0.62348980185873359
2026-07-21 07:00:00,,-0.062894301757499133,-0.47260771249145794,0.5,0.5,-0.29999999999999999,0.53333333333333333,-0.23789702893476264,53.144715087874957,-2.6008105449612384,16.413180635072433,0.0012392594646966936,-0.0038102844924054885,2.4617051002095991e-05,-0.00011076923088193524,0.000247110857189537,0.96592582628906831,-0.25881904510252063,0.7818314824680298,0.62348980185873359
2026-07-21 08:00:00,,-0.097024723843717173,-0.44787610583062054,0.5,0.5,0.29999999999999999,0.53333333333333333,0.18860381891940509,54.851236192185858,-2.6126352797947905,16.627008700158544,0.0011923367095971931,-0.0035353322564810954,9.2308544451746855e-05,8.6154376387703735e-05,0.00023927554944247822,0.86602540378443871,-0.49999999999999978,0.7818314824680298,0.62348980185873359
2026-07-21 09:00:00,,-0.15034592119283588,-0.25216726244589632,0.5,0.5,0.29999999999999999,0.53333333333333333,0.52737154624317606,57.517296059641794,-2.6129674574232733,16.206338842952363,0.0011228345032357554,-0.0018895601260665203,0.00014767595000897416,0.000264601545462817,0.00023934306259861543,0.70710678118654757,-0.70710678118654746,0.7818314824680298,0.62348980185873359
2026-07-21 10:00:00,,-0.28805611771869338,0.45190106216022596,0.5,0.5,0.29999999999999999,0.53333333333333333,0.90338529972268233,64.402805885934669,-2.5882534461986046,15.383141397063786,0.00094332313901876301,0.0036605134792411058,0.00044904701292569627,0.00068903150738641727,0.00023653534383553118,0.49999999999999994,-0.86602540378443871,0.7818314824680298,0.62348980185873359
2026-07-21 11:00:00,,-0.40594900289709812,0.91203403720502041,0.5,0.5,0.14999999999999999,0.53333333333333333,0.98048206425534301,70.297450144854906,-2.5519943790541504,15.764975680561083,0.0012226362752626289,0.011996617168160899,0.00051031545365010089,0.0011070384165847713,0.00024592750263250366,0.25881904510252102,-0.9659258262890682,0.7818314824680298,0.62348980185873359
2026-07-21 12:00:00,,-0.37061085072982963,0.96146776804119327,0.5,0,0.29999999999999999,0.53333333333333333,0.94878157242484495,68.530542536491481,-2.5364653107875594,16.119536086665715,0.0014524018878098719,0.015551937429150786,-7.376444557039008e-05,0.00088559802100540708,0.0002361073015852968,1.2246467991473532e-16,-1,0.7818314824680298,0.62348980185873359
2026-07-21 13:00:00,,-0.34930562805793214,0.96961337650541746,0.5,0,0.29999999999999999,0.53333333333333333,0.67702992044963306,67.465281402896608,-2.5548139833641401,16.462386754092897,0.0016289692329639924,0.01620802180153702,-4.3031772824164705e-05,0.00039351923525554611,0.00023147163680522771,-0.25881904510252079,-0.96592582628906831,0.7818314824680298,0.62348980185873359
2026-07-21 14:00:00,,-0.43567638981598777,0.98600909326852815,0.5,0,0.29999999999999999,0.53333333333333333,0.51652667890871717,71.783819490799388,-2.5417610225867135,17.451134123525382,0.0019310469817411112,0.019506641030402068,0.00039336443878124072,0.00027656822038668594,0.00023800819649297492,-0.49999999999999972,-0.86602540378443882,0.7818314824680298,0.62348980185873359
2026-07-21 15:00:00,,-0.41669094497693948,0.98506704458591732,0.5,0,0.29999999999999999,0.53333333333333333,0.55838694486864682,70.834547248846974,-2.5146657126182466,18.933421755671535,0.0021555606299919839,0.019776934794275433,-3.6871343596089901e-05,0.00031346132236098612,0.0002264596136329559,-0.70710678118654713,-0.70710678118654791,0.7818314824680298,0.62348980185873359
2026-07-21 16:00:00,,0.2822526437425516,0.99635364061262455,0.5,0,0.29999999999999999,0.53333333333333333,0.97994114077509953,78.225264374255161,-2.4356518374249903,21.079612622495617,0.0026719252447823371,0.027598719853298342,0.00087839731932071174,0.0012348904145058626,0.00026934320174205455,-0.86602540378443837,-0.50000000000000044,0.7818314824680298,0.62348980185873359
2026-07-21 17:00:00,,0.33046100565576436,0.99958446630482489,0.5,0,0.14999999999999999,0.53333333333333333,0.99530839393143677,83.046100565576438,-2.3591337817305535,23.932424125459526,0.0035380593443312888,0.040063605379529771,0.00091443306922744938,0.0017559590449520712,0.00032176505211917817,-0.96592582628906831,-0.25881904510252063,0.7818314824680298,0.62348980185873359
2026-07-21 18:00:00,,0.65562343176370574,0.99981596558519881,0.5,0,0.14999999999999999,0.53333333333333333,0.99496247952770733,82.781171588185288,-2.333392952577074,26.581463378211726,0.0041408627732383366,0.045057486133043917,-1.2268734357334665e-05,0.0017805616541908265,0.00032366216016092191,-1,-1.8369701987210297e-16,0.7818314824680298,0.62348980185873359
2026-07-21 19:00:00,,0.63318001624428999,0.99983053175716508,0.5,0,0.14999999999999999,0.53333333333333333,0.89771988100996258,81.659000812214501,-2.3519551054898193,29.041285541481628,0.0045484553965944585,0.044621297243370578,-4.9076442704354406e-05,0.00085308789216576031,0.00032103292858567679,-0.96592582628906842,0.2588190451025203,0.7818314824680298,0.62348980185873359
2026-07-21 20:00:00,,0.64918447160525772,0.99981249103661429,0.5,0,0.14999999999999999,0.53333333333333333,0.16107605521596169,82.459223580262886,-2.3825737542919825,31.330939623212704,0.0048646411345090726,0.042808793585257354,0.00015335588717313442,9.2010710111445349e-05,0.00031232340673459206,-0.8660254037844386,0.50000000000000011,0.7818314824680298,0.62348980185873359
2026-07-21 21:00:00,,0.72911564127263373,0.99987096770247219,0.5,0,0.14999999999999999,0.53333333333333333,0.93891469395710503,86.455782063631688,-2.2961310669537283,34.301573462786052,0.0054681182783217937,0.048555018654694748,0.00096253774049781526,0.0010668171849665953,0.00035896932342065294,-0.70710678118654768,0.70710678118654735,0.7818314824680298,0.62348980185873359
2026-07-21 22:00:00,,0.73612643511147924,0.99992437012632618,0.5,0,0.14999999999999999,0.53333333333333333,0.96667582936005969,86.806321755573961,-2.3268650751719506,37.060019170961304,0.0059111887218761478,0.049692542196657058,0.00010416826247539035,0.00122006189014634,0.00035287929448702879,-0.50000000000000044,0.86602540378443837,0.7818314824680298,0.62348980185873359
2026-07-21 23:00:00,,0.70262833833704663,0.99988328762694756,0.5,0,0.14999999999999999,0.53333333333333333,0.93782981237681673,85.131416916852331,-2.3623228688980187,39.682913967983403,0.0062339685387402853,0.045917818436763957,-7.3529411797501609e-05,0.000993176591175704,0.00035858277323847713,-0.25881904510252157,0.96592582628906809,0.7818314824680298,0.62348980185873359
2026-07-22 00:00:00,,0.58976351582171394,0.99939310374282664,0.5,0,-0.10000000000000001,0.53333333333333333,-0.37206203420042616,79.488175791085695,-2.3847136246955918,40.889410850765486,0.0063361837072257792,0.037306702243848411,-0.0002512662914977426,-0.00022062744081985386,0.00036461124011235126,0,1,0.97492791218182362,-0.22252093395631434
2026-07-22 01:00:00,,0.62442243999533931,0.99842972658594664,0.5,0,0,0.53333333333333333,0,81.221121999766964,-2.4123205459001449,42.169176589828382,0.0063940184829392724,0.032029468788524029,0.00032479570329524421,0,0.00035846022714297338,0.25881904510252074,0.96592582628906831,0.97492791218182362,-0.22252093395631434
2026-07-22 02:00:00,,0.57573191615741104,0.99315029123416176,1,0,-0.10000000000000001,0.53333333333333333,-0.069316318478602909,78.786595807870555,-2.4485258135785748,43.4491639112725,0.0062947648409800178,0.024514433973719413,-0.00011029614526147924,-3.676673346397763e-05,0.0003618047100834048,0.49999999999999994,0.86602540378443871,0.97492791218182362,-0.22252093395631434
2026-07-22 03:00:00,,0.44606875873637991,0.9049768896153062,1,0,-0.10000000000000001,0.53333333333333333,-0.16045457836952362,72.303437936818995,-2.3786398736375616,42.139954434516284,0.0060208958649635635,0.013892700567235988,-0.00030644202663143716,-9.1942468597672189e-05,0.00037818743903620739,0.70710678118654746,0.70710678118654757,0.97492791218182362,-0.22252093395631434
2026-07-22 04:00:00,,0.45760451969897903,0.55282636246300831,0.5,0,-0.10000000000000001,0.53333333333333333,-0.53733448644453718,72.88022598494895,-2.3722452274057373,40.924259920385516,0.0056716854931058358,0.0058055883688747922,7.3554651138785232e-05,-0.00034318352075413117,0.00037848822527986964,0.8660254037844386,0.50000000000000011,0.97492791218182362,-0.22252093395631434
2026-07-22 05:00:00,,0.38021842992669519,-0.30392907697387078,-1,0,-0.10000000000000001,0.53333333333333333,-0.61714488483256935,69.01092149633476,-2.3602717203200045,39.323602425255189,0.0052179536208553983,-0.0029625065658345773,-0.00018389677312935504,-0.00041678414862200697,0.00038794102242047627,0.96592582628906831,0.25881904510252074,0.97492791218182362,-0.22252093395631434
2026-07-22 06:00:00,,0.42309826233673675,-0.66165943283406525,-1,0,0.10000000000000001,0.53333333333333333,0.22536972777402245,71.154913116836838,-2.3905350243802412,37.837277608348451,0.004846622422603507,-0.0072876193066334083,0.00023905921120093154,0.00012871708921036173,0.00038312135445516237,1,6.123233995736766e-17,0.97492791218182362,-0.22252093395631434
2026-07-22 07:00:00,,0.43916978986502014,-0.81527837476456555,-1,0,0.29999999999999999,0.53333333333333333,0.26461683105325595,71.958489493251008,-2.4243099296393105,36.773665109034404,0.0045699408573309317,-0.010116241299450546,9.1930635336190392e-05,0.00014709307340776689,0.00037493520994214062,0.96592582628906831,-0.25881904510252063,0.97492791218182362,-0.22252093395631434
2026-07-22 08:00:00,,0.23005193799534468,-0.96623301013251484,-1,0,-0.29999999999999999,0.53333333333333333,-0.33265806115989649,61.502596899767234,-2.4119141465962892,34.825501834591407,0.0041103264322538057,-0.018217320265905029,-0.00052105204649688375,-0.00019006219995976181,0.00040137736915959879,0.86602540378443871,-0.49999999999999978,0.97492791218182362,-0.22252093395631434
2026-07-22 09:00:00,,0.23568027240337996,-0.98910739153771077,-1,0,-0.29999999999999999,0.53333333333333333,-0.62426230363216229,61.784013620168999,-2.4060695823742928,32.525029556341352,0.0034963166968436524,-0.023477108135467079,2.4526184769335657e-05,-0.0004045952263913577,0.00040015002394069724,0.70710678118654757,-0.70710678118654746,0.97492791218182362,-0.22252093395631434
2026-07-22 10:00:00,,-0.041594217569534638,-0.99597225068121575,-1,0,-0.29999999999999999,0.53333333333333333,-0.9603866427390807,47.920289121523268,-2.1466826763587772,32.992010741944561,0.0030205818070547742,-0.036263261177100936,-0.00090173267591175943,-0.0013982585376393075,0.00045627357876444174,0.49999999999999994,-0.86602540378443871,0.97492791218182362,-0.22252093395631434
2026-07-22 11:00:00,,-0.01816185869437973,-0.99807328376825688,-1,0,-0.14999999999999999,0.53333333333333333,-0.78101730117555379,49.091907065281013,-2.0948013035485613,33.425636128576116,0.0023735312881400326,-0.042739227645907152,8.591434345284199e-05,-0.00079129214768958178,0.00045564195512202705,0.25881904510252102,-0.9659258262890682,0.97492791218182362,-0.22252093395631434
2026-07-22 12:00:00,,0.097420436230877955,-0.99757899939335037,-1,0,-0.29999999999999999,0.53333333333333333,-0.44884922299266167,54.871021811543898,-2.1030137115954202,33.828288273305418,0.0020376362447643106,-0.040994139382016626,0.00045399609361496118,-0.00036182223884395626,0.00042496766974117327,1.2246467991473532e-16,-1,0.97492791218182362,-0.22252093395631434
2026-07-22 13:00:00,,0.077833264944918448,-0.99746455393474531,-1,0,0.29999999999999999,0.53333333333333333,0.57149017033110039,53.891663247245923,-2.1327560287511496,33.876388013682742,0.0020302117999104136,-0.039518801179004068,-6.7472865199036391e-05,0.00047243757186876678,0.00037357015356590445,-0.25881904510252079,-0.96592582628906831,0.97492791218182362,-0.22252093395631434
2026-07-22 14:00:00,,0.15599786182614581,-0.99426175658638494,-1,0,0.29999999999999999,0.53333333333333333,0.75936448338081752,57.79989309130729,-2.1488633204710372,34.030786952187583,0.0019753807874680327,-0.034115474928663667,0.00032505466417642737,0.00071157789259235216,0.00038045109397876197,-0.49999999999999972,-0.86602540378443882,0.97492791218182362,-0.22252093395631434
2026-07-22 15:00:00,,0.19614769221754558,-0.98468347924561028,-1,0,0.29999999999999999,0.53333333333333333,0.54903707882661401,59.807384610877278,-2.1621921095563814,33.489682275814339,0.0018941408651298431,-0.027987281022031366,0.00017781538517791518,0.00043539718415530615,0.00038170426743308584,-0.70710678118654713,-0.70710678118654791,0.97492791218182362,-0.22252093395631434
2026-07-22 16:00:00,,0.10264903124615345,-0.98140192569816598,-1,0,0.29999999999999999,0.53333333333333333,0.29005871498571895,55.132451562307672,-2.1728460672390773,33.168295691069638,0.0018669947520543804,-0.026576175601709523,-0.00029433226645991795,0.00020853778289442459,0.00038718036090464568,-0.86602540378443837,-0.50000000000000044,0.97492791218182362,-0.22252093395631434
2026-07-22 17:00:00,,0.18679197431508926,-0.95725442491685742,-1,0,0.14999999999999999,0.53333333333333333,0.34429192980346901,59.339598715754462,-2.1943134444032486,32.729533950695867,0.001817800882668541,-0.02130655982875139,0.00036177121125025025,0.00024525432996824748,0.00032797859265412926,-0.96592582628906831,-0.25881904510252063,0.97492791218182362,-0.22252093395631434
2026-07-22 18:00:00,,0.11791122667387725,-0.95081254040663388,-1,0,-0.14999999999999999,0.53333333333333333,-0.22704879157573732,55.895561333693863,-2.2238692823185411,32.104236494434986,0.001739476177443111,-0.019908862587993764,-0.00022072619005886196,-0.00015328724526852966,0.00032942401917850241,-1,-1.8369701987210297e-16,0.97492791218182362,-0.22252093395631434
2026-07-22 19:00:00,,0.16571204667061123,-0.91726973444532611,-1,0,0.14999999999999999,0.53333333333333333,0.48641816417611661,58.285602333530562,-2.2500835528704877,31.624667789271449,0.0016644135041438222,-0.016562483342145232,0.00020233420160842286,0.00034337922279981115,0.00033363364385964465,-0.96592582628906842,0.2588190451025203,0.97492791218182362,-0.22252093395631434
2026-07-22 20:00:00,,0.22594295847578735,-0.80368004773836543,-1,0,0.14999999999999999,0.53333333333333333,0.37803207555512452,61.297147923789367,-2.2722807706731638,30.431520588325714,0.0016684467209614731,-0.011430387145745041,0.00026971526813213131,0.00025132327968169221,0.00033535700977546646,-0.8660254037844386,0.50000000000000011,0.97492791218182362,-0.22252093395631434
2026-07-22 21:00:00,,0.17209471660357281,-0.75329179938726543,-1,0,0.14999999999999999,0.53333333333333333,0.46656165415681106,58.60473583017864,-2.2940511653414606,29.345377832874227,0.0015693163369180508,-0.0098892554255893689,-0.00015936841106611865,0.00031268105867443552,0.00032816831827264917,-0.70710678118654768,0.70710678118654735,0.97492791218182362,-0.22252093395631434
2026-07-22 22:00:00,,0.19834726009006132,-0.66975508321289356,0.5,0,0.14999999999999999,0.53333333333333333,0.35542765315241742,59.917363004503066,-2.3344137362220985,28.336816702812133,0.0015129959332121005,-0.0078491425205001464,0.00011033468198018426,0.00022068153904619692,0.00032878646913662236,-0.50000000000000044,0.86602540378443837,0.97492791218182362,-0.22252093395631434
2026-07-22 23:00:00,,0.21033223985383487,-0.58843983450542636,0.5,0,0,0.53333333333333333,0,60.516611992691743,-2.3842024800516586,27.315651893657353,0.0015330694424610387,-0.0062235108198262917,4.9033729085934397e-05,0,0.00032155757516255347,-0.25881904510252157,0.96592582628906809,0.97492791218182362,-0.22252093395631434
2026-07-23 00:00:00,,0.070318085779396564,-0.78123390424996209,0.5,0,-0.10000000000000001,0.53333333333333333,-0.40241330173889545,53.515904288969828,-2.3921098557156721,27.087726174921617,0.001500898757146388,-0.0095873910268810536,-0.00039846865958192978,-0.00023910024851581113,0.00033342797156593601,0,1,0.43388373911755823,-0.90096886790241903
2026-07-23 01:00:00,,0.1095704712913448,-0.81528875623665742,0.5,0,-0.10000000000000001,0.53333333333333333,-0.3613832840397061,55.47852356456724,-2.4097923052378643,26.500642593981453,0.0014982861936827581,-0.010264454456339819,0.00014101475466876678,-0.0002084201758272286,0.00033282297241171401,0.25881904510252074,0.96592582628906831,0.43388373911755823,-0.90096886790241903
2026-07-23 02:00:00,,0.053346251351764948,-0.8933824491144472,1,0,-0.10000000000000001,0.53333333333333333,-0.66465150751561519,52.667312567588247,-2.4518797832584101,25.955493554537014,0.0014490859164459627,-0.012389468821009587,-0.00016554108982269611,-0.00042299499473585911,0.00032971125748336547,0.49999999999999994,0.86602540378443871,0.43388373911755823,-0.90096886790241903
2026-07-23 03:00:00,,-0.0068704062204949425,-0.94474775640057518,1,0,-0.10000000000000001,0.53333333333333333,-0.37241063849798883,49.656479688975253,-2.4429069720104097,25.989959081832243,0.0013720849215692855,-0.015473848901896965,-0.00018396669028408752,-0.00020849302543801684,0.00033047483958191385,0.70710678118654746,0.70710678118654757,0.43388373911755823,-0.90096886790241903
2026-07-23 04:00:00,,0.0073885016175674421,-0.95656323287932365,1,0,-0.10000000000000001,0.53333333333333333,-0.5178471654385034,50.369425080878372,-2.4395493196835387,26.541006411214372,0.0013743818754543603,-0.016601330934183978,4.2928588300128467e-05,-0.00030657919180665516,0.00031031479747900884,0.8660254037844386,0.50000000000000011,0.43388373911755823,-0.90096886790241903
2026-07-23 05:00:00,,0.018085038933847813,-0.96036792422492168,1,0,-0.10000000000000001,0.53333333333333333,-0.20923496482632753,50.904251946692391,-2.4679636991215919,26.785240001634254,0.0013737244082561689,-0.016532960246198991,3.0662149113069859e-05,-0.00011037595287088919,0.00031035101104948722,0.96592582628906831,0.25881904510252074,0.43388373911755823,-0.90096886790241903
2026-07-23 06:00:00,,-0.039856255413750576,-0.97253647657175846,0.5,-0.5,-0.10000000000000001,0.53333333333333333,-0.16782364561212865,48.007187229312471,-2.4933612281742565,27.180265745978559,0.0011720930113881612,-0.017659301962751964,-0.00015945344299961306,-8.5862705586414734e-05,0.00023229524705334305,1,6.123233995736766e-17,0.43388373911755823,-0.90096886790241903
2026-07-23 07:00:00,,0.028824408714301628,-0.96118787417174234,0.5,-0.5,0.29999999999999999,0.53333333333333333,0.1108293470885868,51.441220435715081,-2.514883367380623,27.604741238185394,0.00094407479783056977,-0.015861383279968923,0.00018398248538709083,5.5191191500547632e-05,0.00023456024524072137,0.96592582628906831,-0.25881904510252063,0.43388373911755823,-0.90096886790241903
2026-07-23 08:00:00,,0.10519975641481125,-0.9085152858643516,0.5,0.5,0.29999999999999999,0.53333333333333333,0.47019818827328264,55.259987820740562,-2.5461678299036561,27.382109155793316,0.00089406307289949325,-0.011905787415685272,0.00022073431036506719,0.00024526335275254496,0.00021783076576336908,0.86602540378443871,-0.49999999999999978,0.43388373911755823,-0.90096886790241903
2026-07-23 09:00:00,1,0.10729987211320363,-0.82752780345059751,1,0.5,0.29999999999999999,0.53333333333333333,0.70515925463806639,55.364993605660182,-2.5723720427090506,27.039456536760202,0.00080296299171923793,-0.0090116427025351206,6.1308131602544336e-06,0.00041084760891241245,0.00021683590924530504,0.70710678118654757,-0.70710678118654746,0.43388373911755823,-0.90096886790241903
2026-07-23 10:00:00,1,0.41587173326844268,0.59078687348891201,1,0,0.29999999999999999,0.53333333333333333,0.98957616497701895,70.793586663422133,-2.3678059079103835,27.526267919158308,0.0014200923920386339,0.0063601025752949812,0.0012805158122759508,0.0015073809358012724,0.00035020229823759123,0.49999999999999994,-0.86602540378443871,0.43388373911755823,-0.90096886790241903
2026-07-23 11:00:00,1,0.43789731857226089,0.93685872109899704,1,0,0.14999999999999999,0.53333333333333333,0.98246820227004705,71.894865928613044,-2.3213902801610349,28.081460489713134,0.0018817158132466269,0.016798354773489274,0.00013469580198055553,0.0014213424274167608,0.00034966675170459451,0.25881904510252102,-0.9659258262890682,0.43388373911755823,-0.90096886790241903
2026-07-23 12:00:00,1,0.46645670683903462,0.98468569216512392,1,0,0.29999999999999999,0.53333333333333333,0.98975075080513042,73.32283534195173,-2.3156835868262378,28.596996448085473,0.0022627854829047238,0.024005635456629842,0.00017752584118913006,0.0015927374554456364,0.00033937308199427342,1.2246467991473532e-16,-1,0.43388373911755823,-0.90096886790241903
2026-07-23 13:00:00,1,0.47045324744230299,0.99361282249791827,1,0,0.29999999999999999,0.53333333333333333,0.52377987361298473,73.52266237211515,-2.3583371901212709,29.075708409431218,0.0025864710208443609,0.027159832931077356,2.4483849841772098e-05,0.00033670549301145769,0.00033381603833088986,-0.25881904510252079,-0.96592582628906831,0.43388373911755823,-0.90096886790241903
2026-07-23 14:00:00,1,0.57084750785566651,0.9961276926274627,1,0,0.29999999999999999,0.53333333333333333,0.87192254346255826,78.542375392783327,-2.1972566684411636,31.053900188629761,0.0031231172777434501,0.034693963722396304,0.00070977100628244472,0.00091178069731334688,0.00035402673783782297,-0.49999999999999972,-0.86602540378443882,0.43388373911755823,-0.90096886790241903
2026-07-23 15:00:00,1,0.67669060487933197,0.99923533059731451,1,0,0.29999999999999999,0.53333333333333333,0.98546949939214634,83.834530243966597,-2.0837949518222159,33.316175354714396,0.0041036745771052914,0.048966562183710052,0.0011370306389313356,0.0018712854950555524,0.00042016984006116209,-0.70710678118654713,-0.70710678118654791,0.43388373911755823,-0.90096886790241903
2026-07-23 16:00:00,1,0.7706750287921238,0.99995327431638303,1,0,0.29999999999999999,0.53333333333333333,0.99963141580929271,88.533751439606192,-1.9878050705999568,35.988310285120249,0.0057731761608216517,0.073048487784526162,0.0017519179431477738,0.0035987195883615541,0.00054912917218164392,-0.86602540378443837,-0.50000000000000044,0.43388373911755823,-0.90096886790241903
2026-07-23 17:00:00,1,0.69487625211085713,0.99998700261436257,1,0,0.14999999999999999,0.53333333333333333,0.99660387424585439,84.743812605542857,-1.9988124777345126,38.521206600432635,0.0067826448708421397,0.080917609252611961,-0.0002500861590339909,0.0026388624230451185,0.00055302075859776749,-0.96592582628906831,-0.25881904510252063,0.43388373911755823,-0.90096886790241903
2026-07-23 18:00:00,1,0.49634135836151816,0.99994761898566531,1,0,0.14999999999999999,0.53333333333333333,0.72754779418210869,74.817067918075907,-1.9761378365866755,39.615500401466228,0.0072870381163070413,0.07311395912064686,-0.00072010939009903296,0.00078172239401474997,0.00059315896850492685,-1,-1.8369701987210297e-16,0.43388373911755823,-0.90096886790241903
2026-07-23 19:00:00,1,0.44237204768877858,0.9997311320027924,1,0,-0.14999999999999999,0.53333333333333333,-0.88895277155210539,72.11860238443893,-1.9883763662510279,40.006439386170854,0.0076200239484167437,0.061026224211229663,-0.00021369152183936535,-0.0011838870709723892,0.00059956776788250255,-0.96592582628906842,0.2588190451025203,0.43388373911755823,-0.90096886790241903
2026-07-23 20:00:00,1,0.48363164155589006,0.99922423679702088,1,0,-0.14999999999999999,0.53333333333333333,-0.53257984797388624,74.181582077794502,-1.9919917126916253,40.417804388921574,0.0079220202216807277,0.053576365917033242,0.0004395443461122639,-0.00049425656582613442,0.00058558095281807947,-0.8660254037844386,0.50000000000000011,0.43388373911755823,-0.90096886790241903
2026-07-23 21:00:00,1,0.42526948759365552,0.99677443047036152,1,0,0,0.53333333333333333,0,71.263474379682776,-2.0268465440103434,40.809114136478755,0.0080805363405576525,0.042345735985243521,-0.00022585282427289854,0,0.00059417846374000256,-0.70710678118654768,0.70710678118654735,0.43388373911755823,-0.90096886790241903
2026-07-23 22:00:00,1,0.43687503083085377,0.98757578844607918,1,0,0.14999999999999999,0.53333333333333333,0.3890509030162379,71.843751541542687,-2.0475252634255185,41.231679840960936,0.0081380953224346568,0.032747576827529212,0.00010988071848583303,0.00032357224032519838,0.00058815180091149313,-0.50000000000000044,0.86602540378443837,0.43388373911755823,-0.90096886790241903
2026-07-23 23:00:00,1,0.46097008941324591,0.96815035297821672,1,0,0.14999999999999999,0.53333333333333333,0.14279552127689371,73.048504470662294,-2.0778995995250611,41.710975065777944,0.0080975073648722612,0.025813667348811575,0.00022582801156811882,0.00010985590578105331,0.00058024568934841674,-0.25881904510252157,0.96592582628906809,0.43388373911755823,-0.90096886790241903
2026-07-24 00:00:00,1,0.31814971893876387,0.78203076196140886,1,0,-0.10000000000000001,0.53333333333333333,-0.25409377180340043,65.907485946938195,-2.0941157756600988,41.591602179822559,0.0078546045681514055,0.012940920063577332,-0.00053108204634355616,-0.0001953733162896043,0.0006044737520363013,0,1,-0.43388373911755801,-0.90096886790241915
2026-07-24 01:00:00,1,0.37418859954871608,0.54085520710975321,0.5,0,0.10000000000000001,0.53333333333333333,0.19733774646224492,68.709429977435803,-2.1200680343007559,41.480755928578276,0.0075866056154076066,0.0072657838796598151,0.00045174288052240996,0.00014648884574697263,0.00060498880481841871,0.25881904510252074,0.96592582628906831,-0.43388373911755801,-0.90096886790241915
2026-07-24 02:00:00,1,0.36439718458960274,0.10966559199476007,0.5,0,-0.10000000000000001,0.53333333333333333,-0.16231394962999179,68.219859229480136,-2.1539772897613898,41.496874493274603,0.0071189183017425443,0.0012774976130683069,-3.6620199706405288e-05,-0.00011595936552755148,0.00060135767313592076,0.49999999999999994,0.86602540378443871,-0.43388373911755801,-0.90096886790241915
2026-07-24 03:00:00,1,0.32541098081998171,-0.44709509542530512,0.5,0,0.10000000000000001,0.53333333333333333,0.36362760761690233,66.270549040999086,-2.1362941847697186,41.940450647336263,0.0065351248740362078,-0.0056809611577411934,-0.00014038985675757232,0.00027473282405843236,0.00060740015050171961,0.70710678118654746,0.70710678118654757,-0.43388373911755801,-0.90096886790241915
2026-07-24 04:00:00,1,0.25968263094560767,-0.82133128612476891,0.5,0,-0.10000000000000001,0.53333333333333333,-0.51410470394380137,62.984131547280384,-2.123129802436257,41.285770821195747,0.0058373878618530779,-0.013890865913235045,-0.00023809741959990305,-0.00041510747606388065,0.00061627331416397476,0.8660254037844386,0.50000000000000011,-0.43388373911755801,-0.90096886790241915
2026-07-24 05:00:00,1,0.25624209911299572,-0.93766089929614105,1,0,-0.10000000000000001,0.53333333333333333,-0.4991459995690633,62.812104955649787,-2.1476989530943129,40.677853839779559,0.0049133688317716338,-0.020061862339374209,-1.2211652358651293e-05,-0.00039069892871612666,0.00061659786849664209,0.96592582628906831,0.25881904510252074,-0.43388373911755801,-0.90096886790241915
2026-07-24 06:00:00,1,0.28565807742060173,-0.96132834505545395,0.5,0,-0.10000000000000001,0.53333333333333333,-0.11209616376326409,64.282903871030086,-2.1586192511218782,40.56508636916319,0.0044169296041234015,-0.022671161738241352,0.00017094956418972629,-7.9359507768828053e-05,0.00056212648084563992,1,6.123233995736766e-17,-0.43388373911755801,-0.90096886790241915
2026-07-24 07:00:00,1,0.31081879501234139,-0.96865560512741222,0.5,0,0.29999999999999999,0.53333333333333333,0.42006528781079727,65.540939750617071,-2.1922595998267309,40.460373717876564,0.0038500943457612921,-0.023114873147582704,0.00014650494175150186,0.00030524285358257686,0.00056211768359470081,0.96592582628906831,-0.25881904510252063,-0.43388373911755801,-0.90096886790241915
2026-07-24 08:00:00,1,0.3225956943886189,-0.97246882522380551,-1,0,0.29999999999999999,0.53333333333333333,0.52714923573429273,66.129784719430944,-2.2305077090922136,40.385984983023519,0.0031943574982661832,-0.022954922032265623,6.7140925776421057e-05,0.00038459543171764921,0.00056236318889847962,0.86602540378443871,-0.49999999999999978,-0.43388373911755801,-0.90096886790241915
2026-07-24 09:00:00,1,0.17689579006707248,-0.98960954434962289,-1,0,-0.29999999999999999,0.53333333333333333,-0.35279278704520312,58.844789503353624,-2.2462317240068304,39.75034048525157,0.0022444389842178336,-0.027797174357041543,-0.00045176218542142266,-0.00023811631789349974,0.00057753865743966342,0.70710678118654757,-0.70710678118654746,-0.43388373911755801,-0.90096886790241915
2026-07-24 10:00:00,1,0.17952654054792944,-0.9927652128355281,-1,0,-0.29999999999999999,0.53333333333333333,-0.50787857136501235,58.976327027396472,-2.2168249717385251,37.501698342642726,0.0014413558987307379,-0.030607374187690967,1.2212472598527313e-05,-0.00037240878704647429,0.00056083851293065479,0.49999999999999994,-0.86602540378443871,-0.43388373911755801,-0.90096886790241915
2026-07-24 11:00:00,1,0.10891441629567808,-0.99660119944232317,-1,0,-0.14999999999999999,0.53333333333333333,-0.76561899316469906,55.445720814783904,-2.2260153851855828,35.555171311639867,0.0013091200922648182,-0.034415736055548929,-0.00022595488937326991,-0.00066550460219616525,0.00050639698745782557,0.25881904510252102,-0.9659258262890682,-0.43388373911755801,-0.90096886790241915
2026-07-24 12:00:00,0.33333333333333331,0.034976236699386473,-0.99867480351945537,-1,-0.5,-0.29999999999999999,0.53333333333333333,-0.6146003424680071,51.748811834969324,-2.2433391182180915,33.283648895600699,0.0012083107260970794,-0.038826916159779679,-0.00025044209268365591,-0.00046418450945839851,0.00030187164636521103,1.2246467991473532e-16,-1,-0.43388373911755801,-0.90096886790241915
2026-07-24 13:00:00,1,0.18123759882264992,-0.99639947279101138,-1,-0.5,0.29999999999999999,0.53333333333333333,0.21830710489743491,59.061879941132496,-2.2240729698120201,31.660836783065538,0.0010105843702407395,-0.034170269384130106,0.0006229350211519602,0.00014653803909503438,0.00033754628979521049,-0.25881904510252079,-0.96592582628906831,-0.43388373911755801,-0.90096886790241915
2026-07-24 14:00:00,1,0.20167730166738465,-0.99226479007316493,-1,0.5,0.29999999999999999,0.53333333333333333,0.6199119732962427,60.083865083369233,-2.2421760177832013,30.514824672227121,0.0010113244929345951,-0.029484631644342202,9.7680097757901763e-05,0.00047017302622620605,0.00029804075877532205,-0.49999999999999972,-0.86602540378443882,-0.43388373911755801,-0.90096886790241915
2026-07-24 15:00:00,1,0.26010881053478341,-0.97677441749862626,0.5,0.5,0.29999999999999999,0.53333333333333333,0.92096656940473776,63.005440526739172,-2.2689069724266004,29.706054606922567,0.0010413624717184832,-0.022980902784881588,0.00028688011964916882,0.0010074952385590308,0.00030008142408774122,-0.70710678118654713,-0.70710678118654791,-0.43388373911755801,-0.90096886790241915
2026-07-24 16:00:00,1,0.1260290039257444,-0.97791277525633546,0.5,-0.5,-0.29999999999999999,0.53333333333333333,-0.077485882219213612,56.30145019628722,-2.2726607934394463,28.703712735127631,0.0010212584747626386,-0.023156672052040209,-0.00043340384454459979,-4.8843627137529211e-05,0.00030024219585784409,-0.86602540378443837,-0.50000000000000044,-0.43388373911755801,-0.90096886790241915
2026-07-24 17:00:00,1,0.075683115271448567,-0.98172033640380973,0.5,-0.5,-0.14999999999999999,0.53333333333333333,-0.46304905150831865,53.784155763572429,-2.2466845597972882,26.775534234892231,0.0010476485884745499,-0.024776686606129264,-0.00017707814993528359,-0.00032360187483071456,0.00029865640343465104,-0.96592582628906831,-0.25881904510252063,-0.43388373911755801,-0.90096886790241915
2026-07-24 18:00:00,0.33333333333333331,0.00089987669042983502,-0.98912924686385473,1,-0.5,-0.14999999999999999,0.53333333333333333,-0.87171157834835855,50.044993834521492,-2.223813363414147,25.644414071868674,0.0011333538734766499,-0.028181613826983101,-0.00027483853409204784,-0.00088532052857193122,0.00030253614835897566,-1,-1.8369701987210297e-16,-0.43388373911755801,-0.90096886790241915
2026-07-24 19:00:00,1,0.051892585382753681,-0.98285501977982304,1,-0.5,-0.14999999999999999,0.53333333333333333,-0.04711759550841562,55.189258538275368,-2.2439493319957271,24.524405913667135,0.0010672479664949113,-0.025187352542897015,0.00042138820553372369,-3.0528478493607736e-05,0.00031432346955597232,-0.96592582628906842,0.2588190451025203,-0.43388373911755801,-0.90096886790241915
2026-07-24 20:00:00,1,0.075757615292182834,-0.96334386990781995,0.5,0.5,0.14999999999999999,0.53333333333333333,0.51844221962898984,57.575761529218283,-2.2754525215477086,22.826264501423228,0.0010730898730765585,-0.020451561499587059,0.00021367978029562806,0.00036022945173730392,0.00029467980167746687,-0.8660254037844386,0.50000000000000011,-0.43388373911755801,-0.90096886790241915
2026-07-24 21:00:00,1,0.095003833368997093,-0.91002858940889553,0.5,0.5,0.14999999999999999,0.53333333333333333,0.87069825460747663,59.500383336899709,-2.3070556317954218,21.476800042897466,0.0010668816870275303,-0.01520876407153314,0.00017701437830197619,0.00081208236413132795,0.00027912014663771624,-0.70710678118654768,0.70710678118654735,-0.43388373911755801,-0.90096886790241915
2026-07-24 22:00:00,1,0.10237247037376995,-0.81901396670417848,0.5,0.5,0.14999999999999999,0.53333333333333333,0.65502483655487131,60.237247037376996,-2.3469839598352471,20.223725902837831,0.0010877396490084634,-0.011037075067385591,6.7135188935196766e-05,0.00045782934753280102,0.00027939165170245923,-0.50000000000000044,0.86602540378443837,-0.43388373911755801,-0.90096886790241915
2026-07-24 23:00:00,1,-0.21729281274136411,-0.69821800334066442,0.5,0.5,0.14999999999999999,0.53333333333333333,0.491968662838141,60.864640637068206,-2.3972537350355938,19.239681359269632,0.0011471962103385021,-0.0078579025044806516,5.4925438730535348e-05,0.00029907500596770831,0.00027748728017113091,-0.25881904510252157,0.96592582628906809,-0.43388373911755801,-0.90096886790241915
2026-07-27 00:00:00,0.33333333333333331,-0.088103469753101391,-0.96956934808507722,0.5,0,-0.10000000000000001,0.53333333333333333,-0.97532530825211317,41.189653024689861,-2.2412369641897727,20.289155097956353,0.0015024732682808928,-0.022169795668706048,-0.0015451658630620813,-0.0014231052353963491,0.00044392448311735493,0,1,0,1
2026-07-27 01:00:00,0.33333333333333331,-0.025228071392898812,-0.97926322269171728,-1,0,-0.10000000000000001,0.53333333333333333,-0.8925834764007996,47.477192860710119,-2.2123202783475118,20.727320140727894,0.0015718145296261536,-0.024945961736674002,0.00053161100770182657,-0.00095862941662971934,0.00046272242595158742,0.25881904510252074,0.96592582628906831,0,1
2026-07-27 02:00:00,0.33333333333333331,-0.069134203852319734,-0.9931785971496897,-1,0,-0.10000000000000001,0.53333333333333333,-0.97771425359439013,43.086579614768027,-2.2224523027284051,21.134187680444324,0.0017778977830709402,-0.030755466305433951,-0.0004704919171345523,-0.001484046772494807,0.00047062977237152473,0.49999999999999994,0.86602540378443871,0,1
2026-07-27 03:00:00,0.33333333333333331,-0.059722884202681147,-0.99433898939705001,-1,0,0.10000000000000001,0.53333333333333333,0.20551793437873273,44.027711579731886,-2.2043828619543526,22.168415871318643,0.0018880509525716857,-0.032347977179209085,7.9449233509443218e-05,0.00014056832407671749,0.00046934452804104173,0.70710678118654746,0.70710678118654757,0,1
2026-07-27 04:00:00,0.33333333333333331,-0.13559830967711689,-0.99868137549495195,-1,0,-0.10000000000000001,0.53333333333333333,-0.95607762556087517,36.44016903228831,-2.1733494016548547,23.38207502217891,0.0023489861929850732,-0.041670062996884978,-0.00092933968549147039,-0.0013203823691165795,0.00050656894584791474,0.8660254037844386,0.50000000000000011,0,1
2026-07-27 05:00:00,0.33333333333333331,-0.067671769440558971,-0.99793720515203066,-1,0,-0.10000000000000001,0.53333333333333333,-0.34404418668080727,43.232823055944102,-2.1688376053948684,24.637329171590583,0.0024998213228460682,-0.039298827043023066,0.00059927843779750134,-0.00025061201418452583,0.00052344978222619023,0.96592582628906831,0.25881904510252074,0,1
2026-07-27 06:00:00,0.33333333333333331,-0.13534353888111794,-0.9969961158487366,-1,0,-0.10000000000000001,0.53333333333333333,-0.45341657911740146,43.232823055944102,-2.2033634975663285,25.243675158773751,0.002621286678269935,-0.035887308725031673,0,-0.00033006124769396905,0.00052337175616017561,1,6.123233995736766e-17,0,1
2026-07-27 07:00:00,0.33333333333333331,-0.1353435388811178,-0.99499557343180756,-1,0,0.29999999999999999,0.53333333333333333,0.72551814903745238,43.23282305594411,-2.2385348980823543,25.897617623291787,0.002731669815438491,-0.031920804566477758,0,0.00059927843779750134,0.00052198635727088312,0.96592582628906831,-0.25881904510252063,0,1
2026-07-27 08:00:00,0.33333333333333331,-0.11858460989765775,-0.98986414265064226,-1,0,0.29999999999999999,0.53333333333333333,0.10698171890872753,44.070769505117113,-2.2785967797413269,26.375449420889687,0.0028111833338696083,-0.027039628464714069,6.7243534711991515e-05,6.7243534711991515e-05,0.00052028260216975325,0.86602540378443871,-0.49999999999999978,0,1
2026-07-27 09:00:00,0.33333333333333331,-0.20477561019992749,-0.99060257321322942,-1,0,-0.29999999999999999,0.53333333333333333,-0.55703511651905269,39.761219490003626,-2.2844913118208106,27.219676822431079,0.0029571434129980409,-0.027267723331607905,-0.00045856835764812587,-0.00039132482293613435,0.00050475891847916209,0.70710678118654757,-0.70710678118654746,0,1
2026-07-27 10:00:00,0.33333333333333331,-0.19139272835314045,-0.98067506914877034,-1,0,-0.29999999999999999,0.53333333333333333,-0.47137568982631844,40.430363582342977,-2.2126555936408807,29.080099924767044,0.0030278520020917384,-0.025327238394757347,4.892397826239403e-05,-0.00034240084467374032,0.00050394917145415497,0.49999999999999994,-0.86602540378443871,0,1
2026-07-27 11:00:00,0.33333333333333331,-0.19260006083644213,-0.97208074333434291,-1,0,-0.14999999999999999,0.53333333333333333,-0.56436495348998639,40.369996958177893,-2.2407334660322058,30.497263169164135,0.0029829098626286635,-0.022645886151092205,-6.115366386616472e-06,-0.00041575974577234831,0.00049671311651344166,0.25881904510252102,-0.9659258262890682,0,1
2026-07-27 12:00:00,0.33333333333333331,-0.16634405607601793,-0.94105484240743764,-1,0,0.29999999999999999,0.53333333333333333,0.19441938482740131,41.682797196199104,-2.2383060869692439,31.086965522299707,0.0029838807488255037,-0.01863185403520573,8.5611726412970768e-05,0.00012842033828874833,0.00049200781784144857,1.2246467991473532e-16,-1,0,1
2026-07-27 13:00:00,0.33333333333333331,-0.066963229373473473,-0.79617613626963568,-1,0,0.29999999999999999,0.53333333333333333,0.57355984490110079,46.651838531326327,-2.2617812569922999,31.634546278782736,0.0029460268587699124,-0.011333956209398005,0.00033626084375981691,0.0004157572037861712,0.00049977306199715742,-0.25881904510252079,-0.96592582628906831,0,1
2026-07-27 14:00:00,1,0.027173934614116178,-0.20789579340689548,-1,0,0.29999999999999999,0.53333333333333333,0.84834719854375418,51.358696730705809,-2.2868930895617789,31.401819443241735,0.0029242741786301954,-0.0021430774686220302,0.00035447989614478814,0.00077635246631757582,0.00050466583149169327,-0.49999999999999972,-0.86602540378443882,0,1
2026-07-27 15:00:00,1,0.092581594018823099,0.5948501618026284,-1,0,0.29999999999999999,0.53333333333333333,0.91656865647918961,54.629079700941155,-2.3007578346731945,30.400218173564014,0.0028393868413420023,0.0068639211993243021,0.00026883198773752781,0.00095957272764213286,0.00049878367412061213,-0.70710678118654713,-0.70710678118654791,0,1
2026-07-27 16:00:00,1,0.17039781886103739,0.92100988505887316,-1,0,0.29999999999999999,0.53333333333333333,0.91798525645850826,58.51989094305187,-2.293782798954433,28.796303042180572,0.0027400230353356479,0.016097491011224711,0.00034815220099826405,0.00097146408488058,0.00050307620303520993,-0.86602540378443837,-0.50000000000000044,0,1
2026-07-27 17:00:00,1,0.097492719552902118,0.95460332169365347,-1,0,0.14999999999999999,0.53333333333333333,0.53965444339438828,54.874635977645106,-2.3086797041840805,27.197307204601113,0.0025209595018566206,0.018698211747108843,-0.00025041303011441585,0.00036657115862137601,0.00050336568506752851,-0.96592582628906831,-0.25881904510252063,0,1
2026-07-27 18:00:00,1,0.1033608923946565,0.96675567856739941,-1,0,0.14999999999999999,0.53333333333333333,0.2028621986748062,55.168044619732825,-2.330763324895722,26.078130072188973,0.002240804536429795,0.019834434968266739,2.4433300145787484e-05,0.00012217247102963569,0.00050297368855234924,-1,-1.8369701987210297e-16,0,1
2026-07-27 19:00:00,1,-0.001513689076794691,0.92100642880494121,-1,0,-0.14999999999999999,0.53333333333333333,-0.75118061674060121,49.924315546160265,-2.3084022706522855,25.722307523065542,0.001801070606820477,0.015863639646778158,-0.0003665622005453173,-0.00059254193051394566,0.00050746277993120607,-0.96592582628906842,0.2588190451025203,0,1
2026-07-27 20:00:00,1,0.11343646171447233,0.94501834505450821,-1,0,0.14999999999999999,0.53333333333333333,0.20051852826512792,55.671823085723616,-2.3188163804016821,25.073100278711689,0.0019073065870923328,0.017543065529875779,0.00046428943170528925,0.00012216053130575943,0.0003822833871151775,-0.8660254037844386,0.50000000000000011,0,1
2026-07-27 21:00:00,1,0.091284183796421767,0.97206997635245507,0.5,0,0.14999999999999999,0.53333333333333333,0.59530583021010941,59.128418379642177,-2.3111432892833381,23.712270831046219,0.0020589562937949005,0.02110429419458142,0.00031754755846780114,0.00041527478962777309,0.00037050251950857709,-0.70710678118654768,0.70710678118654735,0,1
2026-07-27 22:00:00,1,0.053726840054866186,0.96422011642422689,0.5,0,0.14999999999999999,0.53333333333333333,0.70553710814794668,55.372684005486619,-2.3235739568666594,22.448643486785425,0.0021522258504127023,0.019611353540661406,-0.00025647288855790151,0.00052536410161518887,0.00035830862099390913,-0.50000000000000044,0.86602540378443837,0,1
2026-07-27 23:00:00,1,0.057331650850932621,0.95698402776752256,1,0,0.14999999999999999,0.53333333333333333,0.15787991529758896,55.733165085093262,-2.3621843428111102,21.275275238543259,0.0022405248328783334,0.017983551847106895,3.0535936219600046e-05,9.1610606129499672e-05,0.00035816587404277481,-0.25881904510252157,0.96592582628906809,0,1
2026-07-28 00:00:00,1,0.013551572962512637,0.88232458192768703,1,0,-0.10000000000000001,0.53333333333333333,-0.72886759347954644,51.355157296251264,-2.3768587496528948,20.881290761247421,0.0020925376509018851,0.012869411922711401,-0.00029929238951886816,-0.00052522934185716963,0.0002902543512103504,0,1,0.7818314824680298,0.62348980185873359
2026-07-28 01:00:00,1,-0.10724968642923102,0.87302182676008067,1,0,0.10000000000000001,0.53333333333333333,0.087621793822407271,55.362484321461551,-2.3961559607586898,19.723551405065535,0.0021289261198814348,0.012254446455020315,0.00031761350368686436,4.8857050387596246e-05,0.00026904583096850661,0.25881904510252074,0.96592582628906831,0.7818314824680298,0.62348980185873359
2026-07-28 02:00:00,1,-0.15483311524858423,0.90248891033764422,1,0,0.10000000000000001,0.53333333333333333,0.38299350169994578,57.741655762429211,-2.416813766313322,18.332010840536064,0.0021916705147414606,0.013251247904397655,0.00020151010519242618,0.00021983121936042238,0.00027079012312723088,0.49999999999999994,0.86602540378443871,0.7818314824680298,0.62348980185873359
2026-07-28 03:00:00,1,-0.092144249908745049,0.83750197845511543,1,0,0.10000000000000001,0.53333333333333333,0.51916017549397286,54.607212495437253,-2.4034556032682244,17.704795906549997,0.0021844496115096135,0.010963851566786668,-0.00020151010519242618,0.00031761350368686436,0.00027687543931850388,0.70710678118654746,0.70710678118654757,0.7818314824680298,0.62348980185873359
2026-07-28 04:00:00,1,-0.1247065371828559,0.81205781187247827,1,0,0.10000000000000001,0.53333333333333333,0.23002273411589638,56.235326859142795,-2.4117105302125963,16.77722865754707,0.0021946482041464536,0.010159057788235844,0.00012823840147024868,0.00012823840147024868,0.00027739544488240771,0.8660254037844386,0.50000000000000011,0.7818314824680298,0.62348980185873359
2026-07-28 05:00:00,1,-0.02308858421402931,0.53788634753368647,1,0,-0.10000000000000001,0.53333333333333333,-0.6164681980921316,51.154429210701466,-2.3886073565604895,15.770132343439615,0.0019969810979472329,0.0055162398566662094,-0.00032978912116909953,-0.00040306082489127704,0.00026612803345807179,0.96592582628906831,0.25881904510252074,0.7818314824680298,0.62348980185873359
2026-07-28 06:00:00,1,-0.10382764503058681,0.53064913222568766,1,0,0.10000000000000001,0.53333333333333333,0.18611920944357113,55.19138225152934,-2.4048979216305879,14.834971480339835,0.0018010525397599651,0.0053356713393029435,0.00030536402682646013,0.00010381330712760928,0.00027164546374838929,1,6.123233995736766e-17,0.7818314824680298,0.62348980185873359
2026-07-28 07:00:00,1,-0.078861458075231206,0.42608467159198621,1,0,-0.29999999999999999,0.53333333333333333,-0.19442000750448252,53.943072903761561,-2.4496184668306209,13.848383822360056,0.001510157925208434,0.0039287461118817923,-7.938567703380528e-05,-0.00010381077137644468,0.00027326686229149156,0.96592582628906831,-0.25881904510252063,0.7818314824680298,0.62348980185873359
2026-07-28 08:00:00,1,-0.059018974736518001,0.23528604589970784,1,0.5,0.29999999999999999,0.53333333333333333,0.31147984877861667,52.9509487368259,-2.4792841573172426,13.254394647131511,0.0011446605840225441,0.0020094161866609506,-6.1070194099954733e-05,0.00016490815569270012,0.00027478915460136296,0.86602540378443871,-0.49999999999999978,0.7818314824680298,0.62348980185873359
2026-07-28 09:00:00,0.33333333333333331,0.0022443974195971352,-0.17567514612960033,1,-0.5,-0.29999999999999999,0.53333333333333333,-0.57153282263299476,49.887780129020143,-2.4876748872165035,13.416161230575844,0.00088022450509964319,-0.0014752154360667021,-0.00018934130659342685,-0.00032979717772718686,0.00027236622239303299,0.70710678118654757,-0.70710678118654746,0.7818314824680298,0.62348980185873359
2026-07-28 10:00:00,1,-0.12903120109268967,0.12061486736932231,1,0.5,0.29999999999999999,0.53333333333333333,0.38687078696783311,56.451560054634484,-2.485187926635573,12.722999031754696,0.0008068166918115627,0.0010097569889294528,0.00045802226788893563,0.00020761076719555405,0.00027961881869739257,0.49999999999999994,-0.86602540378443871,0.7818314824680298,0.62348980185873359
2026-07-28 11:00:00,1,-0.18855076645922367,0.51588465824310292,0.5,0.5,0.14999999999999999,0.53333333333333333,0.75546145353302285,59.427538322961183,-2.4743663999591083,12.35772046166891,0.0008966211101563438,0.0048063578819845243,0.00023808869832198098,0.00050676965961748976,0.00027838530430237223,0.25881904510252102,-0.9659258262890682,0.7818314824680298,0.62348980185873359
2026-07-28 12:00:00,1,-0.26359035717957552,0.8364184656446515,0.5,0.5,0.29999999999999999,0.53333333333333333,0.96380950972481272,63.179517858978777,-2.4753985722130247,12.448743850220845,0.001152313963808607,0.010172348291390198,0.00032956771999437251,0.0010256786862052891,0.00027733160036155817,1.2246467991473532e-16,-1,0.7818314824680298,0.62348980185873359
2026-07-28 13:00:00,1,-0.33695917873715669,0.96185098287037352,0.5,0,0.29999999999999999,0.53333333333333333,0.94841217906371877,66.847958936857836,-2.4738116773773258,13.20580890202436,0.0015075694394462527,0.01660042870483874,0.00036605901279962438,0.00093371543111597788,0.00027772237329525332,-0.25881904510252079,-0.96592582628906831,0.7818314824680298,0.62348980185873359
2026-07-28 14:00:00,1,-0.32746388909265817,0.98322993057286079,0.5,0,0.29999999999999999,0.53333333333333333,0.87748795447777372,66.373194454632909,-2.5182390716932961,13.908797878699055,0.0017424481270566674,0.019235069740311098,-2.4399765763405412e-05,0.00067122696703059148,0.00027835700816707722,-0.49999999999999972,-0.86602540378443882,0.7818314824680298,0.62348980185873359
2026-07-28 15:00:00,1,-0.1990692062859864,0.96166887592460981,0.5,0,0,0.53333333333333333,0,59.953460314299321,-2.50994458731377,13.575056581812907,0.0016985474435986926,0.015991585094860483,-0.00034165924703621897,0,0.00027636194816176235,-0.70710678118654713,-0.70710678118654791,0.7818314824680298,0.62348980185873359
2026-07-28 16:00:00,1,-0.10645703871116893,0.84138010229530913,0.5,0,-0.29999999999999999,0.53333333333333333,-0.86178932749609827,55.322851935558447,-2.5163569333141242,12.786239716059491,0.0016912654894459108,0.0098993802203447279,-0.00027463222340973203,-0.00064069123620935642,0.00027001190506334568,-0.86602540378443837,-0.50000000000000044,0.7818314824680298,0.62348980185873359
2026-07-28 17:00:00,1,-0.16075138942588368,0.73361867299261729,0.5,0,-0.14999999999999999,0.53333333333333333,-0.68186327519295098,58.037569471294184,-2.534884364663498,12.053766912145603,0.0017437495050452501,0.0074238665569835716,0.00021360935812264614,-0.00040268211232330486,0.00026517864026111694,-0.96592582628906831,-0.25881904510252063,0.7818314824680298,0.62348980185873359
2026-07-28 18:00:00,0.33333333333333331,0.17535642954374125,-0.75683412871090761,0.5,0,-0.14999999999999999,0.53333333333333333,-0.98803894374141144,41.232178522812937,-2.4170972717505692,13.01063328781375,0.0018830924586579758,-0.0088177940447679709,-0.0013312247399790422,-0.0013922476052661281,0.00040011684190853486,-1,-1.8369701987210297e-16,0.7818314824680298,0.62348980185873359
2026-07-28 19:00:00,0.33333333333333331,0.036048586078117922,-0.89169056676565484,0.5,0,-0.14999999999999999,0.53333333333333333,-0.75576879694991339,48.197570696094104,-2.405297213572783,13.934887964607151,0.0018830924586579754,-0.01290518551874819,0.00057423167549242038,-0.0005433837063639757,0.00042211036739481488,-0.96592582628906842,0.2588190451025203,0.7818314824680298,0.62348980185873359
2026-07-28 20:00:00,1,-0.043203756506398461,-0.84422057229688519,0.5,0,-0.14999999999999999,0.53333333333333333,-0.59977495654673241,52.160187825319923,-2.3976003149022413,13.821658105249904,0.0018116500442403583,-0.011236818133307742,0.0003724633609332173,-0.00038452970355340454,0.0004237648500352157,-0.8660254037844386,0.50000000000000011,0.7818314824680298,0.62348980185873359
2026-07-28 21:00:00,1,-0.110475513241649,-0.60164186919928531,0.5,0,0.14999999999999999,0.53333333333333333,0.98066916999988751,55.52377566208245,-2.3951964166886177,13.111243193908283,0.001826908322571878,-0.0063417885151655848,0.00034181148209011525,0.0012885065185157529,0.0004246520727994361,-0.70710678118654768,0.70710678118654735,0.7818314824680298,0.62348980185873359
2026-07-28 22:00:00,1,-0.10301853666112322,-0.3846094669508856,0.5,0,0.14999999999999999,0.53333333333333333,0.85536763211784983,55.150926833056161,-2.4328466968080855,12.375425346455804,0.0018483839133459894,-0.0035593783356322878,-3.0514132623338242e-05,0.00068376071039999431,0.0004230241449200815,-0.50000000000000044,0.86602540378443837,0.7818314824680298,0.62348980185873359
2026-07-28 23:00:00,1,-0.11454451276278534,-0.15655809553048705,0.5,0,0.14999999999999999,0.53333333333333333,0.60688432950477589,55.727225638139267,-2.4623972083751275,11.526440844924027,0.0018494590086492102,-0.0013454157947038331,5.492476833790505e-05,0.00036622211780468206,0.00041972828378356042,-0.25881904510252157,0.96592582628906809,0.7818314824680298,0.62348980185873359
2026-07-29 00:00:00,1,-0.021845781815238895,-0.42368269305488498,0.5,0,-0.10000000000000001,0.53333333333333333,-0.55884363059090225,51.092289090761945,-2.4402105025712699,11.654810692736181,0.0018357265466549288,-0.0039403394605654132,-0.000360117316684061,-0.00033570668096949419,0.00042820058300315422,0,1,0.97492791218182362,-0.22252093395631434
2026-07-29 01:00:00,1,-0.083093084482372889,-0.31735008347702715,-1,0,-0.10000000000000001,0.53333333333333333,-0.069547798359549898,54.154654224118644,-2.4518704812991956,11.272913823931686,0.0017643633608229342,-0.0028311494469299078,0.00026857436008764779,-3.6618188258508155e-05,0.00042397528949440397,0.25881904510252074,0.96592582628906831,0.97492791218182362,-0.22252093395631434
2026-07-29 02:00:00,1,-0.10770760269558878,-0.13426428523124387,0.5,0,0.10000000000000001,0.53333333333333333,0.036451032239166001,55.385380134779439,-2.4978006365005836,10.918295302898944,0.0017578821414339202,-0.0011112448099282295,0.00010985054234513569,1.8307585748722488e-05,0.0004198050579788757,0.49999999999999994,0.86602540378443871,0.97492791218182362,-0.22252093395631434
2026-07-29 03:00:00,0.33333333333333331,0.11762688292790656,-0.81373588178708089,0.5,0,-0.10000000000000001,0.53333333333333333,-0.78651205688334003,44.118655853604672,-2.3934053900550869,12.2416590392661,0.0018217008018748273,-0.010391910065602548,-0.00097076420192188095,-0.00059233929948909747,0.00047580583444574545,0.70710678118654746,0.70710678118654757,0.97492791218182362,-0.22252093395631434
2026-07-29 04:00:00,0.33333333333333331,0.094996389111063881,-0.92609319985173677,0.5,0,-0.10000000000000001,0.53333333333333333,-0.87952949805366687,45.250180544446806,-2.388970948605281,13.470496794464175,0.0018458152248904075,-0.014953052835900024,9.162179749999666e-05,-0.0007692918620767486,0.00047621582600840864,0.8660254037844386,0.50000000000000011,0.97492791218182362,-0.22252093395631434
2026-07-29 05:00:00,0.33333333333333331,0.10022857066778997,-0.95645494236248718,0.5,0,-0.10000000000000001,0.53333333333333333,-0.92307575274699394,44.988571466610502,-2.386423084920934,14.816396986038448,0.0018288469104596925,-0.017495442284195431,-2.4431658544266099e-05,-0.00090357406296615039,0.00047428328110138662,0.96592582628906831,0.25881904510252074,0.97492791218182362,-0.22252093395631434
2026-07-29 06:00:00,0.33333333333333331,0.21507400889353689,-0.98689303376114157,0.5,0,-0.10000000000000001,0.53333333333333333,-0.69419832727674113,39.246299555323155,-2.3334462291924822,16.755658506153207,0.0020954546901161574,-0.024342954095682601,-0.00057431587728995481,-0.00050712573833422425,0.00047832063203132768,1,6.123233995736766e-17,0.97492791218182362,-0.22252093395631434
2026-07-29 07:00:00,0.33333333333333331,0.39337531245131885,-0.99818280987431696,0.5,0,-0.29999999999999999,0.53333333333333333,-0.98897469516682601,30.331234377434058,-2.1618960837493013,19.870166793562987,0.0029347666314092284,-0.04030288282821979,-0.0012291662481187515,-0.0018279137839529724,0.00054051804697564693,0.96592582628906831,-0.25881904510252063,0.97492791218182362,-0.22252093395631434
2026-07-29 08:00:00,-0.33333333333333331,-0.14199324719105988,-0.99881635765375121,0.5,0,-0.29999999999999999,0.53333333333333333,-0.95716593019310414,35.800675280894012,-2.1392603336441867,22.762210203300636,0.0032869765741616402,-0.043751206796370817,0.00042823933114988222,-0.0013752427942588241,0.00054528523900081725,0.86602540378443871,-0.49999999999999978,0.97492791218182362,-0.22252093395631434
2026-07-29 09:00:00,-0.33333333333333331,-0.11595518721609671,-0.99814515104724177,-1,0,-0.29999999999999999,0.53333333333333333,-0.67029486162942653,38.404481278390328,-2.1342630335547463,24.323182889851193,0.0033914523898701688,-0.041310632831140226,0.00021405091435600099,-0.00058687600261286832,0.00053922359666802317,0.70710678118654757,-0.70710678118654746,0.97492791218182362,-0.22252093395631434
2026-07-29 10:00:00,-0.33333333333333331,-0.016661502857862658,-0.97694053033448247,-1,0,0.29999999999999999,0.53333333333333333,0.96969324128731826,48.333849714213734,-2.0867176960760112,24.499711054308086,0.0032504269812283432,-0.027618493365479412,0.00094128008807903285,0.0015835703335849161,0.00058955372762888221,0.49999999999999994,-0.86602540378443871,0.97492791218182362,-0.22252093395631434
2026-07-29 11:00:00,-0.33333333333333331,-0.06474602386969068,-0.95468629517258363,-1,0,0.14999999999999999,0.53333333333333333,0.62025657924169308,43.525397613030933,-2.0758940354220705,24.653005980474084,0.0032521909329420052,-0.023610958348171278,-0.00059889389757117328,0.00055643710486386055,0.00059838706032326844,0.25881904510252102,-0.9659258262890682,0.97492791218182362,-0.22252093395631434
2026-07-29 12:00:00,-0.33333333333333331,-0.09827464131694541,-0.89288154675603648,-1,0,0.29999999999999999,0.53333333333333333,0.57650446540724143,45.08626793415273,-2.0812861362294233,25.089013773577541,0.0032467773937231441,-0.017916422921438704,0.00015892517713833598,0.00050131136764619555,0.0005991674442355269,1.2246467991473532e-16,-1,0.97492791218182362,-0.22252093395631434
2026-07-29 13:00:00,-0.33333333333333331,-0.019969821452284719,-0.6699814094290123,-1,0,-0.29999999999999999,0.53333333333333333,-0.1851570891206446,48.003017854771528,-2.0973115219437033,24.66336753808072,0.0031396334108554445,-0.0099543838577751051,0.00029944419714489356,-0.00014052452328794374,0.00060158941941288401,-0.25881904510252079,-0.96592582628906831,0.97492791218182362,-0.22252093395631434
2026-07-29 14:00:00,-0.33333333333333331,-0.028230728708119771,-0.40423418763437069,-1,0,0.29999999999999999,0.53333333333333333,0.4694245076863624,47.176927129188023,-2.1387553633439689,24.268124605119386,0.0031417568376680837,-0.0050501431176376704,-9.1657068198358616e-05,0.00036671230608487093,0.00052276515361053153,-0.49999999999999972,-0.86602540378443882,0.97492791218182362,-0.22252093395631434
2026-07-29 15:00:00,0.33333333333333331,0.056209818605473812,0.59735904453181821,-1,0,0.29999999999999999,0.53333333333333333,0.91009622855807215,55.620981860547381,-2.0953283093903985,22.616799928467561,0.0031771265116250715,0.0084771359521296843,0.00094061317807714317,0.0011484003070236781,0.00054971665474933494,-0.70710678118654713,-0.70710678118654791,0.97492791218182362,-0.22252093395631434
2026-07-29 16:00:00,0.33333333333333331,0.028445355269242682,0.81777887722484555,-1,0,0.29999999999999999,0.53333333333333333,0.64328784006416684,52.844535526924268,-2.1164683736151528,21.08342701443372,0.0031408882279053106,0.013853374534354451,-0.00028697646074160588,0.00056197964913717868,0.00054705007494328063,-0.86602540378443837,-0.50000000000000044,0.97492791218182362,-0.22252093395631434
2026-07-29 17:00:00,0.33333333333333331,0.091518391010106365,0.96876016313931934,-1,0,0.14999999999999999,0.53333333333333333,0.96200538226963794,59.151839101010637,-2.0979362609759065,20.129446595387453,0.0031841815144454722,0.02542210771259026,0.0008240727359511979,0.0014777094532867352,0.00057362906310220443,-0.96592582628906831,-0.25881904510252063,0.97492791218182362,-0.22252093395631434
2026-07-29 18:00:00,1,-0.14990918538362621,0.98729761392640669,-1,0,0.14999999999999999,0.53333333333333333,0.47456257880288016,57.49545926918131,-2.1351220125334436,19.252248189386354,0.003191348574997155,0.029869320761125473,-0.00016476022847378147,0.00037233604673581056,0.00057489043808828981,-1,-1.8369701987210297e-16,0.97492791218182362,-0.22252093395631434
2026-07-29 19:00:00,1,-0.18189020019023175,0.99464127026220928,-1,0,0.14999999999999999,0.53333333333333333,0.85191588061030576,59.094510009511588,-2.1784778868716388,18.609661421189042,0.003241458297144572,0.033508389635178749,0.00021357286119272345,0.00087288536867013988,0.00057675751428498678,-0.96592582628906842,0.2588190451025203,0.97492791218182362,-0.22252093395631434
2026-07-29 20:00:00,1,-0.049473833137218148,0.9830284687593186,-1,0,-0.14999999999999999,0.53333333333333333,-0.70862932479113228,52.473691656860908,-2.1698174872944698,17.464832266955995,0.0032256954895648958,0.02718404740559642,-0.00066527713686870271,-0.00061646450414976073,0.00059091191380881525,-0.8660254037844386,0.50000000000000011,0.97492791218182362,-0.22252093395631434
2026-07-29 21:00:00,-0.33333333333333331,0.30866809934940564,-0.50508335132680537,0.5,0,-0.14999999999999999,0.53333333333333333,-0.99890621901475873,34.566595032529719,-1.9356727555376541,19.120020421611304,0.0037205002555020764,-0.0080261346635563183,-0.0028614597062119884,-0.0033131639818879677,0.00086523550387063684,-0.70710678118654768,0.70710678118654735,0.97492791218182362,-0.22252093395631434
2026-07-29 22:00:00,-0.33333333333333331,-0.067442271463705905,-0.80421755788691995,0.5,0,-0.14999999999999999,0.53333333333333333,-0.98582234621994802,43.255772853629409,-1.8669821498786117,20.959186022118587,0.0036626213144980318,-0.017166221310813804,0.0011932700990309186,-0.0023334667440497725,0.00091561986409897911,-0.50000000000000044,0.86602540378443837,0.97492791218182362,-0.22252093395631434
2026-07-29 23:00:00,-0.33333333333333331,-0.090563278852503468,-0.94005428388908907,0.5,0,-0.14999999999999999,0.53333333333333333,-0.97887541447199256,40.943672114749653,-1.8695681309193777,22.244766080141087,0.0038405162049142908,-0.026806218031627173,-0.00047101860170783993,-0.0021392082088889097,0.00089747888606466343,-0.25881904510252157,0.96592582628906809,0.97492791218182362,-0.22252093395631434
2026-07-30 00:00:00,-0.33333333333333331,-0.10588416423980561,-0.97968395110913187,0.5,0,0.10000000000000001,0.53333333333333333,0.41097327918900067,39.411583576019439,-1.8897788605013457,23.790750334116773,0.0040594422456125207,-0.034597665755589521,-0.00031821603465420623,0.00040403546266887247,0.00089795723277265359,0,1,0.43388373911755823,-0.90096886790241903
2026-07-30 01:00:00,-0.33333333333333331,-0.10541499278110067,-0.98834855744709016,0.5,0,-0.10000000000000001,0.53333333333333333,-0.70663493591947424,39.458500721889934,-1.9283807574408351,24.86075127868256,0.0042282193580531176,-0.037360846955191443,6.1204941692594161e-06,-0.00078311414219278674,0.00089812503779100334,0.25881904510252074,0.96592582628906831,0.43388373911755823,-0.90096886790241903
2026-07-30 02:00:00,-0.33333333333333331,-0.25902736631817475,-0.99415453000315313,0.5,0,-0.10000000000000001,0.53333333333333333,-0.71644687460878065,37.048631684091262,-1.9429223932671356,26.280751159889451,0.0045315719250218992,-0.041784000100696217,-0.00047751107447435714,-0.00078960661495930395,0.00089570382914706044,0.49999999999999994,0.86602540378443871,0.43388373911755823,-0.90096886790241903
2026-07-30 03:00:00,-0.33333333333333331,-0.08912737881577612,-0.95975265750586991,0.5,0,0.10000000000000001,0.53333333333333333,0.60196859732982144,45.543631059211194,-1.8635471305602582,26.457995503067671,0.004467629676996575,-0.030136442733775984,0.0011321875989471764,0.00066079701864207863,0.00089427967154120838,0.70710678118654746,0.70710678118654757,0.43388373911755823,-0.90096886790241903
2026-07-30 04:00:00,-0.33333333333333331,-0.08063847606475108,-0.86570756601915422,0.5,0,0.10000000000000001,0.53333333333333333,0.64392858850608525,45.968076196762446,-1.8775141900430647,26.489943893466648,0.0044620892882163438,-0.020126063682049597,6.1162827699412503e-05,0.00071583935217223171,0.00088923005774634782,0.8660254037844386,0.50000000000000011,0.43388373911755823,-0.90096886790241903
2026-07-30 05:00:00,-0.33333333333333331,-0.091316678712266966,-0.71679339178120238,0.5,0,0.10000000000000001,0.53333333333333333,0.84544518593521656,45.434166064386652,-1.9243401928476283,26.519610255979984,0.0044873203267533435,-0.013152349453520423,-8.5629006266962904e-05,0.001107721420379626,0.00088800077878011137,0.96592582628906831,0.25881904510252074,0.43388373911755823,-0.90096886790241903
2026-07-30 06:00:00,-0.33333333333333331,-0.07878678314453566,-0.4430980823533231,0.5,0,0.10000000000000001,0.53333333333333333,0.063916436376024427,46.060660842773217,-1.9617161583298626,26.105482221862548,0.0044910238224039238,-0.00669447774166676,7.95128918342769e-05,5.5046713266726499e-05,0.0008597409472470331,1,6.123233995736766e-17,0.43388373911755823,-0.90096886790241903
2026-07-30 07:00:00,-0.33333333333333331,-0.087466128774317017,-0.17249691961171518,0.5,0,-0.29999999999999999,0.53333333333333333,-0.081343643118902756,45.626693561284149,-2.0029993613639201,25.845479873474815,0.0045222984579752282,-0.0023510066308792127,-6.1163201790392918e-05,-6.7279316223078922e-05,0.00085021261164689593,0.96592582628906831,-0.25881904510252063,0.43388373911755823,-0.90096886790241903
2026-07-30 08:00:00,-0.33333333333333331,-0.036963252836834784,0.30385211483338131,-1,0,0.29999999999999999,0.53333333333333333,0.36784384299221434,48.151837358158261,-2.0238232401002945,25.354834941459092,0.0045265845578105002,0.0041462901341409314,0.00029354925722646641,0.00031189894727035039,0.0008523069004094686,0.86602540378443871,-0.49999999999999978,0.43388373911755823,-0.90096886790241903
2026-07-30 09:00:00,0.33333333333333331,0.029555627306466263,0.81374572581336635,-1,0,0.29999999999999999,0.53333333333333333,0.77919641035817666,52.955562730646626,-2.0375100139190763,24.050690973418714,0.0045164158160779979,0.014834397016940504,0.00059906230205530875,0.00083144835749138224,0.00086084482136920013,0.70710678118654757,-0.70710678118654746,0.43388373911755823,-0.90096886790241903
2026-07-30 10:00:00,0.33333333333333331,0.071840118903588393,0.9673857237266078,0.5,0,0.29999999999999999,0.53333333333333333,0.94802452863219711,57.184011890358839,-2.0090696258865233,22.582818713179254,0.0045785608352504267,0.027491306012745881,0.0005925962302244514,0.0014852077895062266,0.00087084345854259294,0.49999999999999994,-0.86602540378443871,0.43388373911755823,-0.90096886790241903
2026-07-30 11:00:00,0.33333333333333331,0.029075149415464949,0.97493594193470456,0.5,0,0.14999999999999999,0.53333333333333333,0.69087391201248616,52.907514941546495,-2.008597531527208,21.219794471528328,0.0044390206980655152,0.029296523539946877,-0.00049482421005464516,0.00069683432222511499,0.00085051433683481972,0.25881904510252102,-0.9659258262890682,0.43388373911755823,-0.90096886790241903
2026-07-30 12:00:00,-0.33333333333333331,-0.10605862364964685,0.44791211346851345,1,0,-0.29999999999999999,0.53333333333333333,-0.97453616409871002,39.394137635035314,-1.8889168758438646,21.494964370008358,0.0045486456968314637,0.0072908426499842943,-0.0021103313098915777,-0.0020125592897217714,0.00096753718780152073,1.2246467991473532e-16,-1,0.43388373911755823,-0.90096886790241903
2026-07-30 13:00:00,-0.33333333333333331,-0.21591078629563881,-0.94156583702546082,1,0,-0.29999999999999999,0.53333333333333333,-0.99960327849989361,28.408921370436119,-1.5430945975502626,24.317466639465209,0.0056388651393280377,-0.037436564158834396,-0.0029742488955859514,-0.0055794044155321743,0.0011285962010191969,-0.25881904510252079,-0.96592582628906831,0.43388373911755823,-0.90096886790241903
2026-07-30 14:00:00,-0.33333333333333331,-0.37397115655241436,-0.99004883261224363,1,0,-0.29999999999999999,0.53333333333333333,-0.99794500269815789,31.301442172379282,-1.5072220385824155,26.938361603960857,0.0061469834979722597,-0.058684330413595054,0.00041754166812690841,-0.0046670385373506207,0.0011404148933454046,-0.49999999999999972,-0.86602540378443882,0.43388373911755823,-0.90096886790241903
2026-07-30 15:00:00,-0.33333333333333331,-0.31829738021622317,-0.99333922402382735,0.5,0,-0.29999999999999999,0.53333333333333333,-0.91559541784760656,34.085130989188841,-1.4923476128745099,29.410667164651471,0.0061701914357018073,-0.064095551696047748,0.00040509437411451188,-0.0021516128533445311,0.0011457156782344485,-0.70710678118654713,-0.70710678118654791,0.43388373911755823,-0.90096886790241903
2026-07-30 16:00:00,-0.33333333333333331,-0.78167064632291872,-0.99999019245845189,0.5,0,-0.29999999999999999,0.53333333333333333,-0.99999837080267429,10.916467683854066,-0.82374826687819669,33.45865841266167,0.0202913792338844,-0.26821764817256533,-0.019894925275361075,-0.019072289233119655,0.0045351266471875869,-0.86602540378443837,-0.50000000000000044,0.43388373911755823,-0.90096886790241903
2026-07-30 17:00:00,-1,-0.80272463436734942,-0.99999936522460486,0.5,0,-0.14999999999999999,0.53333333333333333,-0.9999961603764097,9.8637682816325309,-0.60002243130408783,37.507867067454043,0.029188521864425748,-0.41058809749520081,-0.0029339138615176452,-0.022423744762764208,0.0045365116692939059,-0.96592582628906831,-0.25881904510252063,0.43388373911755823,-0.90096886790241903
2026-07-30 18:00:00,-1,-0.72905783162596838,-0.9999998835415026,0.5,0,-0.14999999999999999,0.53333333333333333,-0.99999271510444021,13.547108418701583,-0.58565292717536521,41.267846532618393,0.034615084118518699,-0.46373504505319885,0.0012046984691593821,-0.021624140667719338,0.0045368366053669664,-1,-1.8369701987210297e-16,0.43388373911755823,-0.90096886790241903
2026-07-30 19:00:00,-1,-0.68993614665990721,-0.99999992926231329,0.5,0,-0.14999999999999999,0.53333333333333333,-0.31339307526784926,15.50319266700464,-0.61689419390460443,44.557191439229513,0.038493894577748849,-0.46292284087521735,0.00063313954692212349,-0.0010960758454361397,0.0045535216344667184,-0.96592582628906842,0.2588190451025203,0.43388373911755823,-0.90096886790241903
2026-07-30 20:00:00,-1,-0.72805413199511693,-0.99999972472420007,0.5,0,-0.14999999999999999,0.53333333333333333,-0.44881842719987836,13.597293400244155,-0.5175108706921151,47.745573624163228,0.042838704315070676,-0.47080121476639791,-0.0036476112830152729,-0.0018097732669337674,0.0045805093131594315,-0.8660254037844386,0.50000000000000011,0.43388373911755823,-0.90096886790241903
2026-07-30 21:00:00,-1,-0.73411290400448137,-0.99999972678112448,0.5,0,-0.14999999999999999,0.53333333333333333,-0.76750824419700936,13.294354799775931,-0.55886244838406107,50.706214224458826,0.04638336642847013,-0.4519443297509963,-0.00062916034338744709,-0.0036436320794805965,0.0045727130192579901,-0.70710678118654768,0.70710678118654735,0.43388373911755823,-0.90096886790241903
2026-07-30 22:00:00,-1,-0.56377300200004044,-0.99999688527438757,0.5,0,-0.14999999999999999,0.53333333333333333,-0.37861068107438334,21.811349899997978,-0.56259901161288195,52.609907466181006,0.048323659682053856,-0.38093375317157185,0.0028532124258848768,-0.0014235592005178432,0.0046675370860772385,-0.50000000000000044,0.86602540378443837,0.43388373911755823,-0.90096886790241903
2026-07-30 23:00:00,-1,-0.49747783668075529,-0.99996077381237591,0.5,0,0.14999999999999999,0.53333333333333333,0.75859710655732848,25.126108165962236,-0.60168291130513785,53.953973305213808,0.049257858561674875,-0.2969363830378795,0.001191663514932273,0.0034157155974297027,0.004669138633502358,-0.25881904510252157,0.96592582628906809,0.43388373911755823,-0.90096886790241903
2026-07-31 00:00:00,-1,-0.4619959445575344,-0.99942374982782967,0.5,0,0.10000000000000001,0,0.88909520696817046,26.900202772123279,-0.64332971434489694,55.069387791866895,0.049561444107931986,-0.21420541724061626,0.00063288563488317351,0.0046777615757003232,0.0046791669843034393,0,1,-0.43388373911755801,-0.90096886790241915
2026-07-31 01:00:00,-1,-0.45428021374571442,-0.99145337773942011,0.5,0,0.10000000000000001,0,0.53857719368144774,27.285989312714278,-0.65750222933083102,55.767017184868905,0.049397262799130308,-0.14122229871087144,0.00013153979880797806,0.0019560889486234245,0.0046821314419249072,0.25881904510252074,0.96592582628906831,-0.43388373911755801,-0.90096886790241915
2026-07-31 02:00:00,-1,-0.27124406883268276,-0.6963857170722394,0.5,0,0.10000000000000001,0,0.84646125590261145,36.437796558365861,-0.64260738939714324,55.355384021058924,0.04831158201741477,-0.045242137277511474,0.0033265831932638434,0.004091008626954995,0.0047835064877182953,0.49999999999999994,0.86602540378443871,-0.43388373911755801,-0.90096886790241915
2026-07-31 03:00:00,-1,-0.16689232396303011,0.72741399774159743,0.5,0,0.10000000000000001,0,0.93721971998589881,41.655383801848494,-0.64015474855053422,53.903158200477584,0.046686114867542206,0.048672805290471466,0.0021887509478411005,0.005646873939912922,0.0048335172882252855,0.70710678118654746,0.70710678118654757,-0.43388373911755801,-0.90096886790241915
2026-07-31 04:00:00,-1,-0.11146677324688298,0.98496250232858795,0.5,0,0.10000000000000001,0,0.96964787460469082,44.426661337655851,-0.65754001808962215,52.427252780437414,0.044568272841416803,0.12649509447419904,0.0012325698771613602,0.0067479040182663041,0.0048503622500026657,0.8660254037844386,0.50000000000000011,-0.43388373911755801,-0.90096886790241915
2026-07-31 05:00:00,-1,-0.15986744656072133,0.99695226654823599,0.5,0,0.10000000000000001,0,0.57066943941847725,42.006627671963933,-0.68778778503105065,51.0567691761144,0.041875830132512608,0.16299570291408094,-0.0013883054633696545,0.0020330153616328062,0.0048391603646244005,0.96592582628906831,0.25881904510252074,-0.43388373911755801,-0.90096886790241915
2026-07-31 06:00:00,-1,-0.1310075487800634,0.9991294228188069,0.5,0,0.10000000000000001,0,0.14429508540394473,43.449622560996829,-0.70219807546258395,49.45568916414723,0.038352625023151066,0.19173341243294417,0.00060411861245857068,0.00044838302625027637,0.0048393560121850745,1,6.123233995736766e-17,-0.43388373911755801,-0.90096886790241915
2026-07-31 07:00:00,-1,-0.10925112032526173,0.99971965131220619,0.5,0,-0.29999999999999999,0,-0.1145842157188679,44.537443983736914,-0.73837849233963337,47.968972010177716,0.034261018397346236,0.21200275059082285,0.000441958693394362,-0.00034222815751672186,0.0048486461145564709,0.96592582628906831,-0.25881904510252063,-0.43388373911755801,-0.90096886790241915
2026-07-31 08:00:00,-1,-0.13031263906923043,0.99983608583230055,1,0,0.29999999999999999,0,0.18338855097457055,43.484368046538478,-0.78033315504597134,46.613104370789472,0.030234119522302969,0.21559060805924124,-0.00051667523753984312,0.00052940206831308956,0.0048410700286810639,0.86602540378443871,-0.49999999999999978,-0.43388373911755801,-0.90096886790241915
2026-07-31 09:00:00,-1,-0.20606343240157812,0.99943066216029586,1,0,-0.29999999999999999,0,-0.59243170994674399,39.696828379921094,-0.74650378796972372,46.157315077096847,0.026691681937107761,0.19349295323263249,-0.0019383535055483847,-0.0020130700496938658,0.0048224952845900386,0.70710678118654757,-0.70710678118654746,-0.43388373911755801,-0.90096886790241915
2026-07-31 10:00:00,-1,-0.22522529006299891,0.99855946283993946,1,0,-0.29999999999999999,0,-0.76542953131461133,38.738735496850055,-0.75149201899726981,45.640377340881734,0.021850979155307915,0.17062774792545754,-0.00051170367234298908,-0.0029667324154312169,0.0048147773658995035,0.49999999999999994,-0.86602540378443871,-0.43388373911755801,-0.90096886790241915
2026-07-31 11:00:00,-1,-0.44834607251019437,0.84625417580791074,1,0,-0.14999999999999999,0,-0.99378220282864405,27.582696374490283,-0.54736490254640202,46.598227477518684,0.015287607982830275,0.071892902941902648,-0.0079965331793516725,-0.010446590357243046,0.0050614736072814685,0.25881904510252102,-0.9659258262890682,-0.43388373911755801,-0.90096886790241915
2026-07-31 12:00:00,-1,-0.14942145938121143,0.84704140583706267,1,0,-0.29999999999999999,0,-0.41906249729921963,42.528927030939428,-0.43860045459157943,47.487659747252991,0.015284443535504871,0.080332662221989981,0.0067098773696079306,-0.001798359482086731,0.0029658596849986819,1.2246467991473532e-16,-1,-0.43388373911755801,-0.90096886790241915
2026-07-31 13:00:00,-1,-0.15118466699127922,0.88442910481852366,1,0,-0.29999999999999999,0,-0.33543682671562702,42.440766650436039,-0.47962700466828478,48.179065360924945,0.014886953483082976,0.086398789700000478,-6.2501171917972442e-05,-0.0013491569816617144,0.0028805862140740359,-0.25881904510252079,-0.96592582628906831,-0.43388373911755801,-0.90096886790241915
2026-07-31 14:00:00,-1,-0.097059865768158324,0.94377359227520208,1,0,0.29999999999999999,0,0.97359536950589098,45.147006711592084,-0.52109422583328724,48.500232032737841,0.014732168445530845,0.10520413434663989,0.0013803659224018716,0.0080277421200918297,0.0028840028846028524,-0.49999999999999972,-0.86602540378443882,-0.43388373911755801,-0.90096886790241915
2026-07-31 15:00:00,-0.33333333333333331,-0.057798823750495956,0.97670749789419697,1,0,0.29999999999999999,0,0.5731180436024178,47.110058812475202,-0.55870186416322432,48.278995092292206,0.01472200833684122,0.12700334260615931,0.0010106430296135116,0.0023285077800974108,0.0028880004414822951,-0.70710678118654713,-0.70710678118654791,-0.43388373911755801,-0.90096886790241915
2026-07-31 16:00:00,-1,-0.22075290139076911,0.86464398217161731,1,0,-0.29999999999999999,0,-0.6558454272206814,38.962354930461544,-0.45972931354942248,48.905598464055331,0.013875627989629104,0.082812641716862312,-0.0054959793952749081,-0.0031049704432595249,0.0030446409320254689,-0.86602540378443837,-0.50000000000000044,-0.43388373911755801,-0.90096886790241915
2026-07-31 17:00:00,-1,-0.26084798549565846,0.54999337580607244,1,0,-0.14999999999999999,0,-0.91160932418485707,36.957600725217077,-0.45718227449477561,49.638876897250228,0.013095676507389804,0.039146951569050903,-0.0016063454084092044,-0.0060916817740706009,0.0030657098677520371,-0.96592582628906831,-0.25881904510252063,-0.43388373911755801,-0.90096886790241915
2026-07-31 18:00:00,-1,-0.27219053924684461,0.15399314201904576,0.5,0,-0.14999999999999999,0,-0.95801068339185458,36.39047303765777,-0.46477797042648911,50.350067388492072,0.013423068843484303,0.0097525819357536792,-0.00045224995117632005,-0.0075545747548604325,0.0029983638298360588,-1,-1.8369701987210297e-16,-0.43388373911755801,-0.90096886790241915
2026-07-31 19:00:00,-1,-0.21608703554635411,0.13627791996304059,0.5,0,-0.14999999999999999,0,-0.20816260826080377,39.195648222682294,-0.50885499433248194,51.010458558930928,0.01364536914916562,0.0082440950628183129,0.0012620199642592311,-0.00079657539532629329,0.0029999454038358128,-0.96592582628906842,0.2588190451025203,-0.43388373911755801,-0.90096886790241915
2026-07-31 20:00:00,-1,-0.34873268162644905,-0.58191987162687464,0.5,0,-0.14999999999999999,0,-0.80740369509168441,32.563365918677547,-0.42351422520102294,52.205363373388529,0.015859953833598416,-0.043563949959163795,-0.0054235117652110532,-0.0046137417521281421,0.0032244086133020305,-0.8660254037844386,0.50000000000000011,-0.43388373911755801,-0.90096886790241915
2026-07-31 21:00:00,-1,-0.24551862154180412,-0.57942847646774998,0.5,0,-0.14999999999999999,0,-0.383334439135737,37.724068922909794,-0.40661102839345675,53.314917843956302,0.016835444166047275,-0.044056278754384781,0.0024700238766746097,-0.0016914679242772124,0.0032848206977603043,-0.70710678118654768,0.70710678118654735,-0.43388373911755801,-0.90096886790241915
2026-07-31 22:00:00,-1,-0.1769762591184933,-0.29458572000841726,-1,0,-0.14999999999999999,0,-0.29036837704857782,41.151187044075336,-0.43764807077387469,54.033942557113036,0.017251119892248565,-0.019597720248397676,0.0017417280202840502,-0.0012117598682523933,0.0032126193862200693,-0.50000000000000044,0.86602540378443837,-0.43388373911755801,-0.90096886790241915
2026-07-31 23:00:00,-1,-0.37944707363906022,-0.86894052670769373,-1,0,-0.14999999999999999,0,-0.8299705316031637,31.02764631804699,-0.32779121458684368,55.372015273994755,0.020658546061141682,-0.095737350044543312,-0.0096267791407553815,-0.0054150272437967217,0.0037661824088839786,-0.25881904510252157,0.96592582628906809,-0.43388373911755801,-0.90096886790241915
2026-08-03 00:00:00,-1,-0.39653558290915697,-0.96662556325435589,-1,0,-0.10000000000000001,0,-0.96401792744580328,30.173220854542151,-0.34878020212779465,56.749135307900815,0.023188514706758534,-0.14380074724292546,-0.0010344642493356204,-0.0089195153698069518,0.0037323209479450613,0,1,0,1
2026-08-03 01:00:00,-1,-0.41525956527484142,-0.98647470271025395,-1,0,-0.10000000000000001,0,-0.99100274489818907,29.23702173625793,-0.37042967063210563,58.079258871356842,0.025596255190379769,-0.17224882171265499,-0.0011181703833402779,-0.01177941377343128,0.0037314128537220309,0.25881904510252074,0.96592582628906831,0,1
2026-08-03 02:00:00,-1,-0.34527837948690321,-0.97839309657671636,-1,0,-0.10000000000000001,0,-0.092763508459536695,32.73608102565484,-0.35854517338922548,58.375985506102673,0.026484088911027815,-0.15780055821112304,0.0017402464871150158,-0.00041238814556088244,0.0037657394355896058,0.49999999999999994,0.86602540378443871,0,1
2026-08-03 03:00:00,-1,-0.49006913503427796,-0.9912504050025347,-1,0,-0.10000000000000001,0,-0.92538147664666159,25.496543248286102,-0.17597061107841272,59.409835389519749,0.030284156275830799,-0.22758709028843316,-0.0093143725448889825,-0.0086922964411142445,0.0041844020840630936,0.70710678118654746,0.70710678118654757,0,1
2026-08-03 04:00:00,-1,-0.43531927738276066,-0.99252651363905209,-1,0,-0.10000000000000001,0,-0.80727938031871216,28.234036130861966,-0.16072606812991644,60.369838852692752,0.032240403938378105,-0.2378223778213131,0.0014976769609917895,-0.0060764490967821772,0.0042317487613226911,0.8660254037844386,0.50000000000000011,0,1
2026-08-03 05:00:00,-1,-0.40514272903698356,-0.98983089048134654,-1,0,-0.10000000000000001,0,-0.87180409867255693,29.742863548150822,-0.19776921226475885,60.879072076786372,0.033515383674144895,-0.2164819930104811,0.00081190370296102543,-0.0070047918809361676,0.0042558444355539652,0.96592582628906831,0.25881904510252074,0,1
2026-08-03 06:00:00,-1,-0.39618193443790944,-0.98054252927004437,-1,0,0.10000000000000001,0,0.465884850750096,30.190903278104528,-0.24022888492638764,61.323194356769555,0.03415133222728528,-0.18178328788769005,0.00023002607063560276,0.0025396067345884177,0.0042653875268803152,1,6.123233995736766e-17,0,1
2026-08-03 07:00:00,-1,-0.40324022440653634,-0.96187609484536618,-1,0,0.29999999999999999,0,0.13513219952922512,29.837988779673182,-0.2972686536791288,61.735593616753938,0.035728914612045387,-0.14637062001649503,-0.00039618892339543521,0.00064574085020119298,0.0039516292946836073,0.96592582628906831,-0.25881904510252063,0,1
2026-08-03 08:00:00,-1,-0.41042276916152276,-0.92139200412472821,-1,0,-0.29999999999999999,0,-0.12220596436553302,29.478861541923862,-0.35637117072911395,62.123059564053285,0.0358669162685347,-0.1119056011144357,-0.00038355814572366143,-0.00054972099848349387,0.0035406007717185516,0.86602540378443871,-0.49999999999999978,0,1
2026-08-03 09:00:00,-1,-0.30550842937603589,-0.63885466104343347,-1,0,0.29999999999999999,0,0.34825491872956504,34.724578531198205,-0.3741985323366514,61.606288650464457,0.034967605856796813,-0.052016977198484637,0.0023756924307489768,0.0015959453616298802,0.0036206689783199303,0.70710678118654757,-0.70710678118654746,0,1
2026-08-03 10:00:00,-1,-0.30354348234484435,-0.037878909361496044,-1,0,0.29999999999999999,0,0.44791194869704054,34.822825882757783,-0.41292956767010974,61.126429944989113,0.033055334727956423,-0.0025076809042677839,4.4649833687238072e-05,0.0020367841187125535,0.0035862847381581287,0.49999999999999994,-0.86602540378443871,0,1
2026-08-03 11:00:00,-1,-0.24474470886061098,0.6545399813707925,0.5,0,0.14999999999999999,0,0.71850883351207495,37.762764556969451,-0.43925657020881093,60.206468715979852,0.029771996103428049,0.050478490079767346,0.0013003488551541764,0.0037206911195903913,0.0035957602480421553,0.25881904510252102,-0.9659258262890682,0,1
2026-08-03 12:00:00,-1,-0.21353614863142553,0.91590822737804078,0.5,0,0.29999999999999999,0,0.47462254888508199,39.323192568428723,-0.48095478808722608,58.961935638859558,0.027872605255355246,0.096624729706489942,0.00068773603836547181,0.0020327347272068863,0.0034582832238325674,1.2246467991473532e-16,-1,0,1
2026-08-03 13:00:00,-1,-0.26223054326237788,0.95217780138092967,0.5,0,0.29999999999999999,0,0.079242597080619315,36.888472836881107,-0.50341183255419197,58.000959278257902,0.026238108229070932,0.11210437249135263,-0.0016819682989721585,0.00030611659454748974,0.0034592988474912724,-0.25881904510252079,-0.96592582628906831,0,1
2026-08-03 14:00:00,-1,-0.29105871534176031,0.95850434826803055,1,0,-0.29999999999999999,0,-0.49033854766793666,35.447064232911984,-0.52617587852727055,57.201428905830738,0.024401085347826236,0.11386902886465067,-0.0010271362624028058,-0.0020213685230094924,0.0034589652387175818,-0.49999999999999972,-0.86602540378443882,0,1
2026-08-03 15:00:00,-1,-0.2401683535160376,0.9768683845158147,1,0,-0.29999999999999999,0,-0.43771442229441193,37.99158232419812,-0.56046836539844636,56.459007845719803,0.021215591578971141,0.12697937779948509,0.0010016301249873294,-0.0017074744363876349,0.0034513077925903629,-0.70710678118654713,-0.70710678118654791,0,1
2026-08-03 16:00:00,-1,-0.30790857535656441,0.96293050437108374,1,0,-0.29999999999999999,0,-0.56642746912959296,34.604571232171779,-0.56233940673345051,56.070593555413438,0.019974504814280262,0.11310294166568058,-0.0023110031863238234,-0.0023365093237392998,0.0032989104259762954,-0.86602540378443837,-0.50000000000000044,0,1
2026-08-03 17:00:00,-1,-0.27477524826887517,0.96270692157516624,1,0,-0.14999999999999999,0,-0.18686322860268806,36.261237586556241,-0.56936738562154698,55.785020732451351,0.016924282844493592,0.11213747805726981,0.00062615809342414508,-0.00068321496791234892,0.0032322300223043407,-0.96592582628906831,-0.25881904510252063,0,1
2026-08-03 18:00:00,-1,-0.14418078223992112,0.98615584682843271,1,0,0.14999999999999999,0,0.25510402620853023,42.790960888003944,-0.58039480308234481,54.597523942345582,0.010692154204257308,0.13897050021396851,0.0026153978828711288,0.00093055278997145052,0.0032732053747962292,-1,-1.8369701987210297e-16,0,1
2026-08-03 19:00:00,-1,-0.1617740964295605,0.99184760225570423,0.5,0,0.14999999999999999,0,0.6562672674622082,41.911295178521975,-0.60346244488273648,53.494848351533086,0.0095354686248514311,0.15036068151726745,-0.00049703690566360592,0.002744519070631668,0.0025101400678727665,-0.96592582628906842,0.2588190451025203,0,1
2026-08-03 20:00:00,-1,-0.11951340072309663,0.99648799985411496,0.5,0,0.14999999999999999,0,0.71432855105944593,44.024329963845169,-0.6558663978906395,52.258792351732104,0.0087268660407836401,0.16459732188340936,0.00084736319040601416,0.0029657241676135371,0.0025141231055444374,-0.8660254037844386,0.50000000000000011,0,1
2026-08-03 21:00:00,-1,-0.17832390729867911,0.99546242094743664,0.5,0,-0.14999999999999999,0,-0.35216337399051323,41.083804635066045,-0.67139983736002495,51.426407393363618,0.008101476301256641,0.1555011672455322,-0.0015487328026706493,-0.001198406517928241,0.0025246932271488815,-0.70710678118654768,0.70710678118654735,0,1
2026-08-03 22:00:00,-1,-0.12186900620427835,0.99688598716212151,0.5,0,0.14999999999999999,0,0.12191267196245541,43.906549689786083,-0.71394685733478369,50.653478503450025,0.006530451509077384,0.1582595807291568,0.0010837276187203315,0.0003823580064556964,0.0025027344916479918,-0.50000000000000044,0.86602540378443837,0,1
2026-08-03 23:00:00,-0.33333333333333331,-0.052846379480605776,0.99845738366958947,0.5,0,0.14999999999999999,0,0.29119478808832344,47.357681025969711,-0.74050859996480234,49.022556227903678,0.0061178067013533425,0.17087851419585598,0.0013752795703849685,0.00091027438643465075,0.0013128211849024042,-0.25881904510252157,0.96592582628906809,0,1
2026-08-04 00:00:00,-0.33333333333333331,-0.046107682139008975,0.99925701718674209,0.5,0,0.10000000000000001,0,0.72219420013167435,47.694615893049551,-0.80706369904234898,47.508128400610644,0.0061347970913093273,0.17618241407028012,0.00013360690958474919,0.0025926140986900492,0.0012842291302001432,0,1,0.7818314824680298,0.62348980185873359
2026-08-04 01:00:00,-0.33333333333333331,0.0091789913116349445,0.999624409180915,0.5,0,0.10000000000000001,0,0.73526081516961672,50.458949565581747,-0.83715598034622296,45.261572102131268,0.0066231166101079339,0.18573062995832079,0.0010809230863033648,0.0025898095662730825,0.0012916529311370959,0.25881904510252074,0.96592582628906831,0.7818314824680298,0.62348980185873359
2026-08-04 02:00:00,-0.33333333333333331,0.066085054741351859,0.99979270243802487,0.5,0,0.10000000000000001,0,0.69888154019223825,53.304252737067593,-0.84127920305909931,42.494326916408703,0.007430771533772561,0.19778106193374989,0.0011559299853622917,0.0023704599812504057,0.0013063581132051289,0.49999999999999994,0.86602540378443871,0.7818314824680298,0.62348980185873359
2026-08-04 03:00:00,-0.33333333333333331,0.052493175182311946,0.99981115585874158,0.5,0,0.10000000000000001,0,0.62993451425237001,52.624658759115597,-0.85902262695522236,40.010667606235423,0.0077426501982506748,0.1962774618332192,-0.00024123767741546231,0.0019956153942501942,0.0013023144629695062,0.70710678118654746,0.70710678118654757,0.7818314824680298,0.62348980185873359
2026-08-04 04:00:00,-0.33333333333333331,0.089345134587337893,0.99985759334277402,0.5,0,0.10000000000000001,0,0.55481968316349295,54.467256729366895,-0.89308243771896167,37.490781576977504,0.0079409337716405334,0.19548257174884626,0.00071084936795440257,0.001625541675901232,0.0012936341559159443,0.8660254037844386,0.50000000000000011,0.7818314824680298,0.62348980185873359
2026-08-04 05:00:00,-0.33333333333333331,0.12406843056592123,0.99990331238166308,0.5,0,0.10000000000000001,0,0.43023252040051035,56.203421528296062,-0.93866517409680028,34.876400812550834,0.0087668740798032586,0.19434510651831727,0.00067230304370990979,0.00114191473424885,0.0012090968424530977,0.96592582628906831,0.25881904510252074,0.7818314824680298,0.62348980185873359
2026-08-04 06:00:00,-0.33333333333333331,0.096045190686079418,0.99984422186031541,0.5,0,0.10000000000000001,0,0.37638165392973821,54.802259534303971,-0.95712298543166641,32.812234342329219,0.0092369391736368753,0.18163295964359724,-0.00041855067927976108,0.00096460173238455127,0.0012186728206700411,1,6.123233995736766e-17,0.7818314824680298,0.62348980185873359
2026-08-04 07:00:00,-0.33333333333333331,0.04910157201631847,0.99962471042834433,0.5,0,-0.29999999999999999,0,-0.18654364027437861,52.455078600815924,-0.99194821406244416,30.895508334266292,0.0095470235992604104,0.159110462834545,-0.00069797400025173317,-0.00044422163582158447,0.0012123679622624407,0.96592582628906831,-0.25881904510252063,0.7818314824680298,0.62348980185873359
2026-08-04 08:00:00,-0.33333333333333331,0.11133110641203914,0.99947046771640791,0.5,0,-0.29999999999999999,0,-0.02488082642168081,55.566555320601957,-1.0170793135077123,28.870899509149424,0.010095311085273145,0.14893454319205618,0.0010594599014819295,-5.7064778049564779e-05,0.0012233871698347359,0.86602540378443871,-0.49999999999999978,0.7818314824680298,0.62348980185873359
2026-08-04 09:00:00,-0.33333333333333331,0.097894510825231429,0.99903918411080972,0.5,0,0.29999999999999999,0,0.079547755170653545,54.894725541261572,-1.0462681132201779,26.881648156029918,0.010324751936754896,0.13418294338863518,-0.00018389755055903123,0.00017758835067116507,0.0011456863931317935,0.70710678118654757,-0.70710678118654746,0.7818314824680298,0.62348980185873359
2026-08-04 10:00:00,-0.33333333333333331,0.14836745534248366,0.99881674242210694,0.5,0,0.29999999999999999,0,0.65734497928867663,57.418372767124183,-1.0712334917919868,25.145662458101928,0.010396459209121816,0.12730551294779208,0.00083677769418422088,0.0017123400451071191,0.0011097037778059712,0.49999999999999994,-0.86602540378443871,0.7818314824680298,0.62348980185873359
2026-08-04 11:00:00,-0.33333333333333331,0.071315058773221973,0.99844401754944045,0.5,0,0.14999999999999999,0,0.27577264453542949,57.131505877322198,-1.1240149703988744,23.533675738597363,0.010517026095921733,0.11630790464234306,-6.9704737098774672e-05,0.00058317540652641497,0.0011031961628425839,0.25881904510252102,-0.9659258262890682,0.7818314824680298,0.62348980185873359
2026-08-04 12:00:00,-0.33333333333333331,0.0933911099004225,0.99829678699091595,0.5,0,0.29999999999999999,0,0.62899726042105819,59.339110990042251,-1.1595820030330712,22.568009747729903,0.009841209716509338,0.11082502721693775,0.00070316140450810138,0.0014702343615935476,0.00091609924925003855,1.2246467991473532e-16,-1,0.7818314824680298,0.62348980185873359
2026-08-04 13:00:00,-0.33333333333333331,0.067314187203380976,0.99623720369870128,0.5,0,0.29999999999999999,0,0.026168216324537936,56.731418720338098,-1.1853323415555932,21.510831175950237,0.0089229572828682935,0.095878519354088698,-0.00058276536475876384,5.0691302650562875e-05,0.00094416464464871575,-0.25881904510252079,-0.96592582628906831,0.7818314824680298,0.62348980185873359
2026-08-04 14:00:00,-1,-0.020289048310750957,0.95146901852912813,0.5,0,-0.29999999999999999,0,-0.78405195504990677,47.971095168924904,-1.1449450658416058,20.915934063470687,0.0085030463678654449,0.058781339790255897,-0.0022519031746686125,-0.0021315071349192749,0.00097047301144286122,-0.49999999999999972,-0.86602540378443882,0.7818314824680298,0.62348980185873359
2026-08-04 15:00:00,-1,-0.0053746133687275236,0.8165828168729502,0.5,0,-0.29999999999999999,0,-0.83764645644073354,49.462538663127248,-1.1504008496111651,20.597756366172831,0.0078382746843680823,0.036287052699172581,0.0004000038148932461,-0.0024346647245341302,0.00095925184642008793,-0.70710678118654713,-0.70710678118654791,0.7818314824680298,0.62348980185873359
2026-08-04 16:00:00,-1,-0.028259291227263148,0.40467852833228307,0.5,0,-0.29999999999999999,0,-0.84103815027653595,47.174070877273685,-1.1417520734066688,20.57571688525233,0.0073677549211032594,0.013703596332646686,-0.00062864928204042769,-0.002480548641815794,0.00096385481046331993,-0.86602540378443837,-0.50000000000000044,0.7818314824680298,0.62348980185873359
